clip_sim,is_fake
0.26130134,0
0.29458904,0
0.25416923,0
0.22102061,0
0.28348136,0
0.23776081,1
0.29935163,1
0.3004715,0
0.33823252,0
0.32302094,0
0.25133392,1
0.29816484,1
0.33633763,0
0.3428354,0
0.32509542,0
0.34382454,0
0.24640393,1
0.3103231,1
0.2694915,1
0.23046313,1
0.2644042,0
0.27487922,1
0.2762377,1
0.25208944,0
0.3025958,0
0.36931926,0
0.23300242,1
0.22659704,0
0.31201428,0
0.35045028,0
0.30970484,0
0.2365064,1
0.33830446,1
0.28395042,1
0.29168183,1
0.21979812,1
0.32605943,1
0.3316663,0
0.28075355,1
0.17649668,1
0.30262136,0
0.2452012,1
0.10447236,1
0.22146419,1
0.3101138,0
0.2802205,0
0.30043846,1
0.2728487,1
0.28166386,0
0.26466912,1
0.29209548,0
0.32506427,0
0.30961418,0
0.29178733,0
0.36426312,0
0.24244803,1
0.27569503,1
0.32740813,0
0.3406262,0
0.32971036,0
0.3307138,0
0.18621564,1
0.36299053,0
0.27612388,1
0.29419965,0
0.21827006,1
0.20744362,1
0.27609086,0
0.24542294,0
0.35922486,0
0.27852333,1
0.36105493,1
0.32987845,1
0.29641727,0
0.3208393,0
0.31075397,0
0.31631324,0
0.2777285,0
0.3299632,0
0.3008498,0
0.36168396,0
0.3159038,0
0.25532514,0
0.2803421,1
0.24167071,1
0.2506414,1
0.2654261,0
0.28967583,1
0.33276314,1
0.35188657,1
0.3318463,1
0.28550655,0
0.32175732,0
0.2849551,0
0.2676931,1
0.40662628,1
0.281576,0
0.2677529,1
0.25741082,0
0.38768518,1
0.23417568,1
0.3369254,0
0.23531216,1
0.31960785,0
0.29843733,0
0.31624812,1
0.22274736,1
0.2832716,0
0.18207414,1
0.26367038,0
0.26051205,1
0.20310219,0
0.22080478,0
0.30429405,0
0.2905296,0
0.2535709,0
0.2748629,1
0.25859225,1
0.24951167,1
0.36068732,1
0.27009034,1
0.295838,0
0.18771183,1
0.27863434,0
0.35294038,1
0.36883557,1
0.2191954,1
0.23728204,1
0.24079056,0
0.22813609,1
0.2213851,1
0.28399894,0
0.34106225,0
0.26876986,0
0.3577388,1
0.09977058,1
0.28229177,0
0.27219173,0
0.3054049,0
0.31560117,0
0.2954285,1
0.27172512,1
0.26988623,0
0.31040153,0
0.29924184,0
0.31554517,1
0.25767684,0
0.3094538,0
0.24248433,1
0.2762272,0
0.2835588,0
0.33743382,0
0.29899493,0
0.30622488,1
0.3116211,0
0.3701123,0
0.24369535,0
0.23703033,0
0.20772357,1
0.30819106,0
0.2611896,0
0.12832847,1
0.26268178,0
0.27907127,0
0.21093641,1
0.2405379,0
0.26932186,1
0.3442992,0
0.14317343,1
0.3212781,1
0.30331928,0
0.2530014,1
0.20015179,1
0.2865439,0
0.33567366,1
0.32696277,0
0.3459111,1
0.22385043,1
0.2393495,0
0.31479317,1
0.28912318,1
0.34225386,1
0.2849142,1
0.1861696,1
0.30048138,0
0.3368874,0
0.2849219,0
0.29866546,0
0.28720474,0
0.19305009,1
0.23178944,1
0.19649276,1
0.33973467,0
0.28727362,1
0.3019625,1
0.298217,0
0.27845472,0
0.18767625,1
0.32367986,0
0.2714433,0
0.26588503,0
0.3378391,0
0.209959,1
0.32368883,0
0.32689238,0
0.20627907,1
0.24417862,1
0.3329364,1
0.25082648,1
0.24134623,1
0.3171019,0
0.31542665,1
0.28963116,0
0.26019597,1
0.2663637,0
0.28668064,1
0.3361965,0
0.3111518,1
0.19360295,1
0.22857001,1
0.23513052,1
0.26968834,0
0.2885664,0
0.31769013,1
0.20984751,1
0.38277483,1
0.24064259,1
0.28635138,0
0.28448483,0
0.2956699,0
0.25001723,1
0.21995252,1
0.25525868,0
0.37210268,0
0.24208626,1
0.18398635,1
0.23593095,1
0.22722726,0
0.30945936,0
0.21710226,1
0.1612437,1
0.18674703,1
0.2709582,0
0.31720155,0
0.25647783,0
0.34112442,0
0.30565044,0
0.30392128,1
0.20993966,1
0.2512347,0
0.2797681,1
0.3000449,0
0.23564872,1
0.2553026,0
0.27972168,0
0.19974867,1
0.33418208,0
0.33199984,1
0.30873865,1
0.19523413,1
0.27381897,0
0.19608618,1
0.33360577,0
0.3526671,0
0.30155808,0
0.24041685,0
0.2382465,1
0.25874624,0
0.1831956,0
0.287155,0
0.33902258,0
0.2197046,0
0.3039962,0
0.3354919,0
0.26889798,0
0.2543456,1
0.23754606,1
0.19643873,1
0.26855713,1
0.33783224,0
0.3226279,1
0.30598778,0
0.23645645,1
0.400494,1
0.21412332,1
0.32770526,0
0.3185795,0
0.2358223,1
0.3295233,0
0.31530976,1
0.24705411,1
0.24613968,0
0.27090394,1
0.30841976,0
0.19421417,1
0.3149813,0
0.2968927,0
0.24669175,1
0.19330253,1
0.22290105,1
0.34523225,0
0.23911941,1
0.1725753,0
0.31897622,0
0.30617505,0
0.25771886,1
0.2640118,0
0.24955088,1
0.31728804,0
0.22279012,0
0.3763438,1
0.36259764,0
0.29242373,1
0.21652642,0
0.21289769,1
0.33168814,1
0.21343726,1
0.25250277,0
0.31036854,1
0.35377622,1
0.31734362,1
0.31001687,1
0.26416487,0
0.29123545,0
0.30115476,1
0.34327766,0
0.28411597,1
0.1787856,1
0.30948406,0
0.33951443,0
0.28575706,1
0.2644828,1
0.2708406,1
0.29461682,0
0.1600702,1
0.39063382,0
0.28557763,0
0.2844969,1
0.3340041,0
0.3622753,0
0.38554123,1
0.19506937,1
0.30427435,0
0.261164,1
0.27537924,0
0.28367084,0
0.32037258,0
0.25630113,1
0.28340906,1
0.3419143,0
0.23662432,1
0.2561604,0
0.2895983,1
0.2842093,1
0.24434906,1
0.3164097,0
0.3265592,1
0.33637184,0
0.21019916,1
0.32059735,0
0.28105462,0
0.31348023,0
0.3086417,0
0.2974842,1
0.31676528,1
0.38093042,0
0.21073715,1
0.3162766,1
0.23351598,0
0.30129173,0
0.36582494,1
0.3233304,0
0.2888669,0
0.26047122,1
0.27506033,0
0.26053065,1
0.2605633,1
0.23674683,0
0.33406937,0
0.31878364,0
0.3017679,0
0.31869018,1
0.20441748,1
0.32546234,0
0.29099905,0
0.23974651,1
0.27203313,1
0.24939884,0
0.18914592,1
0.27388185,0
0.257554,1
0.2983624,0
0.33325493,1
0.30472103,0
0.33159986,1
0.18611503,1
0.2139996,1
0.28416413,1
0.22869521,1
0.21987744,1
0.2349141,1
0.37737843,0
0.3379897,1
0.25242954,1
0.27117088,0
0.2291187,1
0.2931723,0
0.22845009,1
0.33198237,1
0.19491416,1
0.32592,0
0.20244989,1
0.3193733,0
0.32781976,0
0.21655872,1
0.18953575,1
0.23129418,1
0.30156034,1
0.30733502,1
0.2582371,1
0.21263385,0
0.27948648,0
0.31511348,1
0.21258686,1
0.33043817,0
0.2901549,1
0.30711836,1
0.27674046,0
0.2947974,0
0.33410978,1
0.37444535,0
0.2446106,1
0.34616235,0
0.34235495,1
0.20998487,0
0.32718575,1
0.3261033,0
0.28637785,1
0.22926314,1
0.24032317,1
0.22217102,1
0.15055293,0
0.16162634,1
0.25648308,0
0.29482353,0
0.30050176,1
0.22016114,1
0.24923322,0
0.35357422,0
0.22254834,1
0.29711667,0
0.16443625,1
0.22113103,1
0.26752198,0
0.32056922,0
0.38721424,0
0.29603985,0
0.36192086,0
0.2615322,0
0.25179252,0
0.30733037,0
0.3462694,0
0.32085246,0
0.32807878,1
0.20819631,0
0.37514102,1
0.2750433,1
0.30246764,0
0.31323147,0
0.25746906,1
0.39320254,1
0.2636506,1
0.1801215,0
0.33934757,1
0.22817901,1
0.27736604,1
0.33025354,0
0.2665037,0
0.2865506,0
0.2606418,0
0.27524024,0
0.32534087,1
0.30694243,0
0.28089643,0
0.19460598,1
0.27218974,1
0.2946115,0
0.32955176,0
0.2890727,1
0.15639256,1
0.19200742,1
0.33293185,0
0.29846263,0
0.32087624,0
0.37115216,1
0.2602995,1
0.31808388,0
0.2936052,1
0.24599679,1
0.26672393,0
0.2240683,0
0.3459111,0
0.30843076,1
0.3357526,0
0.17514385,1
0.26944697,0
0.18801339,1
0.2645485,1
0.30093855,1
0.21683338,1
0.20599481,1
0.2891779,1
0.19940323,1
0.2937887,0
0.26164186,0
0.3386932,0
0.18031383,1
0.29845247,0
0.30447432,0
0.33042383,1
0.32947585,0
0.34109205,1
0.32008183,1
0.28905022,0
0.2818277,0
0.34072748,0
0.32279637,0
0.27095744,1
0.2768259,0
0.26768893,1
0.27666703,0
0.24257776,1
0.25214577,1
0.26807874,1
0.34604272,0
0.1760339,1
0.26702097,1
0.2881898,1
0.29797652,0
0.23987684,1
0.18884477,0
0.19602153,1
0.26029572,1
0.19104171,1
0.28052294,0
0.21412832,1
0.23229924,1
0.27846032,1
0.29157805,0
0.37534118,1
0.2547212,0
0.27556515,1
0.18121696,1
0.24006785,0
0.29072502,1
0.22129968,1
0.22812101,1
0.24230848,1
0.16323316,1
0.21380433,1
0.3089454,1
0.30574045,0
0.3328826,0
0.24782462,0
0.2626611,0
0.25411612,1
0.30566248,1
0.27631083,1
0.26470947,0
0.27056044,0
0.2663982,0
0.18601276,1
0.28444785,1
0.15261838,1
0.18224365,1
0.3261817,1
0.20708649,1
0.27371582,0
0.3058205,1
0.3595045,1
0.25737298,1
0.2982651,1
0.28745496,0
0.27471438,1
0.3087861,0
0.2865916,0
0.25215912,1
0.26094908,0
0.28572634,0
0.31357273,0
0.31670323,0
0.28957957,0
0.23881008,1
0.23712616,1
0.29668385,1
0.26852414,1
0.29411113,0
0.25903326,1
0.31744844,0
0.29143667,0
0.34548363,0
0.33693385,1
0.24963216,0
0.3100204,0
0.1389112,1
0.36397314,0
0.28299913,1
0.31043532,1
0.35388786,0
0.32677707,0
0.29670465,1
0.22881772,0
0.25784028,1
0.2135406,1
0.2979496,0
0.26195776,0
0.23903677,1
0.31703866,0
0.30978596,1
0.28825393,0
0.3039222,0
0.31780457,1
0.2734342,0
0.2076832,1
0.2923763,0
0.33340597,1
0.29745075,1
0.33238453,0
0.2754808,0
0.32102466,0
0.32049727,0
0.30378383,1
0.3750664,1
0.2983767,1
0.23368156,0
0.28129977,0
0.26106685,1
0.2635684,0
0.3110855,0
0.24477355,1
0.32069623,0
0.20319319,1
0.19221981,1
0.31503302,0
0.36716792,0
0.31734848,0
0.31439942,0
0.2968951,1
0.2903978,0
0.37733024,0
0.2879042,0
0.25596753,0
0.33722875,1
0.25724214,1
0.2070026,1
0.3025024,0
0.25357354,0
0.26431194,0
0.2658847,1
0.18397117,0
0.23517133,1
0.33734643,1
0.23381433,1
0.31047678,0
0.30144227,1
0.2993608,1
0.30207866,0
0.21049488,1
0.29190284,0
0.24841216,1
0.28850287,0
0.29488018,0
0.2660708,1
0.3256209,1
0.23153089,1
0.29700667,1
0.24842435,0
0.16469637,0
0.34295344,0
0.29895934,0
0.31120044,1
0.2849155,0
0.26352054,1
0.27565652,1
0.26025704,1
0.26994956,0
0.2864528,1
0.29143018,0
0.29344776,1
0.28450596,0
0.2328081,1
0.30407816,1
0.34270415,0
0.32991388,0
0.3039048,1
0.3178444,0
0.30058864,0
0.3278153,1
0.2679361,1
0.27801698,1
0.33462912,1
0.26749748,1
0.33321273,0
0.20918012,1
0.16377859,1
0.2416777,1
0.34651566,0
0.23753668,1
0.26854873,1
0.24870998,0
0.3094942,0
0.31860024,0
0.2725987,1
0.26025027,0
0.21397196,1
0.22360176,1
0.27109414,1
0.19879991,1
0.32177496,1
0.34336025,0
0.20881522,1
0.35248184,0
0.33934587,0
0.2581594,1
0.29047284,0
0.29441458,0
0.23884481,1
0.28802562,1
0.27617514,1
0.24158777,1
0.26892626,1
0.29861364,0
0.31992263,0
0.23278649,1
0.27112192,0
0.2094517,1
0.37471104,0
0.2639992,0
0.23996511,0
0.31211543,0
0.2321918,1
0.18029888,1
0.26950705,0
0.31743938,0
0.33423746,1
0.3190754,0
0.31775534,0
0.29798764,1
0.31273288,0
0.2913268,1
0.33530933,1
0.22436026,1
0.24670932,0
0.2718141,1
0.32056457,1
0.23650348,1
0.28909582,0
0.32822508,0
0.33128515,0
0.19375452,1
0.26321638,1
0.3214135,1
0.3078387,0
0.21532121,0
0.3053714,0
0.20241505,1
0.25163472,1
0.26732484,0
0.25647256,0
0.3033074,1
0.30285084,1
0.21181262,1
0.23188272,1
0.22604805,1
0.30621248,0
0.28180677,0
0.30997908,1
0.27095658,0
0.24953744,0
0.2644163,0
0.30971685,1
0.15791838,1
0.18481104,1
0.3498742,0
0.3388751,0
0.28890595,0
0.27861786,1
0.27235836,0
0.35252407,1
0.2085649,1
0.24168159,1
0.25601947,0
0.14938822,1
0.2547665,1
0.24579294,1
0.27301854,1
0.3270153,1
0.32457453,0
0.3045424,0
0.2207467,1
0.35343125,1
0.26477963,1
0.3326273,0
0.29357708,0
0.24851294,0
0.2595571,0
0.2488781,1
0.3042085,0
0.29571435,0
0.23484775,1
0.30262312,0
0.21637964,1
0.25575143,1
0.2657179,0
0.33477908,0
0.3255087,0
0.33177215,1
0.3293045,0
0.23721501,0
0.24564159,1
0.27894148,0
0.32298633,0
0.36975121,1
0.24146423,1
0.25990713,0
0.32377887,0
0.30131042,0
0.27308095,0
0.33510238,0
0.32168338,1
0.26798066,0
0.27399606,1
0.25387603,1
0.2883013,0
0.2522428,0
0.34550875,0
0.28004375,1
0.24273603,1
0.2581367,1
0.3100002,0
0.25938535,0
0.2585208,0
0.31649053,1
0.21541488,1
0.24380213,1
0.22746636,1
0.31096342,1
0.23839912,1
0.31973904,1
0.34242496,0
0.3247168,0
0.31642908,0
0.29282522,1
0.22241841,1
0.31083143,1
0.20149145,1
0.2600934,1
0.31409025,0
0.357031,0
0.18843497,1
0.31521326,0
0.302227,0
0.21895517,1
0.3382249,0
0.26386917,0
0.24885692,1
0.27795258,1
0.17727834,1
0.3651375,0
0.30745134,0
0.34656945,1
0.26516896,0
0.24871798,1
0.31904876,0
0.28398174,0
0.2326417,1
0.31675947,0
0.2962521,0
0.2979585,0
0.1702264,1
0.24455066,1
0.30541342,1
0.22932738,1
0.22030957,1
0.2285582,0
0.21830444,1
0.26667583,1
0.17987993,1
0.29383665,1
0.32565773,0
0.26514253,1
0.30563453,0
0.1961479,1
0.31084117,1
0.19508702,1
0.3183331,1
0.34520712,0
0.3220973,0
0.27448425,0
0.28909644,1
0.2899523,0
0.21863359,0
0.28704587,0
0.2130804,0
0.24106824,1
0.27669203,0
0.2960107,1
0.21660441,1
0.30374324,0
0.3315449,1
0.18935418,1
0.32475013,0
0.25088516,1
0.3086927,0
0.25438386,1
0.25380617,1
0.30213398,1
0.2327533,0
0.22897111,1
0.27592742,0
0.19266455,1
0.31315655,0
0.27531332,1
0.22000006,1
0.31027812,0
0.241506,1
0.25689498,0
0.34181023,0
0.26236632,1
0.2748733,0
0.2233122,0
0.29998213,1
0.32848728,1
0.24282423,0
0.29088742,0
0.27072093,1
0.31675678,0
0.30477202,0
0.30767918,0
0.31246537,1
0.3090613,0
0.17305204,0
0.2198059,0
0.28313416,1
0.30148458,0
0.27472264,1
0.20986205,1
0.27545187,0
0.30484933,0
0.29734653,0
0.26359814,0
0.28056443,0
0.20655724,1
0.3748238,1
0.29579082,0
0.21067217,0
0.24222943,0
0.30017954,1
0.27927554,0
0.258289,1
0.26279277,0
0.27611214,0
0.34299964,0
0.22158998,1
0.20960228,1
0.25705552,0
0.29418087,0
0.33131295,0
0.29590982,0
0.27082372,1
0.2662641,0
0.115910724,1
0.27573043,1
0.2547226,1
0.30693483,0
0.35513455,0
0.26654187,1
0.23344648,0
0.30747348,0
0.20771846,0
0.30311674,0
0.33946127,1
0.41576633,1
0.3440918,0
0.26640657,0
0.16900298,0
0.3166276,0
0.10411218,1
0.28961015,0
0.27741325,0
0.2404003,1
0.29217154,0
0.33207965,1
0.26802644,1
0.31183976,1
0.27310663,1
0.3129751,0
0.24502629,0
0.27919337,0
0.28233021,0
0.14871803,1
0.18476349,1
0.2550861,0
0.26439,1
0.25503254,0
0.29960614,0
0.2971465,0
0.30393535,0
0.26705068,1
0.28803003,1
0.32297805,0
0.29245678,0
0.26621032,0
0.21074344,1
0.20922318,1
0.26890516,0
0.10971601,1
0.29891905,0
0.30319163,0
0.29242936,1
0.27016288,0
0.2948079,1
0.20247464,1
0.2643313,0
0.28928536,0
0.21188058,1
0.28902832,0
0.30645233,1
0.3235067,0
0.32692996,0
0.31799847,0
0.22903267,1
0.3193757,0
0.25606626,1
0.23515865,1
0.27814913,1
0.29364663,1
0.29926187,0
0.26872933,0
0.31869945,0
0.18891004,1
0.3067844,0
0.28868595,1
0.28267166,0
0.33530405,1
0.3034323,0
0.25602007,1
0.38550168,0
0.3112725,1
0.35704917,0
0.36714947,0
0.23382324,1
0.3440528,0
0.29129252,1
0.2798838,0
0.2781579,0
0.18860656,1
0.26647574,1
0.25557318,1
0.3076194,1
0.33213556,0
0.26752096,1
0.25944865,0
0.3171413,0
0.2420753,1
0.3378948,0
0.34532842,1
0.252516,1
0.2558331,1
0.2999202,0
0.3068148,0
0.3341046,1
0.31349134,0
0.3612559,1
0.17864251,1
0.3559885,1
0.31290644,0
0.24945709,0
0.30673105,0
0.3023106,0
0.35782328,0
0.3046465,0
0.3153321,0
0.2415638,0
0.2958492,1
0.3128518,0
0.30208173,1
0.26873413,0
0.34651497,0
0.26281056,1
0.31445277,1
0.29324213,0
0.31063408,0
0.291795,0
0.28409612,0
0.20823468,1
0.23298424,1
0.2891425,1
0.18787742,1
0.3454932,0
0.30935687,1
0.25079167,0
0.26069528,0
0.2510324,1
0.34382176,0
0.24236292,1
0.29373544,1
0.32405385,0
0.1832015,0
0.27932057,0
0.27042365,0
0.36478072,1
0.25228107,1
0.23383251,0
0.3133927,0
0.30167443,1
0.24212253,0
0.2022084,1
0.12533054,1
0.22543138,1
0.28006208,0
0.30665153,0
0.2531161,0
0.25050515,0
0.29903144,0
0.3232969,1
0.31221783,1
0.29134282,0
0.290992,1
0.20954596,1
0.19933164,0
0.19342811,1
0.25506833,0
0.2938578,0
0.28349435,0
0.25080502,0
0.18124078,1
0.20432928,1
0.18573898,1
0.25565994,0
0.32600665,1
0.32952154,0
0.30766898,0
0.32589918,0
0.3119189,0
0.30335903,1
0.33089685,0
0.2334216,1
0.30765373,0
0.24680905,1
0.27058,0
0.40104735,1
0.21629034,1
0.2148791,0
0.2858412,0
0.20575674,0
0.17891899,1
0.1947066,1
0.24472141,1
0.35587448,0
0.2036579,1
0.267177,1
0.25133193,1
0.3352135,0
0.28278005,1
0.3046759,0
0.29840815,1
0.2709617,0
0.2759948,1
0.2611716,0
0.30705485,0
0.28043187,0
0.24998444,0
0.40088177,1
0.2601392,0
0.2818563,1
0.29654145,0
0.30403984,0
0.22315232,1
0.35269767,0
0.2457112,0
0.25611904,0
0.2649697,0
0.32422557,1
0.22996886,1
0.2573372,0
0.2815487,0
0.29682088,0
0.27384704,1
0.22156921,0
0.29954374,1
0.31744576,1
0.29891717,0
0.26497942,0
0.33983642,0
0.28230405,0
0.343862,1
0.24723694,1
0.35218924,0
0.17818588,1
0.33142653,1
0.32465386,0
0.27177307,0
0.29811645,0
0.2910661,0
0.29135188,0
0.3399921,0
0.32095534,0
0.22330354,0
0.33953476,0
0.31535667,0
0.2808045,1
0.17118037,0
0.33223242,1
0.33039725,1
0.2932997,0
0.20986597,1
0.2200606,1
0.22368112,1
0.23014408,1
0.24569401,0
0.18257126,0
0.1830473,1
0.30833957,0
0.2608453,0
0.31686813,1
0.2788312,0
0.24125522,0
0.31638497,1
0.28140867,1
0.34519553,0
0.16246715,1
0.23925632,0
0.3186191,0
0.32411975,0
0.27863574,0
0.35141683,1
0.2804052,0
0.30378547,0
0.104463756,1
0.33014122,0
0.32339007,0
0.3115546,0
0.28471604,1
0.2512967,0
0.28257743,0
0.32472628,0
0.2745813,0
0.15642375,1
0.29306805,0
0.36413378,0
0.30638948,0
0.29857358,1
0.34413123,0
0.21982856,1
0.33656043,1
0.23230062,1
0.21070671,1
0.2976706,1
0.25612947,0
0.20122139,1
0.2994517,0
0.31773892,0
0.23049231,0
0.32674024,0
0.24276584,1
0.26160836,1
0.25717914,0
0.26559606,0
0.19513069,1
0.26872176,1
0.31084546,0
0.33216357,0
0.2622813,1
0.24434058,1
0.24133404,0
0.32873487,0
0.13716,1
0.26296312,0
0.36039847,0
0.34686556,0
0.15710996,1
0.30731672,0
0.2830656,0
0.21485174,1
0.30467594,1
0.22282065,1
0.28224272,1
0.29018742,1
0.24304207,1
0.26973912,0
0.19948308,1
0.24705863,1
0.33137125,0
0.3399772,0
0.25437123,1
0.24332067,1
0.30730188,1
0.28992122,0
0.2479674,1
0.28112984,1
0.27439094,0
0.3122998,0
0.36943996,0
0.28060412,1
0.18094496,1
0.29415146,1
0.27959365,0
0.30019116,0
0.28995022,0
0.35715818,0
0.22439805,1
0.22466207,1
0.2598471,0
0.18570538,1
0.29397786,0
0.30479258,1
0.30587322,1
0.2913145,0
0.28860968,1
0.21202087,1
0.17450956,0
0.116470836,1
0.20214462,0
0.2342163,0
0.2824431,0
0.23483063,0
0.28000665,1
0.21881866,1
0.19184382,1
0.28128216,1
0.31255725,0
0.31126297,1
0.21951377,1
0.23983857,0
0.28785238,1
0.33711445,0
0.1989752,1
0.32157287,0
0.2985477,1
0.19850262,1
0.27431735,1
0.37206006,1
0.26035523,1
0.30774653,0
0.26189494,0
0.31398937,0
0.25244683,1
0.28068072,0
0.31912363,0
0.22953975,0
0.19444086,1
0.30970877,0
0.32127357,0
0.31702894,1
0.24795306,0
0.20243403,0
0.36245078,1
0.19686761,1
0.29410142,1
0.30706546,1
0.29941785,0
0.22352402,1
0.28334564,0
0.24306808,0
0.3025148,0
0.20190766,1
0.23164442,1
0.32217157,0
0.37453085,1
0.2122695,1
0.29922608,0
0.3128487,0
0.31837204,0
0.21968025,1
0.24541827,0
0.28589803,1
0.24349369,0
0.29428363,0
0.32408166,0
0.26973262,1
0.2076906,1
0.16732553,1
0.31659633,1
0.28418663,0
0.21043923,1
0.3250602,0
0.2649628,0
0.33592296,0
0.27924895,1
0.24696544,1
0.29504654,1
0.18645874,1
0.32144493,1
0.2882886,0
0.23988402,0
0.18966258,1
0.2355546,1
0.2872725,0
0.23751977,1
0.31495517,1
0.27098987,1
0.29842678,0
0.3010714,0
0.22497126,0
0.24642764,1
0.29011965,0
0.16075696,1
0.2957038,0
0.3057578,0
0.32946193,0
0.31490326,0
0.22580452,1
0.25768977,1
0.27563947,0
0.37695646,0
0.344392,0
0.26284558,0
0.29870445,1
0.28381073,1
0.23382121,0
0.31762338,0
0.25661486,0
0.3240066,0
0.25485593,0
0.19836177,1
0.25680065,1
0.31802505,0
0.28956512,0
0.28269917,0
0.24069116,1
0.2754435,1
0.31012633,1
0.2565453,0
0.14564691,1
0.32848376,0
0.30872118,1
0.20783785,1
0.32401192,0
0.320491,0
0.29674095,0
0.25487605,0
0.2861646,1
0.3165679,0
0.25266916,0
0.21281198,1
0.33025706,0
0.21506244,1
0.1778629,1
0.32921648,0
0.24464032,1
0.2034211,1
0.35396218,0
0.25631982,1
0.28807607,0
0.18675587,1
0.18930924,1
0.20224622,1
0.2766385,0
0.23489687,0
0.33734864,0
0.29667157,1
0.2531399,0
0.24643561,1
0.30510038,0
0.21209092,1
0.31754142,0
0.28531933,1
0.3447351,1
0.32593098,1
0.2718143,0
0.16368009,1
0.32984683,1
0.2735504,0
0.33231336,1
0.26981091,1
0.17001233,1
0.22739825,0
0.29739463,0
0.3159986,0
0.22684285,1
0.30079857,1
0.27148497,0
0.22202359,1
0.2589628,1
0.33081016,0
0.30319342,0
0.25905508,1
0.26115966,0
0.3133909,0
0.27266887,1
0.3272097,1
0.3094999,1
0.22467694,0
0.27132922,0
0.34315163,0
0.22883032,1
0.3255791,1
0.35914952,0
0.31276637,0
0.25466287,1
0.22894293,0
0.2191017,1
0.3106116,0
0.27577987,0
0.3029097,1
0.19874674,1
0.14424005,1
0.3091005,0
0.23916987,1
0.36034593,0
0.27417675,0
0.35497546,0
0.24674696,0
0.22658,1
0.3284081,0
0.32257748,1
0.28616592,0
0.21171251,1
0.33589402,0
0.26981437,0
0.33524072,0
0.27627024,1
0.3541738,0
0.29517674,0
0.34846795,1
0.3343823,0
0.29710647,0
0.34698778,0
0.2848305,1
0.228325,1
0.27346334,1
0.3096708,0
0.23238316,1
0.31477857,0
0.32431567,0
0.23425065,0
0.29213715,0
0.2785809,0
0.31822744,1
0.33024296,1
0.28708988,0
0.2657197,1
0.35121506,0
0.27163535,0
0.25387228,1
0.27750757,0
0.28741616,0
0.2408332,1
0.27303314,1
0.30887228,0
0.28900063,0
0.3084296,0
0.2640912,0
0.26300943,0
0.28255954,0
0.3033207,0
0.28393435,1
0.28146422,1
0.3135784,0
0.2470296,0
0.30629295,0
0.3121382,0
0.3043826,0
0.28485507,0
0.32993743,0
0.22654998,1
0.3418754,1
0.24517483,1
0.24979115,1
0.32858598,0
0.32292363,0
0.35106722,1
0.2120867,1
0.28347448,1
0.28724766,0
0.2999397,1
0.33798656,0
0.30282244,0
0.3006993,1
0.25040108,0
0.2667858,0
0.29988676,1
0.27368695,1
0.25908834,1
0.29309028,0
0.24077606,1
0.29575124,0
0.32533044,0
0.22720489,1
0.21106195,1
0.30712438,1
0.21975628,1
0.31039897,0
0.20971738,0
0.25555587,1
0.26338428,0
0.25673282,1
0.22088815,0
0.12467162,1
0.28076914,0
0.2337441,0
0.3277896,1
0.19474533,1
0.3341208,0
0.29086325,0
0.21888307,1
0.2099028,1
0.15480955,1
0.3412707,0
0.1532293,1
0.2678975,0
0.33270878,1
0.3294686,1
0.26081273,0
0.21788923,1
0.31220236,0
0.3648919,0
0.26338857,1
0.3552294,0
0.3121075,1
0.27231234,0
0.28885344,0
0.25060338,1
0.3090185,0
0.32087827,1
0.28181803,1
0.22624826,1
0.29179192,0
0.1832599,1
0.33704454,0
0.3375189,0
0.2237744,1
0.2780175,0
0.29238766,1
0.16806415,1
0.31513548,0
0.29892692,0
0.21061331,1
0.37994486,0
0.29217187,0
0.23494676,0
0.30554974,0
0.24442348,1
0.29695532,1
0.25774494,1
0.32415202,0
0.2901266,1
0.21884069,0
0.1960312,1
0.26870686,1
0.30559516,1
0.29849467,1
0.306253,0
0.32802102,0
0.3733564,0
0.21654922,1
0.16804685,1
0.17940089,1
0.26611236,0
0.29759657,0
0.25429207,0
0.28450626,1
0.2035448,1
0.1214723,0
0.3166573,0
0.30313987,0
0.28635553,0
0.3738897,0
0.22766015,0
0.23461862,0
0.34131637,0
0.27527225,1
0.2542184,1
0.23931733,1
0.26925316,0
0.29379547,0
0.31425518,1
0.13241662,1
0.19444779,1
0.29125527,0
0.33333528,1
0.2367906,0
0.28845173,0
0.35819647,0
0.22652963,0
0.37767702,0
0.21588877,1
0.19762588,1
0.307266,0
0.2703274,0
0.3790658,0
0.3580589,1
0.27245986,0
0.24235377,1
0.3068973,0
0.34484884,0
0.2672509,0
0.28789994,1
0.31514752,0
0.259997,0
0.32847947,1
0.24892265,1
0.23773007,1
0.342566,0
0.36663967,0
0.28842962,1
0.2842988,0
0.2865123,1
0.33553663,0
0.30496976,0
0.31142387,1
0.2984779,1
0.35565782,1
0.29007903,0
0.39326566,1
0.27034825,0
0.3018887,0
0.2794413,0
0.25684887,1
0.2316955,1
0.33171314,1
0.24870792,1
0.1761827,1
0.29286155,0
0.34395987,0
0.17293021,1
0.21714887,1
0.27815664,0
0.29975426,1
0.17265171,1
0.27665824,1
0.2733623,0
0.25673917,1
0.3072218,0
0.2935575,1
0.23895165,1
0.36194956,0
0.26489973,1
0.19175193,1
0.32772726,0
0.3507333,0
0.32690823,1
0.24911313,0
0.2495072,1
0.3485601,1
0.23386347,0
0.26927778,0
0.2899356,0
0.25639156,1
0.18947773,1
0.32715607,0
0.23434812,1
0.32652876,1
0.3318287,0
0.30713546,0
0.17385823,0
0.3765372,1
0.24834403,1
0.3228249,0
0.28591385,1
0.21310636,0
0.29189157,0
0.31068227,0
0.22654818,0
0.36864004,0
0.33511925,0
0.25377512,0
0.3193463,0
0.29210132,0
0.3583815,0
0.29494327,0
0.3496022,0
0.31820783,1
0.29525632,0
0.31981176,0
0.28279293,0
0.2424473,1
0.27935266,1
0.19869378,0
0.2586818,0
0.16834441,1
0.3164196,0
0.28563038,1
0.21036369,1
0.282511,0
0.34879178,1
0.14960401,1
0.37740153,0
0.2907666,1
0.30970657,0
0.24387854,0
0.19885913,1
0.3208295,1
0.31549847,1
0.30986977,0
0.2456429,1
0.33714765,0
0.28799647,0
0.09957056,1
0.20302394,1
0.30123147,0
0.22490528,0
0.2798115,0
0.25492704,0
0.21423796,1
0.3130252,0
0.36330718,0
0.33148372,0
0.21350801,0
0.28663874,1
0.33338004,0
0.24748522,1
0.2636118,0
0.2263835,1
0.3332629,0
0.3258776,0
0.28259942,0
0.307026,1
0.32022703,0
0.17160453,0
0.35630065,0
0.20756322,1
0.20793903,1
0.2724836,1
0.2971554,0
0.24743824,0
0.19243893,1
0.30284923,0
0.26740444,1
0.2799192,0
0.29685473,1
0.28789836,0
0.2205618,0
0.30244136,1
0.37624064,0
0.3264644,0
0.30429444,0
0.26921624,0
0.27777988,0
0.30631053,1
0.21790634,0
0.14953525,1
0.28461558,1
0.33675352,0
0.35203987,0
0.25726044,0
0.2437313,0
0.28211144,1
0.28090376,0
0.25294402,1
0.2163697,0
0.15434687,1
0.16241924,1
0.2383216,1
0.27245846,0
0.18238801,1
0.29864424,0
0.4178508,1
0.22892617,1
0.31015518,1
0.310894,0
0.25227198,0
0.31840545,0
0.32120174,0
0.22831029,1
0.23626488,1
0.31598815,0
0.32105696,0
0.32686564,0
0.20906916,0
0.2981354,1
0.36086124,1
0.20959824,1
0.27963442,1
0.2778094,0
0.304438,0
0.26332504,1
0.19349857,1
0.26797426,1
0.29918158,1
0.24931955,1
0.22463489,1
0.3059416,0
0.2388446,1
0.21914724,1
0.30366352,0
0.32233828,0
0.33469296,0
0.31026334,0
0.33115825,0
0.30678773,1
0.30347,0
0.30278155,0
0.2901747,1
0.24905016,0
0.34492394,1
0.30411917,1
0.27144957,0
0.30570498,1
0.31550324,0
0.31666347,0
0.24769288,1
0.2676222,0
0.2998839,1
0.32889068,0
0.290228,0
0.28681824,0
0.28371894,1
0.30432066,1
0.32558715,0
0.2682283,1
0.3158583,0
0.29212952,0
0.26585233,1
0.36371002,1
0.13026479,1
0.2633549,0
0.30604753,0
0.2950133,0
0.27555567,1
0.31700653,0
0.19153029,1
0.28624678,1
0.2740888,0
0.18157122,1
0.19631854,1
0.2922572,1
0.2384506,0
0.24963665,0
0.35823333,1
0.26923373,1
0.29019865,1
0.1924796,1
0.35906073,0
0.27417934,0
0.27595088,0
0.25630224,0
0.30152497,0
0.3037545,1
0.21318144,1
0.38190618,0
0.3009323,1
0.27078372,1
0.2585264,1
0.2391537,1
0.31258756,1
0.18195237,1
0.2586566,0
0.28910756,1
0.35788515,1
0.22680587,1
0.28570122,1
0.26363462,1
0.31073773,0
0.32367444,1
0.29791522,0
0.28737193,1
0.21612939,1
0.28431085,0
0.23759112,1
0.37342018,1
0.22711802,0
0.3179779,0
0.23498626,0
0.2550434,0
0.25510678,1
0.32331443,0
0.20807333,1
0.31710136,0
0.24627104,1
0.30070114,1
0.27492198,0
0.24457745,1
0.22980216,0
0.3271922,0
0.27198824,0
0.27237722,1
0.24983954,0
0.30823654,0
0.27982527,1
0.23276836,1
0.24651492,1
0.31229055,1
0.24543414,0
0.24810806,1
0.24664678,0
0.35697454,0
0.30180287,0
0.27042073,0
0.28848517,1
0.28718913,1
0.19059679,1
0.2186458,1
0.20791224,1
0.2793851,1
0.33235323,0
0.24248275,0
0.24073714,1
0.28752607,0
0.2832339,1
0.27645627,0
0.2616487,1
0.38373303,1
0.21320376,1
0.16531765,1
0.24715811,0
0.27678338,1
0.28035092,0
0.19226192,1
0.24381045,0
0.30213574,0
0.1335133,1
0.35533977,1
0.2669528,0
0.2970213,0
0.29521358,0
0.24451256,0
0.32677656,0
0.17841387,1
0.29347154,0
0.23275167,1
0.31680888,0
0.27864918,1
0.23137267,1
0.36409554,1
0.28045207,0
0.29543626,1
0.23070951,1
0.28036118,0
0.31175655,0
0.17545155,1
0.30429453,0
0.2516275,1
0.26812243,0
0.2747278,1
0.28294757,0
0.33020887,0
0.24076171,1
0.33366376,1
0.25419676,0
0.3233049,1
0.2913893,0
0.25817114,1
0.28180468,0
0.17733127,1
0.3105412,0
0.26453227,0
0.26919922,0
0.24439546,1
0.27543765,1
0.21388713,1
0.3349518,1
0.2725963,1
0.28388032,0
0.27210218,0
0.2645844,1
0.28661036,1
0.2635597,1
0.29501098,1
0.30726877,1
0.30128554,1
0.33076036,0
0.28309923,0
0.3158432,0
0.31552,0
0.3582042,0
0.25929642,1
0.22307608,0
0.35668162,0
0.312415,1
0.24386305,1
0.29879737,0
0.24891649,0
0.22127287,0
0.14479314,1
0.31368396,0
0.30969226,1
0.25354657,0
0.29268584,1
0.30906737,1
0.25681216,1
0.30760366,1
0.20745264,1
0.28376576,1
0.17520483,1
0.31627175,0
0.29289454,1
0.2850942,0
0.30860633,0
0.3469998,0
0.2999642,0
0.29074657,0
0.30875352,1
0.21751095,0
0.32665676,0
0.26024783,0
0.32543895,0
0.20636009,0
0.24752721,1
0.17981848,0
0.27637452,1
0.28746456,0
0.31537235,0
0.28572965,0
0.3094192,1
0.28863502,0
0.33767778,1
0.31189716,1
0.23512474,0
0.19192639,1
0.21362302,1
0.33648372,1
0.23644377,0
0.20036408,1
0.2081144,1
0.20382936,1
0.29980534,1
0.18198797,1
0.26720762,1
0.19994019,1
0.33189976,1
0.23407619,0
0.27514857,0
0.26472664,1
0.31983757,1
0.26939726,0
0.25613424,1
0.22892359,1
0.29769933,1
0.20764647,0
0.20902567,1
0.31027788,0
0.12377815,1
0.34850526,1
0.27647206,0
0.25295177,1
0.3536595,1
0.3012706,1
0.24706525,0
0.29341784,0
0.27073246,0
0.27876633,0
0.3661465,0
0.30140293,1
0.21678385,1
0.22967477,1
0.312346,0
0.26862463,0
0.3213329,0
0.34256348,1
0.29523998,0
0.270446,0
0.19852318,1
0.33182335,0
0.34858298,1
0.2772662,0
0.16033407,1
0.2907768,0
0.23780523,1
0.25080028,1
0.2522233,1
0.25783807,1
0.2962085,1
0.24559185,1
0.23314999,0
0.18857825,1
0.28451887,1
0.20827594,1
0.29438406,1
0.17732778,1
0.2825296,0
0.2831193,1
0.25821328,1
0.30902612,0
0.3236369,0
0.2009582,1
0.2998622,1
0.28797364,0
0.27268207,0
0.30629414,0
0.2951879,0
0.29666674,0
0.23337997,1
0.28870386,0
0.2668667,0
0.29418117,0
0.27357548,0
0.30203938,0
0.27599517,0
0.24954195,0
0.29234713,1
0.21339887,0
0.3476971,0
0.36378196,0
0.3328818,0
0.28404325,0
0.2512456,0
0.24540646,1
0.28713983,1
0.2797807,0
0.36221543,0
0.28927273,0
0.26342154,0
0.30557546,1
0.32638797,0
0.19915757,1
0.20785484,1
0.194816,1
0.21653113,1
0.27853572,0
0.30765992,0
0.27985972,0
0.20935255,1
0.26634973,0
0.24776395,1
0.35582817,0
0.2862345,0
0.3114549,0
0.21964946,0
0.30723998,0
0.32659268,1
0.25400043,1
0.22825888,1
0.36454988,0
0.14786649,1
0.3540154,0
0.2264033,0
0.32088676,0
0.20173457,0
0.2537365,1
0.24598071,1
0.30228168,1
0.33139965,0
0.26700187,0
0.26932463,0
0.29523998,0
0.25169504,1
0.19045219,1
0.26950568,1
0.34113002,0
0.27035576,0
0.23513699,0
0.34861302,1
0.23274703,1
0.3011921,0
0.22677791,1
0.30432922,1
0.29604846,0
0.32865125,0
0.1683253,0
0.2571751,0
0.16650152,1
0.32454115,0
0.29845607,1
0.26767457,1
0.3004586,0
0.26139903,1
0.315563,0
0.262854,1
0.15502152,1
0.32695627,0
0.102986224,1
0.31406194,0
0.2273974,1
0.2205592,1
0.25223482,1
0.30481583,0
0.21372455,0
0.2955643,0
0.2703482,1
0.31472716,1
0.20386933,0
0.19056572,0
0.24088949,1
0.21717149,1
0.31936914,0
0.2819006,0
0.2580114,0
0.23976764,0
0.25377017,1
0.20227455,1
0.3148293,0
0.24496748,1
0.29091468,0
0.2979785,0
0.30236644,0
0.26965925,0
0.30952153,0
0.222086,1
0.2803344,0
0.25634757,1
0.34954655,0
0.3052402,1
0.30390635,0
0.25504577,0
0.30734327,0
0.29116383,0
0.17205396,1
0.31206205,0
0.18246232,1
0.36049438,1
0.31171608,1
0.23686782,1
0.1730992,1
0.2709139,1
0.28995186,0
0.26688233,1
0.22174895,0
0.2483359,0
0.23289502,1
0.31264025,0
0.3106399,0
0.2753268,1
0.27884242,1
0.29879564,0
0.3197625,0
0.29520476,0
0.24937508,1
0.26467997,0
0.27799982,0
0.25754657,1
0.2860975,0
0.41001385,0
0.2977817,1
0.30987832,0
0.3453706,1
0.34100145,0
0.3584129,0
0.29759914,1
0.34028298,0
0.31672573,0
0.24069348,0
0.3363526,1
0.2691419,0
0.20926467,1
0.35399646,0
0.2516292,1
0.31704402,0
0.34258825,0
0.16977037,1
0.19140072,1
0.24699284,1
0.2861882,0
0.34172904,0
0.35485488,0
0.25452548,0
0.33870035,0
0.27301204,1
0.19008456,0
0.21417901,1
0.25496092,1
0.24610645,1
0.22962126,1
0.32694978,0
0.25426984,0
0.29398018,1
0.20792326,0
0.22682892,1
0.30918828,0
0.33202583,0
0.26790845,0
0.27974236,0
0.30147302,0
0.27737105,1
0.21901283,0
0.28442207,0
0.18648335,0
0.2258359,1
0.10740032,1
0.1040388,1
0.29766265,0
0.2724695,1
0.15247522,1
0.25218263,1
0.18841553,0
0.2543794,1
0.2841561,0
0.33167937,1
0.30312967,0
0.20198254,1
0.2697083,0
0.21754736,0
0.34519994,1
0.29119763,1
0.31974137,0
0.30739132,0
0.27197778,1
0.35194087,0
0.29199064,1
0.18673049,1
0.21119808,1
0.2941293,1
0.20881104,1
0.26881886,1
0.33886707,0
0.22976017,1
0.22755896,1
0.2952374,1
0.18462661,1
0.27408606,0
0.26437885,0
0.27353868,0
0.3132897,0
0.32974932,0
0.30302742,0
0.2692985,0
0.2521181,0
0.25323695,0
0.14031705,1
0.2449538,0
0.2091854,0
0.30874145,1
0.28712535,0
0.28685212,1
0.31561118,1
0.115931995,1
0.21860301,0
0.2595614,1
0.20711398,1
0.31839514,0
0.32024804,0
0.27206594,1
0.27992988,1
0.30183473,0
0.30369285,1
0.3405832,1
0.23799545,0
0.17126125,1
0.35401595,1
0.26716462,0
0.25095242,0
0.30336407,1
0.26445904,0
0.29509526,1
0.2880813,0
0.29764867,0
0.27081198,1
0.28762233,0
0.20677456,1
0.17474294,1
0.3445909,0
0.2944293,0
0.27160755,0
0.32492584,1
0.19434336,1
0.29438582,1
0.2957213,0
0.3069023,1
0.3270713,0
0.2311765,1
0.32722375,1
0.321154,0
0.28665876,0
0.23887345,0
0.24275362,1
0.3012029,0
0.23110995,1
0.2244784,0
0.20949432,1
0.28749,0
0.19403872,1
0.23230737,0
0.2169159,0
0.32091707,0
0.33380362,0
0.27087158,0
0.25178584,0
0.27545488,1
0.35910678,0
0.33950073,0
0.28732157,0
0.29777297,0
0.20141767,1
0.2265147,1
0.19007385,1
0.30037108,1
0.2884423,1
0.3354271,0
0.22239119,0
0.2659149,0
0.2687231,0
0.2900003,1
0.30848354,1
0.29219973,0
0.23453277,0
0.30032736,1
0.24800926,1
0.20098531,1
0.3428862,1
0.22896257,1
0.22294891,1
0.27723917,0
0.3138212,0
0.19101529,1
0.22354735,1
0.3144269,0
0.25595006,0
0.33778006,0
0.17316514,1
0.2408704,1
0.33579272,0
0.26348782,0
0.25149593,1
0.23347783,0
0.21289489,1
0.38088942,0
0.3623631,0
0.35465634,1
0.341484,0
0.30851072,0
0.2909384,0
0.15427834,1
0.2615443,1
0.27565908,1
0.38049287,0
0.26510596,0
0.22663513,0
0.28430486,0
0.32015976,0
0.22675371,0
0.2883091,1
0.4149299,0
0.31124723,1
0.2826823,0
0.22901255,1
0.25354075,0
0.19932558,1
0.2536875,1
0.27066392,0
0.22822322,1
0.24965611,1
0.2397401,1
0.2859202,1
0.21749225,1
0.18680908,1
0.32473546,0
0.2686563,0
0.3289631,1
0.3245075,1
0.16878872,1
0.2949326,0
0.27873427,1
0.18151067,1
0.3071078,1
0.27576655,0
0.29216266,1
0.31014788,1
0.29303247,0
0.23806292,0
0.22734278,0
0.21980925,1
0.3248011,1
0.23711169,0
0.35043192,0
0.28273624,0
0.1782349,1
0.28351724,0
0.30505955,0
0.3110771,1
0.29484376,0
0.27524328,1
0.307033,0
0.2811721,1
0.201619,1
0.28862032,1
0.29337892,1
0.21593189,1
0.3472939,1
0.30140904,0
0.24414736,0
0.2435382,1
0.35687435,0
0.2801715,1
0.22791639,1
0.21467656,0
0.29004505,0
0.33953983,0
0.26168305,1
0.333307,1
0.28438532,0
0.2615976,1
0.33409685,0
0.29568148,0
0.3551339,1
0.32199368,0
0.2978699,0
0.22890815,0
0.2291235,1
0.27143753,0
0.30945382,0
0.29064894,0
0.351344,0
0.22468667,0
0.20010391,1
0.29376048,0
0.17238694,0
0.25990385,0
0.28854185,0
0.27987018,0
0.2782403,0
0.19335666,1
0.24887376,1
0.2604515,0
0.23014705,1
0.3484946,0
0.28571126,0
0.2199279,1
0.35947096,0
0.18990873,1
0.22709326,1
0.28733015,1
0.2544716,0
0.2614209,1
0.22581697,1
0.24032134,1
0.21684535,0
0.33899158,0
0.2735046,0
0.27936918,0
0.18707964,1
0.23633464,0
0.3453204,1
0.31994155,0
0.2892208,0
0.3412621,0
0.31149328,0
0.29972067,0
0.3345353,0
0.23028561,1
0.21562862,0
0.26846278,0
0.27630624,0
0.3074566,1
0.22148496,0
0.35610396,0
0.30756035,0
0.23950997,0
0.21015139,1
0.16936444,1
0.21452552,1
0.2948258,0
0.2719444,0
0.20912166,1
0.30447772,1
0.21280253,0
0.3300698,0
0.28153685,1
0.21857217,1
0.2342785,0
0.22604558,1
0.30627614,0
0.2554943,0
0.27428767,1
0.2851324,1
0.21228498,1
0.30384102,0
0.33726853,0
0.2727159,1
0.33990252,0
0.22336474,0
0.28418154,0
0.1906003,0
0.2507757,1
0.22368824,1
0.23216149,0
0.3060149,0
0.34581462,1
0.3142036,1
0.30365804,0
0.37856755,1
0.29274672,0
0.33012182,0
0.12960865,1
0.31709945,0
0.36273003,0
0.22497216,0
0.22616139,1
0.291515,1
0.22352865,1
0.30623746,0
0.30059382,1
0.33372533,0
0.25331628,1
0.3229158,1
0.27865994,1
0.21485469,1
0.28157243,1
0.18158926,1
0.2861624,1
0.2676189,1
0.3280173,0
0.19378826,1
0.19632208,0
0.23291121,1
0.3341327,0
0.2719217,1
0.3278739,1
0.34295878,0
0.20266159,1
0.29512,1
0.21730985,1
0.33646792,0
0.29226273,0
0.24424571,1
0.30624482,1
0.25140676,1
0.3172766,1
0.32337752,0
0.21112955,1
0.28654614,1
0.3138935,1
0.3068862,0
0.23961219,0
0.2917794,1
0.27642187,1
0.34075356,0
0.26765013,0
0.32576108,1
0.33858123,0
0.32685694,0
0.2855385,0
0.2361975,1
0.3506425,0
0.22557798,1
0.20170718,0
0.17120141,1
0.29019243,0
0.2771622,0
0.24080428,1
0.21351445,1
0.2964621,0
0.27083537,1
0.2235817,1
0.34872085,0
0.3147393,0
0.17829949,0
0.330758,0
0.30086976,0
0.26304495,1
0.17301108,0
0.31424704,0
0.27161843,1
0.28047657,0
0.24219617,0
0.2360299,0
0.34664556,0
0.3274966,1
0.3294524,0
0.13796836,1
0.2069679,1
0.28414336,1
0.27146393,1
0.29512456,1
0.17953101,1
0.33293343,0
0.28197524,1
0.2753797,0
0.22521845,0
0.26482254,0
0.23548874,0
0.33921686,1
0.18916205,0
0.29151642,0
0.3223434,0
0.3137446,1
0.35169834,0
0.34037656,0
0.32954708,1
0.28271538,0
0.27628124,1
0.33753413,1
0.30184218,0
0.2838059,0
0.24858809,0
0.24906555,0
0.20526461,1
0.31140625,1
0.24618997,1
0.25060424,1
0.33296353,0
0.31187043,0
0.3340167,0
0.29200685,0
0.27825773,1
0.17774071,1
0.33957615,1
0.20717102,1
0.24575648,0
0.26928985,0
0.291738,0
0.16113377,1
0.27082512,0
0.30836046,0
0.2188681,0
0.3592381,1
0.29685962,1
0.27315265,1
0.28313148,0
0.2897898,0
0.24241185,1
0.25886568,1
0.18351272,1
0.21172297,0
0.2668848,1
0.23252907,1
0.2289063,1
0.22328424,1
0.28723168,1
0.16763222,1
0.20127454,1
0.35640502,0
0.2972977,0
0.24784766,0
0.27737436,0
0.27822244,1
0.19653809,1
0.12479166,1
0.3777154,1
0.31243232,0
0.19359022,1
0.27041137,0
0.29767406,0
0.25857782,0
0.34011653,1
0.2972751,0
0.31352043,0
0.34418494,0
0.25576663,1
0.31740972,0
0.2826786,1
0.27951014,0
0.24275011,0
0.25421977,0
0.3184001,0
0.2675416,0
0.28135508,0
0.20228842,1
0.33457375,0
0.31954592,0
0.32560682,1
0.19794196,1
0.21130744,1
0.31202114,1
0.2998735,0
0.40839374,0
0.27511114,0
0.21059214,1
0.22429237,1
0.25505096,0
0.23651165,1
0.3884991,0
0.19632772,1
0.21025579,1
0.30090275,1
0.25644398,0
0.32642826,1
0.2849919,0
0.2478815,0
0.19170636,1
0.27570918,0
0.25967377,0
0.25537702,0
0.36988896,1
0.33472222,0
0.32488596,0
0.32827663,0
0.29305482,0
0.31571305,0
0.30783135,0
0.31505585,0
0.23257582,1
0.20882316,1
0.2744363,0
0.24742639,0
0.2946446,0
0.31629738,1
0.26192582,0
0.3079108,1
0.3245514,0
0.245145,1
0.31067562,0
0.30392098,0
0.28210074,0
0.20851941,1
0.2499085,1
0.30839416,0
0.3299336,0
0.3691679,1
0.24035233,1
0.2729338,1
0.22079334,0
0.29893827,1
0.31078887,0
0.24608043,0
0.2209349,0
0.2916532,0
0.26338983,1
0.37583628,1
0.25831398,0
0.3386484,1
0.29472882,0
0.27604753,1
0.18894473,1
0.22670403,0
0.29454648,0
0.3729334,1
0.2595983,1
0.27308795,0
0.25792646,1
0.17821375,1
0.2941348,0
0.36089808,0
0.28848615,1
0.30972493,0
0.33162707,0
0.24686185,0
0.28121,1
0.3180303,0
0.25287068,1
0.30850977,0
0.31208122,1
0.3047188,0
0.116323255,1
0.24336648,1
0.3576646,0
0.19676545,1
0.33060944,0
0.2053619,1
0.33161432,0
0.21738824,1
0.147413,1
0.35025904,0
0.28178674,0
0.30279624,0
0.3087304,1
0.36019254,1
0.2522251,0
0.2797421,0
0.31816044,0
0.11222867,1
0.23355617,0
0.32946625,1
0.30213487,0
0.33242235,1
0.22274688,0
0.25036553,0
0.27506277,0
0.30423546,0
0.18834946,1
0.23966765,1
0.28499395,1
0.29241946,1
0.27605045,0
0.2585655,0
0.32928425,1
0.2821099,1
0.3408741,0
0.28279367,0
0.34311557,0
0.28499666,1
0.27536204,0
0.29105124,1
0.20292953,1
0.27867612,0
0.27473402,0
0.20596012,1
0.23359905,1
0.28636348,0
0.3108005,1
0.25579903,1
0.30867544,0
0.38493297,1
0.3449582,0
0.31911537,0
0.2547011,1
0.29367688,0
0.3039379,0
0.23146488,1
0.19611883,1
0.26586586,1
0.34555227,0
0.2840462,0
0.2598038,1
0.2563582,1
0.2810783,0
0.28915632,0
0.31036195,0
0.31016237,0
0.34748,0
0.2796154,0
0.24309994,1
0.3266594,0
0.25203902,0
0.33361268,0
0.3464713,1
0.35505784,0
0.2782934,1
0.24764074,0
0.34494966,1
0.24267086,0
0.22589457,0
0.22038989,0
0.3410567,0
0.27802455,1
0.23800465,0
0.32042584,0
0.26186353,0
0.3197361,0
0.14783466,1
0.31977057,0
0.28117722,0
0.269834,0
0.3170278,1
0.29177332,0
0.29078746,1
0.24532655,0
0.3867312,0
0.26821002,1
0.4012779,0
0.25068188,1
0.29711375,0
0.3258221,0
0.25305116,1
0.29266682,0
0.25234017,1
0.3868147,0
0.33026695,1
0.2636446,0
0.32839593,0
0.26159075,1
0.3006357,0
0.2510435,1
0.3031106,0
0.23853993,0
0.13503662,1
0.29439062,0
0.2063405,1
0.28580096,0
0.22932948,1
0.24992923,1
0.37682682,0
0.3042273,0
0.21024913,1
0.29207322,0
0.28773946,1
0.32363242,0
0.24658252,1
0.33647567,0
0.22452146,1
0.2163041,1
0.3715588,0
0.25946164,0
0.32785672,0
0.24219081,0
0.29071847,0
0.22184795,0
0.2726193,0
0.17757134,0
0.31201902,1
0.26688403,0
0.18214361,1
0.30266124,1
0.35349143,0
0.29321378,0
0.2671103,0
0.23709068,1
0.29135716,0
0.33552006,0
0.29847747,0
0.31024915,0
0.18288215,1
0.21080261,1
0.24821514,1
0.16166677,1
0.31005254,0
0.30491254,1
0.25615653,1
0.3514619,1
0.246542,0
0.3413659,1
0.2725053,0
0.29638296,0
0.14363007,1
0.31771365,0
0.28953555,0
0.24727023,1
0.32249367,1
0.23094776,1
0.30750346,1
0.24324796,1
0.28413782,0
0.29772195,0
0.28175092,1
0.31859267,0
0.29573095,0
0.18958034,1
0.28165442,0
0.31688213,0
0.39310095,1
0.21462233,1
0.31337726,1
0.32567233,0
0.24476011,0
0.20749739,1
0.2701054,1
0.2952005,0
0.255835,0
0.284487,1
0.26839522,1
0.28949714,0
0.3596135,1
0.2917226,0
0.33478606,0
0.23983654,1
0.29455656,0
0.2831724,0
0.32603565,0
0.30292127,1
0.30911833,0
0.15735805,1
0.29273817,1
0.26360816,0
0.26787016,0
0.22123566,1
0.2442437,1
0.35522762,0
0.3074128,0
0.2849734,0
0.26959074,0
0.3381887,0
0.3346734,0
0.2820049,0
0.32969284,1
0.19041497,1
0.24047148,0
0.3055215,1
0.28437504,1
0.34965068,1
0.19465661,1
0.34573922,1
0.31792772,0
0.30674902,0
0.23948902,1
0.33935738,0
0.26205137,0
0.34411278,0
0.24444896,0
0.30962735,0
0.30720773,0
0.33805674,0
0.32867393,0
0.29317284,0
0.2838645,1
0.23917657,0
0.29560575,1
0.27484018,1
0.23834255,1
0.27398616,0
0.2872717,0
0.21308208,1
0.22359122,1
0.25056833,0
0.27738306,0
0.3156255,0
0.2250917,0
0.25102654,1
0.31631702,0
0.27991983,0
0.27872083,1
0.25314623,0
0.31081265,0
0.3603986,0
0.34775728,1
0.24622497,1
0.31753027,0
0.36377904,0
0.34622824,0
0.333132,0
0.33874795,0
0.35714793,0
0.2855988,1
0.22470088,1
0.30309385,0
0.23991767,0
0.34417126,1
0.2634369,0
0.27250686,0
0.264244,1
0.20406571,0
0.25073072,0
0.24908014,1
0.2974015,0
0.3371991,1
0.3104604,0
0.25632036,1
0.29986933,0
0.31914902,0
0.2260821,0
0.36111647,0
0.29826355,1
0.32199523,0
0.3140718,1
0.29603603,1
0.34441364,0
0.27452356,1
0.27350384,1
0.29032558,1
0.32890192,1
0.27056256,0
0.2514275,1
0.22595248,1
0.22524516,1
0.18749824,1
0.26329762,0
0.27576977,1
0.32710347,1
0.1839246,1
0.2386702,1
0.2916299,1
0.18799424,1
0.29796338,1
0.20158139,1
0.22159933,1
0.22791573,1
0.25829262,0
0.28784317,1
0.16627666,1
0.25932395,1
0.29552478,0
0.2541638,0
0.2663377,1
0.25495833,1
0.3519663,0
0.3106323,0
0.26879406,0
0.21783847,0
0.15417898,0
0.26768872,0
0.33082795,0
0.25790507,1
0.33298728,0
0.27928013,1
0.26907712,0
0.27676713,0
0.22897667,1
0.3548351,1
0.35107866,0
0.26005512,0
0.3031605,0
0.35484087,1
0.27095938,1
0.13933025,1
0.38743573,0
0.32203403,0
0.31103468,0
0.3523708,1
0.26795304,1
0.21919858,1
0.22138697,1
0.29004827,1
0.30472183,0
0.23900595,1
0.23930296,1
0.36188677,0
0.2660467,0
0.2678693,0
0.27167434,0
0.30268556,0
0.33791813,1
0.3448836,0
0.24712054,1
0.25602823,1
0.16201782,1
0.31778657,0
0.3200443,0
0.24728677,0
0.23931761,1
0.3248524,0
0.28620917,0
0.26060727,0
0.3082466,0
0.3320648,0
0.2844786,0
0.291306,0
0.3674193,0
0.33375084,0
0.27994528,1
0.22366902,1
0.22214939,1
0.34618944,1
0.30571806,0
0.27807224,0
0.2714356,1
0.28453672,0
0.24555203,1
0.24681659,1
0.24785143,0
0.16947518,1
0.2832951,0
0.33331674,1
0.34313104,1
0.2981039,0
0.27644098,0
0.3507058,0
0.31240097,0
0.41832,0
0.29936594,0
0.2789349,1
0.2960572,1
0.27202356,0
0.24840316,1
0.247089,0
0.3357658,1
0.27506804,0
0.2782588,0
0.2980452,1
0.3117035,0
0.28344825,1
0.3164564,0
0.24339211,1
0.15928131,1
0.21443999,1
0.3562762,0
0.32292873,0
0.3097719,0
0.29837072,0
0.3146119,0
0.22157806,0
0.2809297,0
0.2216123,1
0.28151688,1
0.28191733,0
0.23204686,0
0.24549645,1
0.29377452,0
0.21551469,1
0.25212008,0
0.26684207,0
0.35440323,0
0.20840698,1
0.24064268,1
0.25090578,1
0.23527801,0
0.28257868,0
0.35485178,1
0.32588574,0
0.34596956,0
0.30295536,0
0.2655955,1
0.2880314,1
0.3377637,1
0.26225755,0
0.26347008,0
0.30825838,0
0.27847782,0
0.26479325,1
0.3026224,0
0.3158971,1
0.29687858,0
0.2422536,0
0.22969219,1
0.37134126,1
0.18906835,0
0.31027007,1
0.29892218,1
0.3481044,1
0.3363447,0
0.22824505,1
0.2618653,0
0.3171097,0
0.29148906,0
0.3075482,0
0.3210416,0
0.31581485,1
0.3303091,0
0.28652343,0
0.20566422,1
0.24109909,0
0.22448273,1
0.2632007,0
0.27965704,1
0.27553195,0
0.3507574,0
0.32512957,0
0.33091813,1
0.331191,0
0.26685256,0
0.21659613,1
0.2083675,1
0.32524288,1
0.2655226,1
0.22443116,1
0.29701507,0
0.33221465,0
0.28167784,0
0.2821645,0
0.19015276,1
0.23916171,1
0.14791788,1
0.22520125,1
0.21889691,1
0.28268582,0
0.34621537,1
0.2727697,1
0.20182213,1
0.24817893,1
0.3228285,1
0.2546498,1
0.22629893,1
0.25336778,0
0.31240737,0
0.26181632,1
0.2390516,0
0.24523818,1
0.22224511,1
0.32586735,0
0.2311611,1
0.2864245,0
0.3523971,1
0.25101042,0
0.3240958,1
0.29762557,1
0.27886432,0
0.3192635,1
0.21943533,1
0.34782666,0
0.3124542,0
0.28186083,0
0.30425626,0
0.25118238,1
0.26594535,1
0.23103398,1
0.20643385,0
0.2620594,1
0.31251773,0
0.2697516,0
0.24266186,0
0.2148339,1
0.2854572,0
0.3025146,0
0.3142531,0
0.29735175,0
0.18487833,1
0.31682128,0
0.3290286,0
0.15417182,1
0.28134394,0
0.31185105,0
0.30819646,1
0.35113353,1
0.3048576,0
0.16344184,1
0.30536562,1
0.33897895,1
0.30381495,0
0.23084998,1
0.27480748,0
0.30993754,0
0.26618615,1
0.18963131,1
0.19997364,0
0.28406876,0
0.29695946,0
0.25693664,0
0.2761204,0
0.3116962,0
0.20995153,1
0.22811164,0
0.34012625,1
0.19411914,1
0.2918424,0
0.2698421,1
0.29863012,1
0.31777698,0
0.2819449,1
0.23437133,1
0.2501319,0
0.16756487,1
0.2042779,1
0.3206879,0
0.23593275,1
0.20462471,1
0.30667153,0
0.23079309,0
0.21083376,1
0.3012076,0
0.29365042,0
0.27149135,1
0.28506425,1
0.19693813,1
0.2533525,0
0.28157592,0
0.2690727,1
0.3259923,0
0.30070788,0
0.32593817,0
0.302337,1
0.27297196,1
0.23210084,0
0.28138387,0
0.3233347,0
0.24589707,1
0.30759713,1
0.34483474,1
0.2936002,0
0.3242209,0
0.28926593,0
0.21247861,1
0.18824807,1
0.23759723,1
0.28592062,1
0.19712394,1
0.3016571,1
0.2857644,1
0.15932909,1
0.32374144,0
0.31958532,1
0.2806681,0
0.34858903,1
0.28692204,0
0.27031857,0
0.2630003,0
0.31320998,1
0.33166307,0
0.24964634,0
0.24244204,1
0.27173,1
0.24732602,1
0.21984911,1
0.25915608,0
0.30147594,1
0.27059793,1
0.2768185,1
0.22097963,1
0.35695183,0
0.20884043,1
0.33038032,0
0.24833342,1
0.3095167,0
0.2825916,1
0.27897012,0
0.2453213,1
0.3619415,0
0.25756925,1
0.3412873,1
0.33934808,0
0.22787404,0
0.18302399,1
0.32571238,0
0.11798127,1
0.28331262,1
0.21673414,1
0.33201426,1
0.28206384,0
0.26145205,1
0.29420462,0
0.14580661,1
0.3096775,0
0.3279612,0
0.34615934,1
0.2350547,1
0.29443848,1
0.3442854,1
0.2980308,0
0.42327595,0
0.18477337,1
0.30766964,0
0.29140395,0
0.37194988,1
0.28824535,0
0.26556095,1
0.353851,1
0.29471064,1
0.22405438,1
0.28657687,0
0.23351052,0
0.24060589,1
0.24284077,1
0.17759769,1
0.2783101,1
0.38656777,1
0.21642551,1
0.34680152,0
0.34467113,0
0.2081693,0
0.29321107,0
0.3118833,1
0.28648022,1
0.24269748,0
0.33650655,0
0.33834365,0
0.2798579,1
0.26875478,0
0.16822085,0
0.3161298,0
0.3247085,0
0.23258352,1
0.20690188,1
0.31474203,0
0.30022424,0
0.33555716,0
0.32044822,0
0.30368313,1
0.27242282,0
0.3124929,1
0.32009482,0
0.2643562,0
0.3091883,1
0.36468735,1
0.27445,1
0.23736772,1
0.32858133,0
0.2956845,0
0.20753871,1
0.24638683,1
0.31972152,1
0.26603732,0
0.38905132,0
0.2811201,0
0.2763794,1
0.27021432,1
0.2664652,1
0.300083,1
0.28274554,1
0.31541753,0
0.32222652,1
0.3805871,0
0.28725135,1
0.34706837,0
0.29788336,0
0.2508153,0
0.32133508,0
0.29251242,0
0.3782621,1
0.20012695,1
0.30046588,0
0.24026713,0
0.30749378,0
0.2955722,0
0.2986949,0
0.24459021,1
0.25032902,0
0.2792842,1
0.27184796,0
0.28832528,1
0.35821,1
0.26720166,0
0.25325972,0
0.33762735,0
0.21278158,1
0.14862312,1
0.20494282,1
0.27524108,1
0.35416204,0
0.28722164,1
0.2126793,1
0.26647922,0
0.23130488,1
0.2709901,1
0.2529468,0
0.33122522,0
0.26762167,1
0.32421166,0
0.268775,0
0.25417697,1
0.28344887,1
0.24758407,1
0.33008713,0
0.306886,1
0.28814888,0
0.33235613,0
0.28908724,1
0.28294972,1
0.28993464,1
0.21693507,1
0.18394476,1
0.3227728,0
0.2283433,1
0.34621704,1
0.32668823,1
0.32426584,0
0.21821018,1
0.31215212,0
0.26116896,0
0.1412747,0
0.338847,0
0.2438707,1
0.20197052,1
0.24920213,1
0.27287328,1
0.27946115,0
0.28844726,0
0.33819193,1
0.23654336,1
0.29402202,0
0.3318705,0
0.33777675,1
0.24424681,1
0.26480785,1
0.29898053,0
0.30999896,1
0.2477016,1
0.31005812,0
0.30907422,0
0.33607522,0
0.2761442,1
0.31647494,0
0.24235572,1
0.22464396,1
0.25363576,1
0.1916628,1
0.19808395,0
0.2881763,1
0.31599554,0
0.23587999,0
0.27234888,1
0.19292536,1
0.30635747,0
0.2654268,1
0.2920763,1
0.31709653,0
0.2875995,1
0.30589658,0
0.24869904,0
0.21419553,0
0.1771403,1
0.17545196,1
0.28184843,0
0.22376823,0
0.22458209,1
0.22926171,1
0.24717632,1
0.3423078,0
0.26145476,0
0.3317889,0
0.31791705,0
0.29855415,0
0.27452543,1
0.11824253,1
0.2651395,0
0.2644449,0
0.35900813,0
0.2486383,0
0.29674625,1
0.2789466,0
0.26945537,0
0.20791471,1
0.37092263,0
0.3192247,0
0.32155585,0
0.2924328,0
0.29624236,0
0.2389539,1
0.29737538,0
0.34124637,0
0.19796078,1
0.20902458,1
0.15812661,1
0.26498953,1
0.2529475,1
0.2812339,1
0.2805793,1
0.3120123,1
0.33615777,0
0.26149333,1
0.27116162,0
0.27435666,1
0.2857694,0
0.28444377,1
0.25039074,1
0.1666514,1
0.27277827,1
0.20528914,1
0.22258635,1
0.27315277,1
0.21414714,1
0.26713565,0
0.26186058,1
0.27271652,1
0.23301971,1
0.3189556,0
0.30162257,0
0.25427666,1
0.32622123,0
0.1974363,1
0.29800338,1
0.25046495,1
0.25951013,0
0.24946854,1
0.20691544,1
0.31614837,0
0.3123387,1
0.31926024,0
0.16833058,1
0.30682465,0
0.26132032,1
0.18213628,1
0.32006496,0
0.30145022,1
0.31658673,1
0.31717104,0
0.3107214,0
0.2332976,0
0.32367116,0
0.21001816,1
0.27371517,1
0.2618797,1
0.3363832,0
0.2572022,0
0.22031072,1
0.3062166,1
0.31776828,0
0.2830262,0
0.25276223,0
0.2784099,0
0.30329835,0
0.3316288,1
0.30497774,1
0.31223857,0
0.30046788,0
0.2984618,1
0.20660047,0
0.29992592,0
0.1735965,1
0.3107668,1
0.253085,0
0.28978097,0
0.23741278,1
0.23025058,1
0.2653036,1
0.24971832,0
0.23274651,0
0.23061784,1
0.23286887,1
0.3036536,0
0.23946628,0
0.32940158,0
0.29417932,1
0.32249787,0
0.28271836,1
0.29215536,0
0.37591866,0
0.21722394,1
0.23043624,1
0.35562906,1
0.31019616,0
0.2732572,0
0.31546667,0
0.30996254,0
0.27593747,1
0.30918792,1
0.19675936,1
0.27289337,0
0.30153596,1
0.31187114,1
0.32351464,1
0.2737683,0
0.36335152,0
0.3414649,0
0.31732684,0
0.15583023,1
0.31157297,0
0.32002175,0
0.36315608,0
0.31680354,0
0.28482768,0
0.17388225,1
0.26786602,1
0.26005954,1
0.29052365,0
0.25489292,0
0.27884576,1
0.2800096,1
0.27442962,0
0.3447763,1
0.24717951,0
0.2789357,0
0.22370665,1
0.34087762,1
0.30801228,0
0.22556327,1
0.3126931,0
0.20360738,1
0.40171677,0
0.25305057,0
0.29910368,0
0.26250368,1
0.343215,0
0.28101528,0
0.19650531,0
0.22904214,0
0.32324958,0
0.18908209,1
0.39679456,0
0.26154605,1
0.20771104,1
0.22853456,1
0.25087762,0
0.32360858,0
0.36179948,0
0.24308006,0
0.2520821,1
0.32131875,0
0.28601873,0
0.15500188,1
0.33698454,0
0.19696198,1
0.20098571,1
0.29983872,1
0.31732953,0
0.22442348,0
0.33629036,0
0.2348027,1
0.30150825,1
0.2001335,1
0.21050534,1
0.24873029,0
0.30931655,1
0.2977564,1
0.31870916,1
0.26999515,1
0.22133279,1
0.2964505,1
0.2070706,1
0.31344151,0
0.26107824,0
0.22348545,1
0.28050312,0
0.21286911,1
0.31547695,0
0.26280785,0
0.32759535,1
0.27692434,0
0.32454807,0
0.22926119,1
0.2524576,1
0.2821499,1
0.29771364,0
0.2359213,1
0.25676173,1
0.2585876,0
0.31999898,0
0.28595603,0
0.21934605,1
0.25472492,1
0.31370735,0
0.25237143,1
0.2524486,1
0.25468397,0
0.268811,0
0.27338576,1
0.3023123,0
0.25476277,0
0.15943792,1
0.33170936,1
0.26662686,1
0.22262636,1
0.28772485,0
0.19234684,1
0.22948983,0
0.35044348,1
0.3027178,0
0.25720227,0
0.32524678,0
0.37079984,0
0.30227473,1
0.21337056,0
0.3015075,0
0.30475014,1
0.31108955,1
0.23997593,1
0.27695352,0
0.35280955,1
0.2729844,1
0.2614857,1
0.29073638,0
0.20950529,1
0.21624786,1
0.30857652,1
0.32539117,0
0.29639313,1
0.28395766,1
0.29036826,0
0.24278036,0
0.31463864,0
0.25504425,1
0.33118594,1
0.31855655,1
0.25403553,0
0.25189164,0
0.321094,1
0.3197542,1
0.3218512,0
0.24992976,1
0.27299052,0
0.27860665,1
0.19586736,1
0.26705182,0
0.33202899,0
0.17371792,1
0.22477368,1
0.2506823,0
0.22164568,1
0.3559636,0
0.282853,0
0.25509176,0
0.2559585,0
0.20451915,1
0.3177455,0
0.3025732,1
0.2186772,1
0.31743187,1
0.2291993,1
0.2969293,1
0.2134055,1
0.36605203,1
0.20997843,0
0.25565833,0
0.22410443,1
0.32280147,1
0.3123492,1
0.29860097,0
0.18113887,1
0.32012725,1
0.32278723,0
0.12957408,1
0.2723531,0
0.2733356,1
0.28757071,1
0.26957476,0
0.28399423,0
0.30328792,1
0.32977438,0
0.24329083,0
0.2697058,0
0.22955431,1
0.31894606,0
0.29589108,0
0.29333484,1
0.3312567,1
0.36541414,0
0.30412713,0
0.36327386,0
0.3003506,0
0.30130386,1
0.29719076,1
0.2419707,0
0.25184748,1
0.22864237,1
0.19091603,1
0.33108193,0
0.32326394,0
0.3085408,1
0.30762446,0
0.28840268,1
0.3675913,0
0.20136757,1
0.24245124,0
0.32113484,0
0.2744423,0
0.2988851,0
0.30532512,1
0.28148174,0
0.26595876,1
0.3004401,0
0.1876795,1
0.25588235,1
0.28553796,1
0.21751207,1
0.24347557,0
0.29306316,0
0.26341027,0
0.27130812,1
0.29514956,0
0.30782482,0
0.1980485,0
0.23388906,1
0.39397094,0
0.26864213,1
0.29458377,0
0.31792653,0
0.26600462,1
0.26784784,1
0.30238968,1
0.21863148,0
0.28840873,0
0.34657297,1
0.34011137,1
0.27035123,1
0.2710102,0
0.31608942,1
0.19052064,1
0.32765558,0
0.27535763,1
0.37304795,0
0.24456382,0
0.2978307,0
0.23275399,1
0.19998887,1
0.3656458,1
0.29836845,0
0.3184563,1
0.37896138,1
0.31699738,1
0.18526746,0
0.33058345,0
0.30604994,0
0.38444906,0
0.3586986,0
0.3542207,0
0.33262,0
0.33153936,0
0.1732763,1
0.31144676,0
0.25305885,1
0.3048089,0
0.26401794,0
0.24769893,1
0.3442476,0
0.31004512,0
0.3143624,1
0.29920244,1
0.18765685,1
0.36588365,0
0.22359973,1
0.2520802,0
0.349523,0
0.2652686,0
0.23987299,1
0.3053873,0
0.2994259,0
0.25496197,1
0.24161358,1
0.32151377,1
0.33587998,1
0.28930882,0
0.31758562,1
0.28075647,1
0.1763387,1
0.3082023,1
0.2920856,0
0.15271398,0
0.30441022,1
0.33617705,1
0.2832077,1
0.28435075,0
0.3444161,0
0.21778129,1
0.26989812,0
0.20739323,1
0.36063546,1
0.2978266,1
0.13770866,1
0.25567412,0
0.27234557,0
0.31333154,1
0.3397658,0
0.27753896,1
0.32049817,1
0.24894285,0
0.3089282,0
0.37577778,0
0.26980388,0
0.28876647,0
0.35576594,0
0.23814657,1
0.25337768,1
0.3734085,0
0.31523132,0
0.2327951,1
0.26118088,1
0.28626564,1
0.30171645,0
0.21353686,1
0.29564646,0
0.27933502,1
0.3031643,0
0.2977112,1
0.24910726,1
0.100105435,0
0.26184237,0
0.31914878,0
0.29557705,0
0.31823167,0
0.24143288,1
0.2539925,0
0.22615823,1
0.33799058,0
0.2757072,0
0.2688424,0
0.16107607,1
0.35227486,1
0.21862581,0
0.3100184,0
0.2955944,1
0.28306746,0
0.3072683,0
0.32749382,0
0.2714883,0
0.26325423,1
0.34731773,1
0.24903199,1
0.29652146,0
0.29684207,0
0.2982025,1
0.2936559,0
0.34647745,0
0.30301252,0
0.17852145,0
0.22785074,1
0.32536936,0
0.25518423,0
0.25571138,1
0.2921623,0
0.12450391,1
0.27286515,1
0.2901619,1
0.2586258,0
0.26867455,0
0.355425,1
0.3181515,0
0.2740224,0
0.3165999,0
0.24173406,0
0.3137282,0
0.26460087,0
0.25578845,1
0.27961177,1
0.22025314,0
0.3378263,0
0.14878324,1
0.23956294,1
0.34652534,0
0.33538595,0
0.34828758,0
0.31842956,1
0.38026032,0
0.20973179,0
0.29880783,1
0.2899869,0
0.25854304,1
0.3245489,1
0.20710959,1
0.30871117,0
0.33646148,0
0.22523944,1
0.31114978,0
0.21510826,1
0.3123886,0
0.31190202,1
0.3478455,0
0.32360047,0
0.29084754,0
0.1868456,1
0.30332863,0
0.24076214,1
0.2422095,1
0.2901441,1
0.21587017,1
0.27595899,0
0.20409076,1
0.29905486,1
0.30429292,0
0.21492416,1
0.28620517,0
0.3331766,0
0.2976564,1
0.2155149,1
0.28642008,1
0.3239048,0
0.3276987,0
0.26681775,0
0.28503162,0
0.1984118,1
0.28051952,0
0.34236142,1
0.32662845,1
0.287782,0
0.16901451,1
0.20415694,1
0.29058117,0
0.25384545,0
0.17705803,1
0.26517385,0
0.24193355,0
0.33112344,0
0.3195016,0
0.13950586,0
0.2017084,1
0.29583436,0
0.3271016,0
0.2356375,1
0.31840485,1
0.30553055,0
0.21160293,1
0.19931987,1
0.19485497,1
0.27289534,0
0.27618176,1
0.30891472,0
0.31002718,0
0.2223741,0
0.3614357,0
0.2483437,0
0.28085643,0
0.37800246,0
0.3054312,0
0.22260475,1
0.19100712,1
0.2822519,1
0.25676835,1
0.30411106,0
0.26544052,1
0.32494214,0
0.27812588,0
0.30345252,0
0.25124213,0
0.28532052,1
0.19909985,1
0.31334686,0
0.17755333,1
0.20357189,1
0.20988232,1
0.20132035,0
0.17272905,1
0.3388729,0
0.27399164,0
0.24341936,1
0.28646296,0
0.3360083,1
0.2716391,0
0.16977382,1
0.18595687,1
0.32532305,1
0.29172707,0
0.28722242,0
0.23672724,1
0.33362833,0
0.3231988,0
0.20376419,1
0.34276342,0
0.17987697,1
0.31137353,0
0.2503634,0
0.2834096,0
0.2715726,0
0.32824373,0
0.3116625,0
0.18585443,0
0.23651044,1
0.3220349,0
0.2906304,1
0.17422572,1
0.30310124,1
0.36622906,1
0.22629187,1
0.34674573,0
0.2135045,1
0.24043098,0
0.2793514,0
0.26160473,0
0.29818118,0
0.2400737,1
0.32431272,1
0.22901449,1
0.29068127,1
0.26949376,1
0.3141303,0
0.26053518,1
0.33099037,0
0.32645708,0
0.2742061,1
0.13253672,0
0.33988357,0
0.28423876,1
0.360489,1
0.31128818,1
0.26810157,1
0.37376475,0
0.27433062,1
0.3199839,1
0.2639283,0
0.29455,0
0.23014763,1
0.292516,0
0.35953432,1
0.26380602,0
0.20795634,1
0.22337067,1
0.26231304,1
0.29105118,1
0.31076655,0
0.3640688,0
0.31966668,0
0.21324916,0
0.3360533,0
0.31297755,0
0.22075525,1
0.33761674,0
0.20158803,1
0.29345793,1
0.28649136,0
0.23358724,1
0.31860128,0
0.31027612,0
0.21106291,1
0.27913797,1
0.3316469,1
0.26131353,0
0.28060472,0
0.1710222,1
0.36022002,0
0.2969499,1
0.22122201,0
0.26382783,1
0.29499802,0
0.21256256,1
0.38951254,1
0.39508945,0
0.1980394,1
0.22326204,1
0.19345728,0
0.23398541,1
0.31265002,1
0.29790452,0
0.29513147,0
0.19407496,1
0.25442192,1
0.18114206,1
0.26840475,1
0.30458874,0
0.31160343,0
0.30794522,1
0.2975952,0
0.19551317,1
0.32732978,0
0.22733074,1
0.29451597,0
0.29433703,1
0.32224756,0
0.27938336,1
0.3159208,0
0.20575395,0
0.34533107,1
0.19001275,1
0.22396366,1
0.2839051,0
0.20867173,1
0.24111156,0
0.28451622,0
0.36607736,0
0.23882687,1
0.22227976,0
0.20429882,1
0.16816331,1
0.1696918,1
0.18321244,1
0.21700796,1
0.17454275,1
0.23865405,1
0.2427328,1
0.20770177,1
0.23250042,1
0.35220295,1
0.21147536,0
0.35545978,0
0.25755286,0
0.28961623,0
0.1705576,1
0.26973975,0
0.31020543,1
0.28115338,1
0.32062218,0
0.3046418,1
0.25618348,0
0.32149905,0
0.24626264,1
0.21681906,1
0.35808492,0
0.2755248,0
0.18802178,1
0.25775164,1
0.2194092,1
0.19025981,1
0.33630353,0
0.3205564,0
0.32829612,1
0.31883818,0
0.28252825,1
0.2649875,0
0.31080574,0
0.25097325,0
0.15366958,1
0.24540427,1
0.26695007,1
0.30066139,1
0.31081504,0
0.32536477,1
0.26735556,0
0.19025843,1
0.33092293,0
0.24753502,0
0.32350624,0
0.31596297,0
0.2122547,1
0.30046347,0
0.22767179,1
0.29805094,1
0.20502287,0
0.34499744,0
0.25452718,1
0.31932542,0
0.3003927,1
0.22031887,0
0.29991728,0
0.27451923,0
0.2603119,1
0.24169688,0
0.28683066,0
0.094306864,1
0.31002712,0
0.17197211,1
0.40251708,0
0.28761983,0
0.2562742,1
0.3040471,0
0.25419882,0
0.30750307,1
0.25390938,1
0.30011782,1
0.30125058,0
0.25614622,0
0.24591488,1
0.27249223,0
0.2842856,1
0.29656187,0
0.22895041,1
0.24050252,1
0.2541057,1
0.29215688,0
0.18345985,1
0.28225285,0
0.25030375,0
0.21024124,1
0.30793354,0
0.23168655,1
0.2224429,0
0.3422501,1
0.2164941,0
0.30896452,0
0.34067827,0
0.35558224,0
0.28513056,1
0.1919862,1
0.29493186,0
0.2551298,0
0.25739,1
0.18908177,0
0.3731719,1
0.16099818,1
0.23333868,1
0.28111288,1
0.20414959,1
0.20965408,1
0.34329784,0
0.33530003,0
0.32967553,0
0.1914273,0
0.3506223,1
0.33819187,0
0.2814244,1
0.2631311,0
0.31934267,1
0.3222694,1
0.2882906,1
0.3083577,0
0.31801468,0
0.2874071,0
0.2547785,1
0.26555693,1
0.24436459,1
0.24747418,1
0.30367255,0
0.2251629,0
0.3354426,0
0.31077117,0
0.31610292,0
0.21976557,1
0.2583071,1
0.19992565,1
0.28451425,1
0.2569756,0
0.27371144,0
0.28103244,0
0.2727081,1
0.30444145,1
0.2896493,0
0.3114683,0
0.2761866,0
0.32869104,0
0.3472365,0
0.33722723,0
0.14222255,1
0.38804784,0
0.24774957,1
0.24781229,0
0.3246956,0
0.25256768,1
0.35588682,0
0.33261544,0
0.1556596,1
0.30019826,1
0.3504964,0
0.33845466,0
0.20681326,1
0.30805683,0
0.30046323,0
0.33838454,1
0.31840888,0
0.3090016,0
0.33662516,0
0.28903055,0
0.20816746,1
0.3375861,0
0.21421506,1
0.22954363,0
0.27740306,0
0.3917004,0
0.24053553,1
0.31986773,0
0.25882488,0
0.29994935,0
0.3149234,0
0.32816988,0
0.35121757,0
0.31315637,1
0.33090574,1
0.32118294,0
0.21433035,1
0.37064943,1
0.2818639,0
0.2887123,1
0.26945305,0
0.25564083,1
0.34892887,0
0.2868048,0
0.28785563,0
0.3081925,0
0.25785416,0
0.35680938,1
0.236612,0
0.3568502,0
0.24784307,0
0.28658897,0
0.4010547,1
0.18391198,1
0.28105354,0
0.35636705,1
0.17484948,1
0.2998833,1
0.2980451,1
0.34293127,1
0.32628423,0
0.35752326,1
0.3128549,0
0.3253689,0
0.3304924,0
0.2280424,1
0.23679972,0
0.28051466,0
0.21654601,1
0.29151616,0
0.25965968,0
0.26640797,0
0.1894911,0
0.34767964,0
0.28405303,0
0.20983066,0
0.2819637,1
0.3175199,1
0.21952482,1
0.3451555,0
0.21200159,1
0.30033112,0
0.23958534,1
0.31725654,0
0.32221228,0
0.18917051,1
0.29312527,1
0.31512433,0
0.27536792,0
0.27308667,0
0.39107445,1
0.25731492,0
0.26194865,1
0.32393068,1
0.18454228,1
0.27422497,0
0.30452928,0
0.275424,0
0.23352689,1
0.31125355,0
0.3517827,1
0.28229457,1
0.3102152,1
0.25265205,1
0.19439647,1
0.28560913,0
0.29380226,1
0.31938016,0
0.29851907,0
0.25510278,1
0.24685818,0
0.21427208,1
0.32156134,0
0.21923465,1
0.27813593,1
0.2414918,1
0.33523786,0
0.31338465,0
0.28935343,1
0.26187727,1
0.30159107,0
0.2500133,1
0.31550273,0
0.2874069,0
0.2939855,0
0.33321896,1
0.2395933,1
0.24586615,1
0.34204873,0
0.28547573,1
0.2903908,0
0.23682676,1
0.34305537,0
0.1755934,0
0.2963311,0
0.32305878,0
0.34629694,0
0.29148674,0
0.34493956,0
0.23855242,0
0.27099976,0
0.28172553,0
0.3475662,1
0.27642038,0
0.31405193,1
0.16001318,1
0.236252,1
0.2825197,1
0.27498382,0
0.32225734,0
0.27707672,0
0.2901463,0
0.30026984,0
0.23785716,1
0.32692996,0
0.26060072,0
0.24512325,1
0.2599707,1
0.2822646,0
0.19059666,1
0.26814866,1
0.26915956,0
0.29783145,0
0.30191284,1
0.3131649,0
0.26154044,0
0.27178988,0
0.32850474,0
0.1543182,1
0.27164954,0
0.2725671,0
0.26176918,0
0.3069931,0
0.2878182,1
0.25012404,1
0.30043095,0
0.22729054,0
0.26330352,0
0.25381082,0
0.26666564,1
0.2875523,1
0.30444932,1
0.26963234,1
0.30540437,1
0.16123796,1
0.23066677,1
0.22003013,1
0.2729271,1
0.35441226,0
0.35115355,0
0.2991436,0
0.26935756,1
0.28319713,0
0.3149114,0
0.30844128,0
0.20249456,1
0.30485997,0
0.29511043,1
0.32186586,1
0.19090253,0
0.32462755,0
0.25180715,0
0.30131555,1
0.26257837,0
0.19212803,1
0.16026813,1
0.22344291,1
0.3242236,0
0.22682,1
0.31556728,1
0.25068617,1
0.29704678,1
0.3381268,1
0.27125344,0
0.31312275,0
0.27416074,1
0.26160902,0
0.3244282,0
0.24723488,1
0.2609437,1
0.29276627,0
0.22207735,1
0.25422588,1
0.31283265,1
0.2446109,1
0.30202633,0
0.28098628,1
0.28862315,0
0.30819052,1
0.31464836,0
0.36655587,0
0.20398994,1
0.2554057,0
0.30063108,0
0.25378758,1
0.2717114,0
0.25338817,0
0.3694353,0
0.31278127,1
0.21266401,1
0.24848612,0
0.27422354,0
0.2662802,0
0.29974794,0
0.26390082,0
0.3157208,0
0.34897798,1
0.30139226,0
0.2940498,0
0.33310556,1
0.2543643,1
0.11303823,1
0.29260555,1
0.29148856,1
0.23201832,0
0.18921152,0
0.21589962,1
0.3012104,0
0.2954778,0
0.25301182,1
0.22463141,0
0.32149732,0
0.36147934,1
0.3114038,0
0.28314254,1
0.2726043,1
0.30676502,0
0.22454956,1
0.24781798,1
0.26655486,0
0.20223762,1
0.34941947,0
0.25499246,0
0.3221798,1
0.2776902,0
0.30506873,0
0.32438228,1
0.29622048,0
0.30163476,1
0.30376264,1
0.25663298,0
0.2348893,0
0.22071025,1
0.2623492,1
0.20030503,1
0.30005473,1
0.31931758,0
0.33055747,0
0.35808766,1
0.23193836,1
0.26876092,0
0.30270964,0
0.33653125,0
0.27489287,0
0.30595702,1
0.18093088,1
0.30281007,0
0.33397627,0
0.304917,0
0.2716338,1
0.31732804,0
0.28802446,1
0.20760316,1
0.19852425,1
0.23371476,1
0.24455017,1
0.21098651,1
0.1719912,1
0.28761384,1
0.29296845,0
0.31048933,1
0.31069025,1
0.27969915,0
0.27806413,1
0.20009398,1
0.26641646,1
0.25656182,1
0.2135111,1
0.20729883,1
0.3916381,0
0.2261235,0
0.2792722,0
0.30117273,0
0.26837516,0
0.33478856,0
0.30605686,0
0.2674259,1
0.28876865,0
0.30047113,1
0.24911258,0
0.32669592,0
0.3414863,1
0.29108658,0
0.20902191,1
0.28023934,1
0.31947827,0
0.33756638,0
0.3253986,1
0.32769316,0
0.19471036,1
0.24756773,0
0.28981793,0
0.25667998,1
0.26875353,0
0.2756838,0
0.32891172,1
0.31745213,0
0.2267805,1
0.3064192,0
0.22148752,1
0.23834231,1
0.14237371,1
0.16117182,0
0.3087505,1
0.27700818,1
0.2570156,0
0.2669732,0
0.32332343,1
0.31486198,0
0.22718441,1
0.24325636,0
0.21249977,1
0.23207456,1
0.3284695,0
0.34818268,0
0.22511297,1
0.18491295,1
0.3239713,0
0.21558706,1
0.29524988,1
0.34401056,0
0.28212607,0
0.2135518,0
0.31400234,0
0.25877485,1
0.26274616,1
0.29268125,0
0.33234647,1
0.27021608,1
0.2892965,0
0.27718818,0
0.21980888,1
0.34862477,1
0.32855982,0
0.2448238,1
0.22876379,0
0.29775447,1
0.23362987,1
0.2478432,0
0.26748022,0
0.2304502,0
0.2369811,0
0.2930359,0
0.18185309,1
0.2646014,0
0.36522552,1
0.263411,0
0.13182557,1
0.2486276,1
0.29554036,1
0.22855979,0
0.21823047,1
0.30165833,0
0.32993704,1
0.36333328,0
0.32104307,1
0.21651429,1
0.3248811,1
0.31219712,1
0.2978245,0
0.24645534,0
0.33906394,1
0.28713274,0
0.20583762,1
0.17372292,1
0.30235362,0
0.19112682,1
0.28233907,1
0.215527,0
0.33214253,0
0.18401039,1
0.2607831,0
0.3063704,1
0.2451415,0
0.32659972,1
0.35771686,0
0.27746916,0
0.2165012,1
0.2524509,1
0.2975192,1
0.14790322,1
0.30302793,1
0.298193,0
0.26159635,1
0.28561857,0
0.2980667,0
0.32188034,0
0.23617032,1
0.28482762,0
0.157684,1
0.19915807,0
0.33693278,1
0.213647,0
0.25567162,0
0.24021313,0
0.25714236,0
0.34552065,0
0.26422396,1
0.33381093,0
0.31942362,1
0.2884344,1
0.16558674,0
0.26710385,0
0.34117582,1
0.38635463,0
0.34912056,1
0.27641544,0
0.35450256,0
0.30131435,0
0.15037197,1
0.31306976,0
0.26239216,0
0.23295692,1
0.18925521,1
0.2921855,1
0.2505544,0
0.25848633,0
0.29974073,1
0.26493138,0
0.23426785,1
0.33081207,0
0.19830352,0
0.31708124,0
0.18461496,0
0.25965285,1
0.25312886,0
0.26327914,1
0.30637917,0
0.16288379,1
0.32712838,0
0.2933011,0
0.3167342,1
0.21938562,1
0.3086603,1
0.2671606,1
0.2340602,0
0.23958097,1
0.23750232,1
0.21416855,1
0.18216568,1
0.2881809,1
0.3023079,0
0.30216706,0
0.17057243,1
0.26459134,1
0.3070254,1
0.18483919,1
0.18770175,1
0.2747452,0
0.20443358,1
0.3011651,1
0.19233221,1
0.26908395,1
0.2697236,0
0.30912846,0
0.21676978,1
0.19003844,1
0.31152838,0
0.29156202,1
0.33489013,0
0.23382086,1
0.26412937,0
0.26573074,0
0.3075766,0
0.16125415,1
0.30033273,0
0.27773467,0
0.13545051,1
0.16227697,1
0.2530307,1
0.29495376,1
0.32181254,0
0.2507609,0
0.33466026,0
0.29087472,1
0.20596343,1
0.22922999,1
0.27472448,0
0.2921952,0
0.17998429,1
0.3408103,0
0.2180933,1
0.18510026,0
0.32923633,0
0.25854617,0
0.3823087,1
0.17765468,0
0.23410171,1
0.3582947,0
0.33468544,0
0.2070207,1
0.22825065,1
0.31281835,1
0.3459721,1
0.29763895,1
0.25642496,1
0.22726764,0
0.29777712,0
0.2842781,0
0.24879858,0
0.21607634,1
0.28455946,0
0.24728969,0
0.2606533,0
0.26677626,0
0.30996445,0
0.3199096,0
0.25025958,1
0.09620813,1
0.29614282,1
0.35258007,0
0.23709416,1
0.31083,1
0.27576682,0
0.3390365,0
0.22958887,0
0.3874425,1
0.2479552,1
0.2950056,1
0.30075133,1
0.24904329,1
0.24371107,0
0.29525602,0
0.18480104,1
0.3404723,1
0.35561395,0
0.24353698,1
0.22386555,0
0.29278135,1
0.3129183,0
0.24169096,1
0.3338858,0
0.25219107,0
0.30094114,0
0.34225157,1
0.28805122,0
0.3055331,0
0.31103426,0
0.26404956,1
0.36823535,0
0.36665836,0
0.34987852,0
0.23020366,1
0.303326,0
0.25478208,1
0.20573765,1
0.31559986,0
0.30822355,0
0.18344203,1
0.26322585,0
0.18266281,1
0.16855484,1
0.31431246,1
0.2727549,0
0.20857503,1
0.3091724,0
0.35993218,1
0.24227396,1
0.30162612,0
0.30275205,0
0.30272007,0
0.36136293,0
0.1815173,1
0.2667363,0
0.2779438,0
0.3096547,1
0.29252845,0
0.16188046,1
0.18105118,1
0.24997184,1
0.35641837,1
0.33987582,0
0.14023356,1
0.2876665,0
0.24953379,1
0.37846178,1
0.2699613,0
0.16403545,1
0.21897082,1
0.2637049,1
0.28043193,0
0.211762,1
0.2391376,1
0.32629776,1
0.26203477,0
0.30808777,0
0.26596272,1
0.2529234,0
0.29387438,0
0.37571773,0
0.25745595,1
0.22477093,0
0.24208781,1
0.25463772,1
0.3308004,1
0.262793,1
0.24917218,0
0.30516174,0
0.25996113,0
0.25140262,0
0.28122073,0
0.22327271,0
0.23517947,1
0.26627344,1
0.32069355,0
0.34400684,0
0.2694704,0
0.32647622,1
0.29282695,0
0.2930747,1
0.3152637,1
0.29840222,0
0.3242942,0
0.2568171,1
0.33950365,0
0.22501938,1
0.2260376,1
0.31687868,1
0.28720343,0
0.26833147,1
0.29933217,0
0.23922394,1
0.17635977,1
0.21130519,1
0.30427042,1
0.28557867,1
0.32882515,0
0.31388348,1
0.19924231,1
0.22609589,1
0.29929966,0
0.33706173,1
0.33516404,0
0.2811925,0
0.2504723,1
0.3088311,0
0.27000472,0
0.32768244,0
0.30795074,0
0.3136718,0
0.2800367,1
0.28238213,1
0.28574395,0
0.27214512,0
0.29711884,0
0.25488532,1
0.3323548,1
0.34137893,0
0.25919694,1
0.23216783,1
0.31243175,1
0.3168963,0
0.31087804,0
0.1730896,0
0.29566526,0
0.31023663,0
0.2694221,0
0.30250317,0
0.22669917,1
0.17689082,1
0.29071233,0
0.28178418,1
0.29608658,0
0.27362633,0
0.26026738,0
0.3198675,1
0.30884415,1
0.29689825,0
0.28271154,0
0.28523648,0
0.31652397,1
0.28752607,1
0.27069965,1
0.27176255,0
0.22699645,1
0.33700198,1
0.32325804,0
0.27688757,1
0.28713667,0
0.25705898,1
0.19282842,1
0.34756583,1
0.25199872,1
0.2877307,1
0.29693094,0
0.29057246,1
0.28251293,1
0.30480623,1
0.34176248,0
0.17227152,1
0.2857181,0
0.24600698,1
0.19634669,1
0.2730837,1
0.26258832,1
0.27945548,0
0.3297372,0
0.358935,0
0.32115722,0
0.20927864,1
0.28847125,0
0.17457984,1
0.36844772,0
0.28685808,1
0.27444866,1
0.29726148,0
0.30836666,0
0.28242058,0
0.31613883,0
0.31471324,0
0.19571508,1
0.19490495,1
0.28496194,1
0.3489315,0
0.22785246,1
0.33922908,1
0.39513725,1
0.2166303,1
0.2550768,0
0.34625554,1
0.2990167,0
0.23646642,0
0.21978268,1
0.16143467,1
0.18366382,1
0.24183184,1
0.3310989,1
0.33987334,1
0.31620747,0
0.26417613,1
0.27916238,1
0.25469276,0
0.21462092,1
0.2781211,1
0.30570552,0
0.18475232,0
0.2621169,1
0.30396318,1
0.27477515,1
0.31115323,1
0.34358492,0
0.24956739,0
0.28232032,0
0.23965204,1
0.27128428,1
0.20043594,1
0.31870118,0
0.31691456,0
0.26521954,0
0.15939145,1
0.26023138,1
0.26344287,1
0.1475176,1
0.30865884,0
0.2022751,1
0.29784936,0
0.31464326,1
0.23282991,1
0.22910292,1
0.36192176,1
0.31346506,0
0.30172658,0
0.26325417,1
0.17870954,1
0.26437813,1
0.30626208,0
0.29699582,1
0.27031294,0
0.36234358,0
0.3016479,0
0.22109325,1
0.23164554,0
0.2354819,0
0.3113935,0
0.2269181,1
0.293566,0
0.2469365,0
0.2861763,0
0.2790188,0
0.22879358,1
0.2785557,0
0.30063012,0
0.3116832,1
0.26582623,1
0.29028326,0
0.32058284,0
0.27234071,0
0.27268183,1
0.24108082,0
0.2618753,1
0.23784788,1
0.29388085,0
0.17268205,1
0.27450985,1
0.2944085,0
0.22598115,1
0.23251592,0
0.18582827,1
0.23599148,1
0.2279664,1
0.23563787,1
0.15005355,1
0.26369962,0
0.19200993,1
0.3390811,0
0.26633638,1
0.13435927,1
0.25959486,0
0.3285651,0
0.29030365,0
0.25471473,0
0.23160389,0
0.38839108,1
0.26797807,0
0.13829234,1
0.23490381,0
0.28144902,0
0.22605336,1
0.29540387,1
0.26112336,1
0.1401093,1
0.22604658,1
0.2340398,1
0.27374768,1
0.23676996,0
0.29202837,0
0.30084,0
0.22840565,0
0.26206863,1
0.30709895,0
0.26490864,1
0.22825849,1
0.322479,0
0.22762893,1
0.30191505,1
0.36257902,1
0.2576482,1
0.23440115,1
0.23554769,1
0.31660435,0
0.30360562,0
0.25087118,1
0.39755884,1
0.1714774,1
0.30500162,0
0.19289574,0
0.30233407,0
0.29193148,1
0.16546904,1
0.22721115,0
0.30465496,0
0.30895323,0
0.27057418,1
0.32958794,0
0.18304443,1
0.2604236,1
0.29672593,0
0.20327199,1
0.30759263,0
0.20621288,1
0.23603065,1
0.3583567,1
0.30311233,0
0.1946587,1
0.28188476,0
0.30771095,0
0.35326928,1
0.29784048,0
0.31172112,0
0.17897353,1
0.2510883,0
0.13774784,1
0.32066673,1
0.32765052,0
0.31194177,0
0.28128743,0
0.33706722,0
0.28346944,0
0.25651085,1
0.24680492,0
0.27029976,1
0.34103084,0
0.25603107,1
0.35784993,0
0.24721405,1
0.28509468,0
0.18072768,1
0.34491462,0
0.24551444,0
0.3000726,0
0.27515674,0
0.31019357,0
0.3172956,0
0.254376,0
0.31490576,1
0.27627826,0
0.34289396,0
0.33641312,1
0.30850035,0
0.33209202,1
0.31200117,0
0.28573292,1
0.27305627,0
0.2830302,0
0.30642825,1
0.27811223,0
0.33910525,0
0.3120879,0
0.30800757,1
0.28318018,0
0.24289379,1
0.34907997,1
0.28368586,1
0.28568897,1
0.22334497,0
0.3058572,0
0.22882667,1
0.23016913,1
0.2656117,1
0.2562587,0
0.23522499,1
0.3187375,1
0.25988907,0
0.3183773,0
0.28712338,0
0.2669039,0
0.32234997,0
0.3341687,0
0.33400637,0
0.33928192,1
0.21996884,1
0.35037923,1
0.30899993,0
0.41720307,1
0.33464196,1
0.2551518,0
0.24413851,1
0.21419853,1
0.36619335,0
0.34390512,0
0.34411022,0
0.30450332,0
0.23260006,0
0.24367109,1
0.19141287,1
0.18319355,1
0.22901069,1
0.31501126,0
0.30807644,1
0.27770308,0
0.324788,0
0.33336842,0
0.20902447,1
0.24514876,1
0.23990256,1
0.3483018,0
0.17464602,1
0.3257848,0
0.23486757,0
0.2927375,1
0.28941876,0
0.24404374,0
0.22984764,1
0.25943765,1
0.31494868,0
0.3314554,1
0.2833798,0
0.30151212,0
0.34103382,0
0.24226746,0
0.29846263,0
0.2907611,0
0.33415547,1
0.3209926,0
0.26171604,1
0.22866288,1
0.2879899,1
0.24454795,1
0.18732326,1
0.36574772,1
0.32979324,0
0.28969657,1
0.21470678,0
0.27574122,1
0.24292956,1
0.31615788,0
0.20374125,1
0.24326062,1
0.31723922,1
0.33395308,1
0.33221287,0
0.27744097,1
0.28750533,0
0.28004193,0
0.29228932,0
0.2982355,1
0.258722,0
0.23493776,1
0.24727395,1
0.3265052,1
0.31178844,0
0.32856527,0
0.3182868,1
0.21359116,0
0.29639798,0
0.204004,1
0.31644708,0
0.30599064,1
0.31981683,1
0.2741843,1
0.23423235,1
0.3443433,1
0.25741225,1
0.32947305,0
0.25106198,1
0.2569471,0
0.32215402,0
0.27029744,0
0.33776355,0
0.16839167,1
0.24258499,1
0.30360597,0
0.29647323,0
0.25954607,1
0.26275325,0
0.32561952,0
0.18134382,1
0.23952721,1
0.25182784,1
0.35433757,1
0.2101052,1
0.35516813,0
0.279933,0
0.27288967,1
0.2815527,1
0.31647566,0
0.2997143,0
0.2440263,0
0.23761919,0
0.27174643,0
0.34828597,1
0.21120104,1
0.26185888,0
0.2660131,0
0.29996622,1
0.24745828,1
0.2901153,0
0.29429823,0
0.27849787,0
0.27401155,0
0.29319432,1
0.34129548,0
0.2169943,1
0.30475092,1
0.32758892,0
0.33228785,0
0.24380833,0
0.28647774,0
0.2391509,1
0.2856872,1
0.29385298,0
0.32032442,0
0.31802493,1
0.31823653,0
0.27954775,0
0.3412149,1
0.2417045,1
0.29290473,1
0.2293114,1
0.27780607,0
0.17529543,1
0.29140016,0
0.33865976,1
0.394903,0
0.33843255,0
0.24920672,0
0.2930492,1
0.22489655,1
0.29842237,0
0.3410503,0
0.22124577,0
0.19294499,1
0.25431627,0
0.30032963,0
0.23216808,1
0.2690342,0
0.31764367,0
0.30280405,1
0.34939548,0
0.2898054,1
0.21708052,1
0.30489877,0
0.26333603,0
0.19023809,1
0.21805723,1
0.27196482,0
0.3445269,1
0.31717512,1
0.2507163,0
0.25646788,0
0.31991065,0
0.26230592,1
0.26050615,0
0.22083974,1
0.22020277,1
0.3376258,1
0.32716012,0
0.26612464,1
0.29781237,0
0.09104462,1
0.27858928,0
0.29293254,1
0.3181134,0
0.2934788,0
0.2409864,0
0.31708047,1
0.3748157,0
0.33834964,0
0.24804237,1
0.31297493,1
0.24442902,1
0.30678937,1
0.19764727,0
0.23609747,1
0.29963902,1
0.23962441,1
0.22994496,1
0.32311925,0
0.2528243,0
0.22900634,0
0.29722095,0
0.27298912,0
0.29934353,0
0.29349333,0
0.34260613,0
0.30324337,1
0.3508758,0
0.3775453,1
0.3450414,0
0.17695972,1
0.26635686,0
0.24593702,0
0.23437385,0
0.34984076,1
0.26263523,1
0.27442724,1
0.19183846,1
0.21275875,1
0.21794912,1
0.29622862,0
0.29447147,0
0.35175064,0
0.34561598,0
0.27715376,0
0.28115308,0
0.35934094,0
0.26491514,0
0.18565433,1
0.2615171,0
0.29124534,0
0.311845,0
0.29639167,0
0.28064594,0
0.2877798,0
0.23178613,0
0.25487375,0
0.29797694,0
0.3327843,0
0.34708405,0
0.28252953,1
0.3192321,1
0.1716511,1
0.35723013,0
0.30521557,0
0.24694806,0
0.30849266,0
0.15068123,1
0.30330157,1
0.24119115,1
0.3185762,0
0.31228963,1
0.23620425,0
0.24497183,0
0.37384212,0
0.2799378,0
0.18094274,1
0.31523952,0
0.2679434,0
0.2517684,1
0.30406183,0
0.2632191,1
0.40175766,0
0.2296888,0
0.26953858,1
0.2068761,1
0.3071249,0
0.27635556,1
0.29459256,0
0.22436073,1
0.32303104,0
0.19983406,1
0.29574817,0
0.27848834,1
0.23648053,1
0.30846718,1
0.30519032,0
0.32038823,0
0.3522322,0
0.28854322,0
0.34972173,1
0.29153472,1
0.20116784,1
0.25053215,1
0.26351178,0
0.31843072,0
0.23084196,1
0.17865904,1
0.33682406,1
0.24400982,0
0.28942525,0
0.33051783,0
0.31379122,0
0.15357295,1
0.29468587,0
0.2928657,0
0.25127572,0
0.2538829,0
0.19662926,0
0.2410785,1
0.27054155,0
0.36758026,0
0.32106638,1
0.20215346,1
0.28569737,1
0.12932977,1
0.36788782,1
0.26115662,1
0.2330569,0
0.2187591,0
0.31415665,0
0.31534117,0
0.31788638,1
0.29796407,0
0.29441756,0
0.30988616,0
0.1958276,1
0.25556,0
0.21737759,0
0.18478705,1
0.27263293,1
0.24375007,0
0.23726311,1
0.32497072,0
0.2798512,1
0.31781206,0
0.2671964,0
0.29040426,1
0.2845747,0
0.2257944,0
0.24215636,0
0.18043277,1
0.2645945,1
0.2887746,0
0.35018414,1
0.22695746,1
0.18477234,1
0.18453935,1
0.41527814,0
0.38362944,1
0.23167713,1
0.32766268,0
0.2280626,0
0.20390949,1
0.35983834,0
0.2079395,1
0.34142286,1
0.2543773,1
0.29794466,0
0.36072204,0
0.25396174,0
0.29432893,0
0.13310972,1
0.28005147,0
0.3180526,0
0.26000676,0
0.22828038,1
0.3298942,0
0.2978722,0
0.2101408,1
0.25258762,0
0.19383688,1
0.31016672,1
0.3109519,0
0.3201071,1
0.3071119,0
0.19780305,1
0.27949408,1
0.2357175,1
0.36782283,0
0.25671118,0
0.29087037,1
0.20324385,0
0.29268223,1
0.32570887,1
0.19801062,1
0.3310799,1
0.2658613,1
0.26035407,0
0.29640558,0
0.20015007,1
0.21640882,0
0.21564427,1
0.34143704,1
0.29001525,1
0.15545997,1
0.20733058,1
0.25785652,0
0.1926463,1
0.2568962,0
0.35672396,1
0.25513008,0
0.31137055,1
0.2775442,1
0.30710483,0
0.32994252,0
0.26755828,0
0.18335646,1
0.33156186,1
0.3387328,0
0.28434855,0
0.18095751,1
0.3577125,0
0.35979044,0
0.2349374,1
0.29165292,0
0.327987,0
0.27726075,1
0.28098676,0
0.28510296,1
0.32562464,0
0.3180147,0
0.2868806,0
0.25049418,0
0.27158487,1
0.2480663,0
0.27059886,0
0.26985258,0
0.233744,1
0.3008412,0
0.35955,0
0.3446156,0
0.32338417,0
0.33926,0
0.31377032,0
0.2665581,0
0.22151613,0
0.1958056,1
0.31227311,0
0.24855515,0
0.28589198,0
0.26681983,0
0.29971468,1
0.25377128,1
0.25591302,1
0.35842907,0
0.31535274,0
0.38900304,0
0.21564753,1
0.2751546,0
0.27615768,0
0.27099246,0
0.23098876,0
0.27139914,1
0.32455432,0
0.302837,0
0.30701017,1
0.28743657,0
0.23497255,0
0.30216,0
0.32285693,1
0.3586803,1
0.29228508,0
0.24673107,1
0.2748592,0
0.38696352,0
0.2985716,0
0.28106093,0
0.2886288,0
0.28875574,1
0.3475224,0
0.29017663,0
0.38526258,1
0.2245735,1
0.18339308,1
0.296941,0
0.19821694,1
0.1987354,1
0.23778273,0
0.29974976,1
0.31813896,0
0.2710162,1
0.32435712,0
0.3634503,0
0.30717555,0
0.17065373,1
0.16645314,1
0.2969471,0
0.28569424,0
0.23493347,1
0.29720104,0
0.25895047,1
0.32566774,0
0.2031711,0
0.3185695,1
0.26024166,1
0.31177592,1
0.2024944,0
0.2607656,1
0.2899087,1
0.29958603,1
0.23191121,1
0.28749228,0
0.2616554,1
0.2966256,1
0.25203305,1
0.34723523,0
0.27181125,0
0.26310247,1
0.35361612,1
0.22368017,1
0.29770806,0
0.29873028,1
0.30833274,0
0.273682,0
0.18026796,1
0.2881278,1
0.26703888,0
0.30685654,0
0.24364987,1
0.32716298,1
0.26976293,0
0.3054555,0
0.31452602,0
0.28227484,1
0.19124049,1
0.3243044,0
0.30052617,0
0.3529575,0
0.27979663,0
0.3168749,0
0.2673503,0
0.29954237,0
0.3400076,0
0.26196945,1
0.2851489,1
0.29823032,1
0.3811533,1
0.24729368,0
0.35879856,1
0.20389132,1
0.18473512,0
0.33558387,1
0.21651371,0
0.24385433,0
0.25856218,1
0.19868627,1
0.31865388,0
0.24288951,1
0.31316015,1
0.18605861,1
0.31583542,0
0.32614577,0
0.29370242,0
0.27236408,0
0.2815631,1
0.3015897,1
0.35818872,1
0.21114464,1
0.2620175,1
0.33468294,0
0.30562553,1
0.2981823,0
0.28385496,1
0.28503677,0
0.2389499,1
0.28913987,0
0.2794803,0
0.3112687,1
0.328213,0
0.3120323,1
0.28262368,1
0.33458996,1
0.20659243,0
0.37227845,1
0.31099665,1
0.3351331,0
0.31024975,0
0.28808653,1
0.25262445,1
0.23531212,1
0.2825476,1
0.2415158,1
0.2322013,1
0.23499876,0
0.26806602,0
0.2171772,1
0.29105645,0
0.25121778,1
0.2847612,0
0.24296582,1
0.4001016,0
0.29589903,0
0.28696498,0
0.15187347,0
0.24975803,1
0.34595203,0
0.3034647,0
0.24344073,1
0.3037586,0
0.22609623,1
0.26963156,0
0.28273016,1
0.21952158,1
0.256142,1
0.20479828,1
0.19282608,1
0.2225111,1
0.2741543,0
0.19357151,1
0.2816696,1
0.33611584,1
0.29558042,0
0.273968,1
0.25095135,0
0.22318318,1
0.32455906,0
0.33661288,0
0.26772344,1
0.21343154,1
0.21793233,1
0.35318208,1
0.32364774,0
0.28437382,1
0.24758226,0
0.248305,0
0.21992952,1
0.26704937,0
0.18318406,1
0.26147875,1
0.264812,1
0.27597833,0
0.24163938,0
0.2992882,0
0.25346497,0
0.31872517,1
0.18632993,1
0.3221359,1
0.28742102,0
0.31551406,0
0.317399,1
0.29481354,1
0.1824916,1
0.3241106,0
0.22961923,0
0.27030838,0
0.20891112,1
0.2826411,1
0.22702572,0
0.263005,0
0.19069333,1
0.27747256,0
0.27741697,1
0.2829953,1
0.3161338,1
0.28427923,0
0.30618033,0
0.2913103,0
0.27329582,0
0.2754304,0
0.20160803,1
0.31987548,1
0.3178333,0
0.18251595,1
0.32340723,0
0.30680096,0
0.27443925,0
0.32198703,1
0.28558013,0
0.39020148,1
0.3143545,0
0.26905823,0
0.24737391,1
0.31006634,1
0.25601724,1
0.18505009,1
0.32262042,0
0.21264917,1
0.23025101,0
0.33064404,0
0.29396525,0
0.22432794,1
0.33725062,0
0.2971615,1
0.29007176,0
0.29600754,0
0.25581494,1
0.25528866,0
0.25096554,1
0.36061803,0
0.30278444,0
0.22397949,1
0.27224526,0
0.25298965,1
0.23122442,0
0.19198471,0
0.2423389,0
0.22551653,1
0.2788822,0
0.29363358,1
0.23146103,1
0.27785486,0
0.28740132,0
0.31427455,0
0.29858047,0
0.35030913,0
0.28183055,1
0.30098057,0
0.3129648,0
0.32397962,0
0.264453,0
0.29637548,0
0.21672732,1
0.3070826,0
0.23314324,1
0.2864252,0
0.28720233,0
0.3315562,1
0.25673318,1
0.19289243,1
0.34784448,0
0.27773154,0
0.33675534,1
0.25746176,1
0.31989598,0
0.28691548,0
0.2934424,0
0.29893404,1
0.305058,0
0.28702492,0
0.30865255,0
0.22157249,0
0.32106355,0
0.30883995,0
0.34265682,0
0.28108877,0
0.25679946,0
0.18232298,1
0.22227708,0
0.3057732,0
0.26904005,0
0.2541958,0
0.2454549,1
0.33108252,1
0.270999,0
0.26589772,1
0.3153435,0
0.2683614,1
0.21011274,1
0.28182834,0
0.32250056,0
0.3072945,0
0.2655628,0
0.2541731,1
0.15317951,1
0.2630718,1
0.26869607,0
0.16374022,1
0.359081,0
0.28095078,1
0.38285738,1
0.24347588,0
0.2441571,0
0.36108962,1
0.3035214,1
0.20555335,1
0.2008749,1
0.31102902,0
0.36681187,0
0.28166935,1
0.23836625,1
0.23435682,0
0.33343968,0
0.24385637,0
0.32136643,0
0.3212344,0
0.31587532,1
0.33953702,1
0.2630163,0
0.16207448,1
0.268109,0
0.31502935,0
0.24862212,0
0.33651537,1
0.32436216,1
0.31687605,1
0.28932527,1
0.26527184,0
0.21417849,1
0.20426887,1
0.3053464,0
0.35423484,0
0.35953394,0
0.32151952,1
0.31982875,0
0.24575381,1
0.28760433,0
0.32581943,0
0.16103655,1
0.35674274,0
0.246101,1
0.25865993,1
0.16457006,1
0.32177788,0
0.29326212,1
0.30597603,0
0.26894277,0
0.2642524,0
0.29979748,1
0.26300943,0
0.19634089,1
0.29926565,0
0.28820422,0
0.25996545,1
0.2668797,1
0.35258588,0
0.2961383,1
0.20819253,1
0.28320807,1
0.23344997,0
0.3008638,0
0.26551712,1
0.22282012,0
0.28026086,0
0.1597313,1
0.29988378,1
0.22816363,0
0.31614947,0
0.30894476,0
0.32682878,1
0.18727697,1
0.29517514,1
0.34502453,0
0.24997146,0
0.25161266,0
0.22096522,1
0.36012396,0
0.2643856,0
0.22097877,1
0.16915506,1
0.19924757,1
0.22715002,1
0.15564299,1
0.22082381,0
0.32159853,0
0.33026934,0
0.29253623,0
0.29588434,0
0.4050568,0
0.28039855,0
0.23862332,0
0.31520846,0
0.28306177,0
0.2651013,0
0.2617938,1
0.27014232,0
0.23115611,1
0.39443243,1
0.2608645,0
0.30774203,1
0.19723211,1
0.3906741,0
0.36545393,0
0.31477165,1
0.22670676,1
0.2765015,0
0.39830118,0
0.20092872,1
0.28262278,0
0.3250752,1
0.277973,1
0.19469285,1
0.21285519,1
0.15319446,1
0.19424595,1
0.33491457,0
0.25445843,1
0.15265709,1
0.35344318,0
0.2912537,0
0.26569325,1
0.34582114,1
0.28618503,0
0.21921918,1
0.29878813,0
0.30024529,0
0.19674584,0
0.354583,1
0.22978878,0
0.17765348,1
0.25887227,0
0.3218959,1
0.31398028,1
0.28949457,0
0.35128066,0
0.2596209,0
0.3419119,0
0.32073998,0
0.25065443,1
0.31049776,0
0.35832357,0
0.3426311,1
0.29177377,0
0.2061338,1
0.36405504,1
0.24336204,1
0.3283168,1
0.3065397,1
0.3240538,0
0.2304034,1
0.22682089,1
0.23148802,0
0.2781784,1
0.13410637,1
0.31377414,0
0.07816664,1
0.311314,0
0.23325975,1
0.34902954,0
0.24432154,1
0.28158927,0
0.26813334,0
0.3370478,1
0.33361238,1
0.3292002,0
0.31701922,0
0.32189962,0
0.3600542,1
0.26714194,0
0.24605659,1
0.30695558,0
0.23650861,1
0.33459952,0
0.2134483,1
0.29614022,0
0.26667398,0
0.30093968,1
0.24953038,1
0.2235426,0
0.3323393,0
0.2164145,1
0.30192724,0
0.3087234,0
0.30513975,0
0.2635635,1
0.22849548,1
0.33009338,0
0.20507,1
0.23261997,1
0.25970253,0
0.3104436,1
0.3085094,1
0.33874965,1
0.30792332,1
0.3571623,0
0.40898275,1
0.2542177,0
0.24788517,0
0.27867785,1
0.29898718,1
0.22707427,1
0.28291306,1
0.19346032,1
0.31790477,0
0.27022776,1
0.20977756,1
0.21516034,1
0.23385042,0
0.3894659,1
0.26123777,1
0.32409644,0
0.27523804,0
0.26443607,0
0.34234822,0
0.30759338,0
0.3348364,0
0.23191404,1
0.24969202,1
0.3933308,1
0.20012724,1
0.1882072,0
0.23168863,0
0.25610286,1
0.24393505,1
0.23416555,1
0.3175425,0
0.300413,0
0.24434574,1
0.29552484,0
0.2891146,0
0.2700693,0
0.21001366,1
0.27802575,0
0.2556823,0
0.25613403,0
0.2915465,0
0.27778566,0
0.26570866,1
0.17624435,1
0.34859502,0
0.32599592,0
0.28882927,1
0.29571977,0
0.3142443,0
0.36281517,1
0.28552315,0
0.25438297,0
0.24424009,1
0.31745574,1
0.24984616,0
0.31371754,0
0.18572384,1
0.28958824,0
0.29653263,1
0.1821906,1
0.34210607,0
0.24938014,1
0.30102745,1
0.28182524,0
0.18129385,1
0.20394066,1
0.31396955,0
0.25223362,1
0.30093253,1
0.2049554,0
0.36763966,1
0.30120173,0
0.3030377,0
0.26783764,0
0.30632508,0
0.2801766,0
0.4381044,1
0.19240949,1
0.16470797,1
0.24893603,1
0.28133476,0
0.22608905,1
0.30783176,0
0.13159208,1
0.3023936,0
0.25532794,0
0.26942343,0
0.3447358,0
0.33199295,0
0.20878854,0
0.27493817,0
0.30812597,1
0.2737432,1
0.3018381,1
0.3192696,0
0.21040677,1
0.2875262,0
0.23624219,1
0.2861444,0
0.2685486,1
0.25994432,0
0.286555,1
0.23078777,1
0.30275002,0
0.17319708,1
0.2926226,0
0.3355253,0
0.38024288,0
0.22198147,1
0.2901298,0
0.19463159,1
0.10544574,1
0.28482538,0
0.29371813,0
0.25516915,1
0.28798497,0
0.2312357,1
0.334687,0
0.21730913,1
0.16965894,1
0.29264653,1
0.2263928,1
0.19775711,1
0.2600379,0
0.27250266,1
0.25079495,0
0.29731664,0
0.31352374,1
0.23037563,0
0.32469505,0
0.2580314,1
0.28320307,0
0.25220332,0
0.34021977,0
0.27328208,1
0.2445967,0
0.13467525,1
0.26257414,0
0.16082941,0
0.18800664,1
0.283514,1
0.3013487,0
0.21786714,1
0.21434997,0
0.28602666,1
0.34277976,0
0.16140142,1
0.12622952,1
0.27830434,0
0.19879547,1
0.30272004,0
0.16111913,1
0.30491906,0
0.25637305,0
0.3147776,0
0.24707657,1
0.22184014,0
0.25478464,1
0.19646057,1
0.18365246,0
0.31158423,1
0.29198945,0
0.19861886,1
0.21378532,1
0.15924224,1
0.34725246,0
0.25223112,0
0.35377604,1
0.32234702,0
0.21033439,1
0.23370162,0
0.32569566,0
0.22009546,1
0.21486852,1
0.280743,0
0.18509783,1
0.32416326,0
0.30021355,1
0.2794184,0
0.2817431,0
0.17669727,1
0.23451516,1
0.27463567,1
0.32648772,0
0.1972912,0
0.24540704,0
0.26395,0
0.21717629,1
0.23412088,0
0.27442986,0
0.27182704,1
0.14522047,1
0.29332256,0
0.30669376,1
0.18889739,1
0.14626154,0
0.17506805,1
0.30202287,1
0.3238556,0
0.3320021,0
0.18032762,1
0.16291147,1
0.20751037,1
0.21239325,1
0.23612627,1
0.22943671,1
0.25544685,0
0.30534875,0
0.31708616,0
0.31670168,0
0.279004,1
0.19910023,1
0.30101424,1
0.21330872,1
0.38480055,0
0.24979234,1
0.19769323,1
0.21023041,1
0.34107292,0
0.26017484,0
0.22048886,1
0.26539662,0
0.3235065,0
0.28802526,0
0.30624083,1
0.18288243,0
0.26399252,0
0.25389102,1
0.27947617,1
0.19977605,1
0.30101818,1
0.3579316,0
0.31427127,1
0.30532038,0
0.25425816,1
0.23297729,1
0.28001353,0
0.20530991,1
0.29442593,1
0.30159128,0
0.22127476,1
0.27232683,0
0.2914427,0
0.32507056,1
0.2031168,1
0.27589428,0
0.31692797,1
0.328084,1
0.26618862,0
0.27840662,1
0.3424922,0
0.3218447,0
0.24457547,0
0.28919977,0
0.3369553,0
0.27745384,1
0.29978922,1
0.21331963,1
0.2633704,0
0.25848782,0
0.2666675,1
0.20108952,1
0.28693748,0
0.2798661,0
0.29334846,1
0.33918983,1
0.35881475,0
0.26734668,1
0.26973397,1
0.32728636,1
0.18298586,1
0.30345958,0
0.24330904,0
0.2506367,1
0.20827758,1
0.24301276,0
0.30599278,0
0.23177508,0
0.26656455,1
0.21393783,0
0.21682726,1
0.29330516,1
0.23507889,1
0.18927318,1
0.3100117,0
0.23450685,1
0.24699101,1
0.32947662,1
0.35029203,0
0.31013727,1
0.3049008,0
0.16548851,1
0.2633199,0
0.29757494,0
0.29916292,1
0.29488468,0
0.20821977,1
0.30782923,1
0.31414518,1
0.17104124,1
0.33446926,0
0.26988375,0
0.36679006,0
0.29512432,0
0.2790833,0
0.14090338,1
0.26897985,0
0.3197826,1
0.33444297,1
0.24446627,1
0.2538915,0
0.31989965,1
0.2501188,1
0.2328046,1
0.33311632,0
0.11098019,0
0.29098237,0
0.32502687,0
0.349625,0
0.32772005,0
0.27502102,0
0.31942108,0
0.36733896,0
0.26233438,1
0.18486778,1
0.28436035,0
0.1614117,1
0.24276686,1
0.33609754,1
0.3479956,1
0.21182235,1
0.2619951,1
0.31830022,0
0.24029468,1
0.24737799,1
0.29288632,0
0.27987996,0
0.31109142,1
0.2936278,0
0.26164064,1
0.2885775,0
0.26211646,1
0.29151782,1
0.2286079,0
0.21379122,1
0.22687232,0
0.33495748,0
0.21680863,1
0.30790675,0
0.18592905,1
0.2050218,1
0.2919819,0
0.32530385,1
0.3238966,0
0.31720158,0
0.33633608,1
0.23591053,1
0.28532684,0
0.27487355,0
0.36222044,1
0.2944012,0
0.22501665,1
0.2633507,0
0.23567219,1
0.26729316,1
0.2614203,1
0.30314642,1
0.29369283,0
0.26136965,0
0.333952,0
0.3454718,1
0.28814697,0
0.3348348,1
0.20660368,1
0.21893108,0
0.30896172,1
0.26856303,1
0.24899492,1
0.31684542,0
0.2875176,1
0.17008848,1
0.29840004,0
0.30491817,0
0.32346088,0
0.32228643,0
0.23438251,1
0.28175032,0
0.24283956,1
0.30198374,0
0.2319633,1
0.32903406,0
0.25962853,1
0.17658015,1
0.27218255,0
0.24272974,1
0.33460787,0
0.26299804,0
0.29660895,0
0.3099427,1
0.2537545,1
0.32281956,1
0.3336786,0
0.24651842,1
0.31697375,1
0.35697958,0
0.22976987,1
0.30088323,1
0.3485418,0
0.31092852,1
0.2644402,0
0.27502927,0
0.29383397,1
0.20493919,1
0.24553387,0
0.24709749,1
0.21651667,1
0.3123834,1
0.2462073,1
0.23696965,1
0.19808565,1
0.21498936,0
0.39061022,0
0.2483168,1
0.35881376,1
0.31123587,1
0.21975636,1
0.2357133,0
0.32107985,1
0.32564777,1
0.30589586,1
0.2515353,0
0.18100263,1
0.2643867,1
0.2945269,0
0.30107057,0
0.30925333,1
0.31464717,1
0.26687473,1
0.28953785,1
0.33619392,0
0.21592373,0
0.3048269,1
0.24371237,0
0.292527,0
0.21675554,1
0.3270397,0
0.28961977,0
0.18966392,1
0.1851242,1
0.30186877,0
0.24618228,0
0.25121322,0
0.3442173,1
0.19851488,1
0.27224347,0
0.32043886,1
0.35759002,1
0.2955107,1
0.37690496,1
0.28153598,0
0.2763823,0
0.28205255,0
0.23809253,1
0.267093,0
0.22492424,1
0.2556737,1
0.17538422,1
0.22385049,1
0.24036744,0
0.30618775,1
0.20123002,0
0.29175457,1
0.26852617,0
0.25189602,0
0.26443517,0
0.2254228,1
0.2997442,0
0.28677794,1
0.32886618,1
0.20310833,1
0.23702076,0
0.18884447,1
0.35504633,1
0.32962728,0
0.3440125,0
0.17947006,1
0.28878963,0
0.35546935,0
0.30881807,1
0.3335002,0
0.22573777,0
0.21474722,1
0.3233747,0
0.19904521,1
0.1416449,1
0.24153274,1
0.3039565,0
0.26290894,0
0.2858386,1
0.25271267,1
0.24264589,0
0.17590404,0
0.25102547,1
0.32874662,0
0.26545358,0
0.24015933,1
0.30439273,0
0.24788767,0
0.2174008,1
0.24700692,1
0.34827316,0
0.24946928,1
0.34556898,0
0.2814489,0
0.29576325,0
0.30261135,0
0.2504957,1
0.27669293,0
0.29165146,0
0.36251166,1
0.30090496,0
0.2942404,0
0.18782797,1
0.3258693,0
0.29314172,1
0.27448025,1
0.24283037,1
0.23958673,0
0.3396248,0
0.41382706,1
0.31820408,0
0.27248448,1
0.23232235,0
0.32889852,1
0.2527643,1
0.27305835,0
0.22946516,0
0.27850598,0
0.26045802,1
0.26267898,1
0.33356434,0
0.27022496,1
0.30747804,0
0.26819354,1
0.30502665,1
0.30965048,0
0.27745834,1
0.2648198,1
0.3468569,0
0.22415513,1
0.16869289,0
0.31866884,0
0.32852328,0
0.30110112,1
0.23356459,0
0.3411792,0
0.2934206,0
0.30779415,0
0.25045928,1
0.24724129,0
0.19638449,1
0.24316618,0
0.2828276,0
0.3609113,0
0.27360964,0
0.3465363,0
0.33061248,0
0.33070782,1
0.34764943,0
0.3527608,0
0.2555141,1
0.28188926,0
0.25273955,1
0.22790745,1
0.17464514,1
0.2054381,1
0.30007994,0
0.27737322,0
0.35231933,1
0.26793313,1
0.324444,1
0.3287354,0
0.32133234,0
0.285164,0
0.31816018,1
0.29764968,0
0.30894977,0
0.20611757,1
0.30108458,0
0.20189947,1
0.2929332,0
0.30900684,0
0.20952445,1
0.28801548,0
0.3093022,1
0.2761478,0
0.32079983,0
0.30775818,0
0.32004815,1
0.3234926,0
0.3042419,0
0.2798984,0
0.21649662,1
0.35121074,0
0.34810358,1
0.3038183,1
0.20310795,1
0.2698641,0
0.27006638,0
0.34960154,0
0.2362274,1
0.2873399,1
0.33330345,0
0.28315237,1
0.34842563,0
0.2771083,0
0.32190454,0
0.2892751,1
0.28382847,1
0.2978641,0
0.20442311,1
0.25003764,0
0.18781824,0
0.30680978,0
0.18931347,1
0.30672365,0
0.2894253,1
0.34427658,0
0.18919253,0
0.26104075,0
0.24582563,1
0.27334672,0
0.29429382,0
0.31907713,1
0.25258636,1
0.19887644,0
0.2239474,1
0.28133684,0
0.29694203,0
0.18831606,1
0.32098043,0
0.31151626,0
0.21369877,0
0.2962825,0
0.28579634,1
0.33501995,0
0.30617732,0
0.31746513,0
0.32164934,0
0.2212269,1
0.32554445,0
0.262731,1
0.21629664,0
0.38635054,1
0.31619966,1
0.29680273,1
0.3557526,0
0.34080037,0
0.15217772,1
0.2643338,0
0.35280856,1
0.3077687,1
0.29478362,1
0.23339443,1
0.37504458,1
0.21940313,1
0.2632472,1
0.28332084,1
0.280204,0
0.33703852,0
0.2020089,0
0.23442018,1
0.20985398,0
0.30640835,0
0.2316829,1
0.2378463,1
0.28683844,0
0.37024474,1
0.2682758,0
0.27094066,1
0.2170856,1
0.2910486,0
0.22401738,1
0.32093427,0
0.24809065,0
0.3053546,1
0.33999836,0
0.26303005,0
0.30847722,0
0.30506974,0
0.33843875,0
0.2862206,0
0.2112034,1
0.27505612,0
0.20376655,1
0.35138237,1
0.36392897,1
0.32299083,0
0.30695552,0
0.28740624,0
0.26097697,1
0.1836758,1
0.31942236,0
0.3066629,0
0.33444166,0
0.3287292,0
0.3456927,1
0.37987572,0
0.3146916,0
0.25875217,0
0.28785095,0
0.19768274,1
0.23302814,1
0.23693357,1
0.32941192,0
0.2542773,0
0.2740439,0
0.38725522,0
0.21481016,1
0.2451445,1
0.18327382,1
0.27865893,0
0.31818494,0
0.3216798,1
0.15051594,1
0.26828527,1
0.30816984,0
0.30101117,0
0.25373358,0
0.24996719,0
0.21069953,1
0.25916514,1
0.31015664,1
0.19065335,1
0.19239676,1
0.29167178,0
0.3088804,1
0.2740924,0
0.3198598,1
0.28192475,0
0.25172558,0
0.2722362,0
0.2814053,1
0.32060754,0
0.33698416,0
0.2143818,1
0.25666547,1
0.24273983,1
0.2780162,1
0.2522513,1
0.28604013,0
0.22032255,1
0.26121554,1
0.20159695,1
0.3101165,1
0.25575075,1
0.32243186,0
0.3100926,1
0.27863598,0
0.21490723,1
0.26817304,0
0.29644433,0
0.2678025,1
0.20762955,0
0.28278798,0
0.33129942,0
0.25104535,1
0.19307353,0
0.31027305,1
0.29819247,0
0.34133586,0
0.24882753,1
0.16617562,1
0.2941716,1
0.29672754,0
0.24742548,1
0.29099834,1
0.31417885,0
0.20125839,1
0.2941411,0
0.34020394,0
0.24586067,0
0.23449884,1
0.24512808,0
0.32859296,0
0.30515787,0
0.32594472,0
0.25666884,0
0.3052634,0
0.28899413,1
0.25326377,0
0.26625544,0
0.19852646,1
0.36373177,0
0.27259725,0
0.30239123,1
0.25637597,0
0.32167214,0
0.30033228,0
0.2614271,1
0.188923,1
0.33203587,1
0.29781234,0
0.25289017,1
0.2006398,0
0.2651198,0
0.25303876,0
0.303187,0
0.2111479,1
0.26077768,1
0.26153335,0
0.13004062,1
0.25237736,0
0.20895925,1
0.26234126,0
0.2971404,0
0.25995994,1
0.292291,0
0.26719016,0
0.23937365,1
0.19119169,1
0.24240336,0
0.28127158,0
0.22789402,0
0.27597833,0
0.31745684,0
0.3005908,0
0.17710996,1
0.26775816,1
0.3109517,1
0.32961905,1
0.20835432,0
0.26951468,1
0.34873796,0
0.41001666,0
0.24774578,1
0.21999268,1
0.33331683,0
0.22776876,1
0.28610295,1
0.26685882,1
0.33158836,0
0.3066435,1
0.2629673,1
0.24397016,1
0.29864228,0
0.27208784,1
0.31582832,0
0.2886981,0
0.3604496,0
0.26054645,0
0.22266552,1
0.26551652,1
0.267398,0
0.18218413,1
0.3632458,1
0.33456248,0
0.26847556,0
0.32651365,0
0.18617962,1
0.36898303,1
0.2570133,1
0.28612655,1
0.23170832,0
0.28593606,0
0.32304907,0
0.28554615,0
0.24171422,0
0.25194758,0
0.2037124,1
0.28944778,0
0.29884523,0
0.27306357,1
0.23054352,1
0.22255735,1
0.32520786,0
0.31878293,0
0.30683148,0
0.33684936,0
0.31822667,0
0.25775102,1
0.2889683,0
0.28528816,0
0.32292202,1
0.3247491,0
0.30899668,1
0.2015742,1
0.18838975,1
0.33029854,0
0.29100615,0
0.24769321,1
0.36595744,0
0.30916202,1
0.27402657,0
0.30138963,0
0.31081453,1
0.22489664,0
0.24766183,1
0.22984287,1
0.35124996,0
0.28067225,0
0.27255327,1
0.2946753,1
0.27464885,0
0.333747,1
0.31210673,1
0.2529104,1
0.23294926,0
0.25122848,0
0.2844817,0
0.31566614,1
0.2900236,1
0.29259983,1
0.22811444,1
0.26610434,1
0.32854116,0
0.29046094,1
0.35508138,1
0.23240818,1
0.24547884,1
0.22762586,1
0.22019231,0
0.33099514,1
0.33280635,1
0.3284366,0
0.276862,0
0.3059156,0
0.19226871,1
0.29913843,0
0.13107596,1
0.31825686,1
0.30747497,0
0.27109164,1
0.24534038,1
0.22755796,1
0.29023004,1
0.34424955,0
0.22741938,1
0.29900324,0
0.28502205,0
0.3318857,0
0.25553453,1
0.18714839,1
0.3056572,1
0.30313656,1
0.26942652,0
0.19976461,0
0.19498852,1
0.26398492,0
0.17402436,1
0.36610758,0
0.1944835,1
0.315342,1
0.30565548,0
0.2665728,0
0.18848269,1
0.23689952,1
0.3008068,1
0.28571147,0
0.24612656,1
0.254584,0
0.27308607,1
0.31647718,1
0.25409684,1
0.2614718,0
0.34407753,0
0.30670732,1
0.1747088,1
0.2920386,0
0.3080594,1
0.253782,1
0.15097821,1
0.3367325,0
0.20584038,1
0.28131387,0
0.26539797,1
0.32493854,0
0.22777328,1
0.30585432,1
0.22532532,0
0.29136768,0
0.16162449,1
0.29309952,0
0.23962086,0
0.16324256,1
0.29868197,0
0.33164966,1
0.22282092,1
0.23181897,1
0.3327275,0
0.29466707,0
0.31132782,0
0.38071865,0
0.2533862,0
0.32468897,0
0.1825833,1
0.3505581,0
0.24955365,0
0.27137244,1
0.30971158,1
0.25635678,1
0.23000807,0
0.28574264,0
0.28274488,0
0.22710568,0
0.2776631,0
0.22692305,1
0.31884778,0
0.33014566,1
0.18234442,1
0.2123502,1
0.33633772,1
0.32263765,0
0.25687176,1
0.24054527,1
0.31511045,0
0.3552232,0
0.24581647,1
0.20213655,1
0.26422548,1
0.2903754,0
0.16611399,1
0.2059429,1
0.25303116,0
0.328104,0
0.2962973,0
0.32766557,0
0.14824569,1
0.25166434,1
0.31504413,0
0.2096062,1
0.17049943,1
0.33364666,1
0.34723037,1
0.1946878,1
0.30498788,0
0.15393776,1
0.2814087,1
0.27942082,0
0.29089683,1
0.24827614,1
0.29779267,0
0.27682,0
0.31138307,0
0.17065102,1
0.27198523,1
0.29835656,0
0.28972763,1
0.23900047,1
0.3401702,1
0.18648784,1
0.26149008,1
0.28207812,0
0.29962867,0
0.21875757,1
0.24104613,0
0.3319615,0
0.2267159,1
0.16224706,0
0.22460261,1
0.25796947,1
0.26761395,0
0.30789596,0
0.2689569,0
0.3633815,0
0.30586398,0
0.32869273,0
0.2812186,0
0.27212837,0
0.22076806,1
0.2606444,1
0.28798833,0
0.21336116,1
0.2755075,0
0.32607287,0
0.22650063,0
0.3111017,0
0.25671446,1
0.29006398,0
0.31243035,0
0.28173482,0
0.33480883,0
0.26375306,0
0.30706906,0
0.24491394,1
0.29967058,1
0.32115203,1
0.30154777,1
0.30722988,0
0.2845956,1
0.22928154,0
0.3327614,0
0.2301019,0
0.40788454,0
0.30615568,0
0.21650043,1
0.28361776,0
0.3541961,0
0.3177421,0
0.26700634,1
0.26099348,0
0.24182445,1
0.28146556,0
0.26690337,1
0.2757603,0
0.23034899,0
0.31388342,0
0.34309125,0
0.285621,0
0.31406325,0
0.24353373,1
0.30858293,0
0.26325977,0
0.2978034,0
0.35221505,0
0.30244318,0
0.34526283,1
0.30662978,0
0.26494664,0
0.28849602,1
0.16128805,0
0.26004553,0
0.19960207,1
0.23064792,1
0.21223412,1
0.19079268,1
0.35560036,0
0.21111324,0
0.36553478,0
0.3086344,0
0.18547563,1
0.280374,0
0.28543246,1
0.32394126,0
0.30184382,1
0.27555743,1
0.17036504,1
0.2631925,0
0.31373084,0
0.3449434,1
0.23965645,1
0.29495198,0
0.28865018,0
0.29922903,0
0.2856047,0
0.35499758,0
0.19844572,1
0.19299206,1
0.23766339,1
0.29812843,0
0.3181003,0
0.3130449,0
0.2911356,0
0.26551196,0
0.31059584,1
0.37383327,0
0.2146443,0
0.26566553,1
0.23796463,1
0.34987968,0
0.23907414,1
0.3177967,0
0.25219592,1
0.3450741,0
0.28913575,0
0.2075272,0
0.29356313,0
0.30403125,0
0.2948712,0
0.30841833,0
0.21361603,1
0.3236134,0
0.36148575,0
0.24634686,1
0.19885658,1
0.18969089,1
0.309321,1
0.16017403,1
0.29095507,0
0.26538467,1
0.25116032,0
0.31867146,1
0.31068933,0
0.34388086,1
0.2765811,1
0.25890142,0
0.19330895,0
0.26681936,0
0.31068778,1
0.26854163,0
0.24708568,1
0.35523772,1
0.23202267,1
0.28641185,1
0.22186685,0
0.31489748,1
0.35934317,1
0.22850955,1
0.23228532,1
0.10394174,1
0.3264804,0
0.23905696,1
0.23927855,1
0.36011893,0
0.23807922,0
0.22207181,0
0.27315688,0
0.27825114,1
0.3228945,1
0.3029657,0
0.18387803,1
0.3489258,1
0.2726776,0
0.31056422,0
0.28037405,0
0.28968638,1
0.30954036,1
0.30025768,0
0.21573488,1
0.21896954,1
0.19174668,1
0.16106614,0
0.3388188,0
0.2587544,0
0.31916228,0
0.32628033,1
0.24234974,0
0.2701307,1
0.3202365,0
0.2740708,1
0.28056088,1
0.30724284,1
0.18873763,1
0.3604307,1
0.3434234,0
0.2881804,0
0.28618857,1
0.31742698,0
0.32684535,0
0.32784197,0
0.26774755,0
0.2959878,1
0.31817192,0
0.27455235,1
0.26056132,1
0.28360605,0
0.30356282,1
0.3495185,1
0.22680888,1
0.28679934,1
0.32427883,1
0.3124796,1
0.30478984,1
0.3664704,0
0.24590261,0
0.32813668,0
0.33037722,1
0.27224928,1
0.22062778,1
0.24932092,1
0.21502051,1
0.28833437,1
0.16274066,1
0.31867644,1
0.3040951,1
0.28858134,1
0.26684302,1
0.30993134,0
0.322623,1
0.29750383,0
0.31048062,1
0.32022014,0
0.25562733,1
0.3025905,0
0.21174715,0
0.22386992,1
0.31105506,0
0.2585206,0
0.32164896,1
0.3167707,0
0.26942867,1
0.34131604,0
0.24788415,0
0.3400436,1
0.2824325,1
0.19907884,1
0.33520013,0
0.23888344,1
0.21063772,1
0.31133404,0
0.27379352,1
0.27186954,0
0.30170283,0
0.19332296,1
0.362685,0
0.23833129,0
0.21851332,1
0.31638902,0
0.2682014,1
0.3151934,0
0.23769894,1
0.16438721,1
0.33933592,1
0.27055895,1
0.29684728,0
0.28926265,0
0.29968092,0
0.3484909,0
0.3157835,1
0.32545534,0
0.24637255,1
0.26040885,0
0.28389457,0
0.25971973,0
0.21585816,1
0.24349782,0
0.3613255,1
0.32699758,0
0.26377693,0
0.28177053,1
0.22778898,1
0.3024004,0
0.28350753,0
0.20334566,1
0.26489764,1
0.19992054,1
0.2752726,1
0.25212902,1
0.28704065,0
0.32425871,1
0.32082433,0
0.286236,0
0.31420618,1
0.31798884,0
0.25854784,0
0.30940077,0
0.22970098,0
0.18189108,1
0.32974148,0
0.29674232,0
0.3144021,0
0.30891418,0
0.22756381,0
0.36181402,1
0.3220145,0
0.28293112,1
0.3190294,0
0.33939433,0
0.30026102,0
0.25627798,0
0.2874132,0
0.3299087,1
0.30627245,1
0.29854906,0
0.2205238,1
0.3028352,0
0.22065799,1
0.28453392,1
0.24772252,0
0.33946967,1
0.24133688,1
0.25734985,0
0.24748203,1
0.31989464,0
0.17433192,1
0.29340625,0
0.30313927,1
0.29122907,1
0.3571754,1
0.33388874,0
0.32240605,1
0.33911866,1
0.31172946,0
0.26009578,1
0.27767336,1
0.24011374,0
0.3785175,0
0.30575722,0
0.2779795,0
0.32075015,0
0.26297766,1
0.1600539,1
0.26405257,0
0.28137547,0
0.15437329,1
0.31240544,0
0.209713,1
0.24418804,1
0.32125652,0
0.19174561,1
0.23568934,0
0.294787,1
0.22957797,1
0.20989901,1
0.2532735,1
0.1902293,1
0.40010884,0
0.31369728,0
0.2392113,1
0.2768794,1
0.31350282,0
0.3382858,0
0.34415537,0
0.33310753,1
0.31498504,0
0.32410324,0
0.23468155,1
0.26045555,1
0.21875955,1
0.32678273,0
0.36219478,0
0.20968106,0
0.34980056,1
0.2553947,1
0.22613196,1
0.34947383,1
0.33643353,1
0.302833,0
0.28624427,0
0.3245874,0
0.19202688,1
0.1867629,1
0.1009647,1
0.28927726,0
0.22169721,1
0.20768909,0
0.32122368,0
0.33214277,1
0.23626631,1
0.24088152,1
0.2577719,1
0.27830893,0
0.22888148,0
0.37128502,0
0.3316074,0
0.28201094,0
0.3051958,1
0.18979639,1
0.23183078,1
0.27163416,0
0.26669353,0
0.3073048,0
0.35037178,0
0.2326335,0
0.32773194,0
0.17237273,0
0.23489302,1
0.21828637,0
0.32703668,0
0.33775437,1
0.31824553,1
0.2666153,1
0.321654,0
0.27006024,1
0.19013771,0
0.28581673,0
0.22814642,1
0.32254732,0
0.26826677,0
0.29552194,1
0.26570785,1
0.31812984,0
0.21269703,1
0.26327237,0
0.28301382,0
0.20985672,1
0.26698366,0
0.2166355,1
0.30204636,1
0.19378787,1
0.26973808,1
0.28594676,0
0.25915748,0
0.20695415,1
0.25191456,0
0.31599617,1
0.25763193,0
0.33315733,1
0.39077234,0
0.19524004,0
0.31394723,0
0.32729,0
0.17294347,1
0.37054908,1
0.2778951,1
0.30835044,0
0.27479017,1
0.21022823,1
0.33037275,0
0.31110525,0
0.27180588,1
0.25333673,1
0.20970508,0
0.27073845,1
0.36735368,0
0.30700237,0
0.20470652,1
0.20630887,1
0.25805494,1
0.30333066,0
0.21077749,0
0.2255436,1
0.24262926,1
0.32756573,1
0.35147402,0
0.3707949,1
0.31477943,0
0.32333893,0
0.30845636,1
0.26582575,0
0.19841287,1
0.19229373,1
0.30867928,0
0.20919499,0
0.35040134,1
0.15721622,1
0.2256943,0
0.35592854,1
0.26132077,1
0.32312468,1
0.35007268,0
0.17294312,1
0.24587175,1
0.21532635,1
0.2519712,0
0.3125021,0
0.34754622,0
0.18272844,1
0.14869988,1
0.2780617,0
0.21082762,1
0.38353407,0
0.30727142,0
0.245721,0
0.32390594,0
0.31943125,0
0.23838873,1
0.24813472,1
0.348257,1
0.319107,0
0.18152022,1
0.17329277,1
0.23549938,1
0.34937352,0
0.2359324,1
0.26399887,0
0.2957577,1
0.26777905,1
0.29609275,0
0.17614262,1
0.30462092,1
0.21705446,1
0.29083872,0
0.32679018,0
0.16319332,1
0.2441333,1
0.26010585,0
0.31007326,0
0.2837454,0
0.16380623,1
0.30886775,0
0.36978555,0
0.34324807,1
0.157713,1
0.2774312,1
0.23621753,1
0.34219658,1
0.29659247,0
0.33361635,1
0.35383007,0
0.21324317,1
0.3050094,0
0.29903618,0
0.30847177,0
0.25593084,1
0.2670284,1
0.2810161,0
0.28016376,1
0.27092868,1
0.3104589,1
0.28387696,0
0.37170258,0
0.27210206,1
0.14984858,1
0.18830353,1
0.25579402,0
0.28915188,0
0.28833383,1
0.31919244,1
0.23313485,1
0.25997737,0
0.23523468,1
0.2891098,1
0.32918513,0
0.196693,1
0.3259019,0
0.32764578,1
0.3235156,1
0.2443547,1
0.22153302,1
0.24873146,1
0.2783218,0
0.28534117,1
0.18936425,1
0.24405125,1
0.3609949,1
0.20989284,1
0.28022808,1
0.29649892,0
0.32656747,1
0.20048441,1
0.19284813,0
0.33042803,0
0.34713668,0
0.31687856,1
0.33831406,0
0.25201845,0
0.263489,1
0.23997664,0
0.30981147,0
0.27689558,0
0.26340395,1
0.1995621,1
0.31870785,0
0.27834433,0
0.24297924,0
0.21974057,1
0.22358409,0
0.0693504,1
0.33939648,0
0.19362144,1
0.24793926,0
0.20628996,1
0.31229764,0
0.31655756,0
0.30645365,0
0.29295135,0
0.14558592,1
0.25830555,1
0.34073043,0
0.3280171,0
0.21799988,0
0.25915176,0
0.26712686,0
0.3115977,0
0.25698286,0
0.33625546,1
0.34057364,0
0.3243359,1
0.2898125,0
0.29151946,0
0.32327902,1
0.2417759,1
0.31896704,1
0.3293117,0
0.1812315,1
0.31721944,1
0.29691386,1
0.30005193,0
0.2610344,0
0.28926295,1
0.2237913,1
0.20850912,1
0.29837286,0
0.18644962,1
0.30088216,1
0.1585789,1
0.36386704,1
0.2984451,0
0.32271084,0
0.22011724,0
0.23703834,1
0.226014,1
0.23318478,1
0.3170812,0
0.22818467,1
0.3215022,0
0.2459878,0
0.2981217,0
0.31861174,0
0.36862794,1
0.29515082,1
0.27465048,0
0.2576419,1
0.37190956,0
0.24208018,0
0.24915697,1
0.2838381,0
0.3015842,0
0.24478336,1
0.33179364,0
0.20653738,1
0.35001782,0
0.27506095,0
0.29110083,0
0.3023416,0
0.28851348,1
0.30710137,1
0.2508732,1
0.2646826,0
0.22027795,1
0.25264812,1
0.24989073,1
0.16282254,1
0.2509746,0
0.25165647,1
0.34524402,0
0.36434847,1
0.3140808,1
0.2345873,1
0.34299445,1
0.35290396,0
0.2652347,1
0.281049,1
0.25221148,1
0.24588731,1
0.39145866,1
0.32625914,0
0.24684128,0
0.35055172,0
0.26998883,1
0.35663545,1
0.39001477,1
0.260567,1
0.23854557,1
0.32055873,0
0.30922228,1
0.2814547,0
0.20468816,0
0.20610303,1
0.23445016,1
0.24363777,1
0.22422412,1
0.20794263,1
0.23437452,1
0.28966016,1
0.23020713,1
0.24789739,1
0.2908861,1
0.33879596,0
0.31522307,0
0.31533414,1
0.37154937,0
0.3531034,0
0.3070457,0
0.18651181,1
0.28671032,1
0.32046688,0
0.37516025,1
0.34458202,0
0.23530468,1
0.22493555,1
0.30626088,1
0.25858632,0
0.14353639,1
0.084796555,1
0.2962842,0
0.3378966,0
0.27086276,0
0.36854,0
0.31896907,0
0.29659247,0
0.18522304,1
0.22773808,0
0.30099785,1
0.19346991,1
0.23928419,1
0.24501845,1
0.29992157,1
0.31415218,0
0.2506913,1
0.25540528,1
0.27985254,1
0.27113557,1
0.29014695,1
0.28501022,0
0.32565528,1
0.2901836,0
0.26195133,1
0.25310165,0
0.22470939,1
0.31470248,0
0.27415305,1
0.22177047,1
0.3165366,0
0.28782126,0
0.36250147,0
0.31204587,0
0.31016606,0
0.3576324,0
0.28898907,1
0.33906376,0
0.38009292,1
0.27404687,0
0.30191496,1
0.26760834,1
0.12883198,1
0.2202116,0
0.3149268,1
0.25135598,0
0.25203395,1
0.28086948,0
0.33549863,1
0.36246443,1
0.22961542,1
0.28267878,0
0.29149592,0
0.34498048,0
0.32594237,0
0.19579169,1
0.38025215,0
0.29988652,0
0.3429029,0
0.19615869,1
0.31286556,0
0.30115998,1
0.26573378,0
0.2674045,0
0.2402815,1
0.26038754,1
0.21801658,1
0.22515944,0
0.28247797,1
0.34023738,1
0.2887547,1
0.27340055,0
0.3771143,0
0.22709474,1
0.2754908,0
0.2742198,1
0.19753821,0
0.28713423,0
0.33130246,0
0.23914513,1
0.23332295,1
0.30583733,1
0.2634355,0
0.2780904,0
0.3398028,1
0.22691049,0
0.26210636,0
0.2548122,0
0.25144124,1
0.29952383,1
0.19523627,1
0.17797619,1
0.27102003,1
0.3310578,0
0.2201152,0
0.25627112,1
0.2728902,1
0.2589417,0
0.30734363,0
0.32795334,1
0.22864202,1
0.2956255,0
0.29379818,0
0.34045488,0
0.20582932,1
0.2904223,0
0.2540682,0
0.23763081,1
0.28055385,1
0.14246558,1
0.28144506,1
0.26971266,0
0.24831207,0
0.27433896,1
0.29070717,0
0.30450255,0
0.20352022,0
0.21047811,1
0.2528503,0
0.30193508,0
0.26709586,1
0.2607974,0
0.20166351,1
0.29810634,0
0.23934636,1
0.29694778,0
0.32315683,1
0.2444343,0
0.29389602,1
0.35573065,0
0.27934864,0
0.2974891,0
0.299586,1
0.23175839,0
0.2381531,1
0.23530215,0
0.34987533,0
0.2629284,1
0.3413189,0
0.2720475,0
0.27656758,0
0.33150578,0
0.20846127,1
0.2581847,1
0.23685503,1
0.24507728,1
0.30549866,0
0.3097324,0
0.30010074,0
0.28893954,1
0.2942025,1
0.22396815,1
0.25412732,1
0.2788216,1
0.29276344,0
0.25286904,0
0.29802257,0
0.3004133,0
0.32906413,0
0.31764883,0
0.3836133,1
0.2249746,1
0.2565371,1
0.27332187,0
0.22897875,1
0.25707886,1
0.31247288,0
0.32868224,0
0.2826749,0
0.23614237,0
0.30374742,0
0.2089596,0
0.21823947,1
0.30473632,0
0.22646922,1
0.33727205,0
0.3640508,0
0.35150862,1
0.29457992,0
0.26120633,1
0.33727407,0
0.24960726,1
0.2530381,1
0.31598234,0
0.26941782,0
0.25008214,0
0.21225801,0
0.34315538,0
0.3009621,1
0.34487617,0
0.2873042,1
0.26144466,0
0.27741098,0
0.25940633,1
0.21160233,1
0.30532736,0
0.34482598,0
0.26692146,0
0.28096223,0
0.2886123,1
0.16134886,1
0.2753856,0
0.2542272,0
0.2145285,1
0.23769742,1
0.2712798,0
0.30954483,1
0.31020355,1
0.20853886,1
0.24725285,1
0.30974287,0
0.24961928,0
0.25871193,1
0.2574433,1
0.33918753,1
0.28931063,1
0.27041692,0
0.2892666,1
0.29366466,1
0.24804302,0
0.31177226,0
0.33554542,0
0.3105377,1
0.2653809,1
0.34773594,1
0.34635222,0
0.24299532,0
0.22754782,0
0.30532643,1
0.27393115,0
0.22756998,1
0.30010724,1
0.30701745,1
0.24236512,0
0.16705489,1
0.21880668,1
0.31873804,1
0.31560442,1
0.27936983,0
0.36371565,0
0.2975142,0
0.2696506,1
0.26672748,0
0.27472642,0
0.22271298,1
0.34270012,0
0.27441353,1
0.23088184,0
0.3114126,0
0.34968328,1
0.18260759,1
0.2960711,0
0.25262582,0
0.31588438,1
0.3524402,0
0.29356015,1
0.3174344,0
0.3401661,1
0.3422386,0
0.20042548,1
0.31296986,0
0.3177185,1
0.24775898,0
0.1794397,1
0.23417956,1
0.19045794,1
0.22821763,1
0.30820423,1
0.2763045,0
0.30218545,0
0.2439177,0
0.16360784,1
0.24820435,0
0.33727744,1
0.1819306,1
0.25989947,1
0.26720047,1
0.2860101,0
0.24138847,1
0.3030375,0
0.27822953,1
0.30023926,0
0.29487076,0
0.33950317,0
0.29468316,1
0.22203624,0
0.24716443,1
0.21090052,1
0.29774535,0
0.30279443,1
0.29767245,1
0.36339533,0
0.32029647,0
0.31732732,0
0.17636712,1
0.21469346,1
0.27207887,0
0.36280757,0
0.3278626,0
0.2888907,1
0.35731727,1
0.22727379,0
0.27881986,1
0.31894353,0
0.26676178,1
0.24290279,1
0.29685873,1
0.30823162,1
0.30047518,0
0.3059234,0
0.19206303,0
0.23690006,1
0.31768548,0
0.3233977,0
0.2847153,0
0.3284884,0
0.29553756,1
0.19378637,1
0.29049867,0
0.32690182,1
0.26307023,0
0.26716447,1
0.21565339,0
0.27144155,1
0.24105725,1
0.26823205,0
0.31852758,0
0.28839937,1
0.28541988,1
0.2676502,1
0.33592606,0
0.24352688,0
0.23320231,0
0.25393158,1
0.27009162,1
0.27509457,1
0.2739046,0
0.20557132,1
0.24297819,1
0.26621,1
0.35367855,0
0.2870564,0
0.25864422,1
0.30493173,0
0.24061096,0
0.2982956,1
0.3178833,1
0.27913195,0
0.35407418,0
0.3032294,0
0.22128463,0
0.2968709,0
0.26448077,1
0.17974871,1
0.31222737,1
0.21022278,1
0.29498687,0
0.28228354,0
0.22977082,1
0.27042872,0
0.26306218,0
0.33942068,0
0.34951958,0
0.3424968,0
0.24085909,0
0.3057711,0
0.33088434,1
0.3155419,1
0.25095606,0
0.26603833,1
0.25991073,0
0.2102567,1
0.26055285,0
0.32563528,1
0.32625428,0
0.3160409,0
0.20726025,1
0.33277595,0
0.19371009,1
0.17286079,1
0.3130473,1
0.2407675,1
0.29683036,1
0.1951808,1
0.35448542,1
0.22677521,1
0.3354624,1
0.3234135,1
0.28703713,0
0.21760705,0
0.3328831,0
0.27651507,0
0.3118138,0
0.22084674,0
0.33339372,0
0.2776839,1
0.32219926,0
0.27241647,0
0.37582612,1
0.28719422,1
0.29993376,0
0.2838415,0
0.2622154,1
0.29148608,1
0.26913124,1
0.2730227,1
0.32989722,0
0.31238937,0
0.31426245,1
0.31025338,0
0.2199086,1
0.2525177,1
0.2513409,0
0.270475,0
0.28859922,1
0.23264402,1
0.24881639,0
0.29311368,1
0.25136584,0
0.25869122,1
0.28502405,0
0.2697969,1
0.22760907,0
0.29630095,0
0.25760132,0
0.21943633,1
0.19623822,0
0.19967705,1
0.28074732,0
0.27872938,0
0.18110967,1
0.20692894,1
0.2773062,1
0.26911315,0
0.37668186,1
0.22210488,0
0.33572713,0
0.23421411,1
0.31146201,0
0.23005351,0
0.24438167,0
0.27564403,0
0.284859,0
0.22815238,0
0.27428824,0
0.25985616,1
0.29486012,0
0.2870316,1
0.18411592,0
0.2915777,0
0.23100215,1
0.24873722,0
0.25371158,1
0.32092774,1
0.33015627,1
0.30884677,0
0.31268707,1
0.29220724,1
0.29590577,0
0.33142442,0
0.25168905,0
0.2695844,1
0.21546401,1
0.27327597,0
0.3389762,1
0.22761479,1
0.2743662,0
0.27973518,0
0.25834996,0
0.3056621,0
0.29625645,1
0.25033113,0
0.29953843,0
0.18058023,0
0.30328655,0
0.27279305,1
0.23576793,0
0.30471003,0
0.33547756,0
0.20178033,1
0.28260422,0
0.22237417,1
0.3075099,0
0.27824503,0
0.20826885,1
0.20571457,1
0.33345398,1
0.3381849,1
0.29617575,0
0.2917481,0
0.29633528,0
0.23547643,1
0.20118111,1
0.21009952,0
0.1647444,1
0.3146234,1
0.2303531,0
0.23555061,0
0.26966253,1
0.38157415,1
0.29182327,0
0.2352283,0
0.2801434,0
0.25095206,1
0.38651067,0
0.32908633,0
0.2738065,0
0.30795038,0
0.2522707,0
0.33197927,0
0.2842195,0
0.17964935,1
0.24351853,0
0.25954792,1
0.32273155,0
0.29112363,1
0.30097356,1
0.23234122,1
0.3116914,1
0.29899323,0
0.28651232,1
0.28544036,0
0.2255363,0
0.22247745,0
0.23736684,0
0.30139396,0
0.28730863,1
0.2504477,0
0.28757942,0
0.20492503,1
0.3061921,0
0.30621684,0
0.27952865,1
0.29211974,0
0.37180293,1
0.3684193,0
0.30514595,1
0.29525244,0
0.27915755,0
0.28379983,0
0.22524464,1
0.30507466,0
0.23334682,1
0.29070458,0
0.28209376,1
0.22269288,0
0.3208741,1
0.29038793,0
0.2315902,1
0.28324887,1
0.32161367,0
0.27286744,0
0.3445171,0
0.14684027,1
0.21558675,0
0.22538577,1
0.2417332,1
0.26819015,0
0.18112811,1
0.27936426,0
0.22102657,0
0.192055,1
0.27272427,0
0.32019985,0
0.2783085,1
0.29360643,0
0.22344652,1
0.336931,0
0.26989114,1
0.25412208,1
0.32631752,0
0.30250123,0
0.25892043,1
0.20950137,1
0.2930979,1
0.20719078,1
0.2248504,1
0.3189227,0
0.17599182,1
0.22220176,0
0.29636317,0
0.33078295,0
0.23306593,0
0.19246909,0
0.2998792,0
0.32578096,0
0.30423748,0
0.26725182,1
0.21264675,1
0.31222978,0
0.21984327,1
0.24490377,1
0.3358099,0
0.225025,1
0.3443756,0
0.24763153,1
0.2506257,1
0.3265279,0
0.21500231,0
0.25682235,0
0.22425187,0
0.24701542,0
0.30896616,0
0.25233498,1
0.17082597,1
0.33189654,0
0.32626784,0
0.4139583,1
0.26078194,0
0.30740428,0
0.30405104,0
0.21892396,1
0.236644,0
0.3021094,0
0.29745212,0
0.21921507,1
0.2429364,1
0.3174624,1
0.3211757,0
0.31102702,0
0.32471845,0
0.22610214,1
0.18704875,1
0.21814364,1
0.32994616,0
0.23606676,0
0.29341,0
0.25376695,1
0.3193409,1
0.2952175,0
0.29683673,0
0.2928789,1
0.22706714,0
0.23571707,1
0.34950233,0
0.2732907,0
0.32096308,0
0.23184107,0
0.20172423,1
0.21053718,1
0.28157824,0
0.3152618,1
0.30222368,0
0.37593925,1
0.19822402,0
0.2074652,1
0.2865178,0
0.2619766,0
0.28967252,0
0.23922947,1
0.26650655,0
0.31200176,0
0.2718749,0
0.24903941,0
0.27290124,0
0.19611567,1
0.31485718,1
0.31510675,0
0.23357663,1
0.24301967,1
0.22472967,1
0.29366532,0
0.3833509,1
0.25768626,0
0.32097125,1
0.2742608,1
0.20020282,1
0.25501692,1
0.28561866,1
0.34932172,0
0.30411366,0
0.2645568,0
0.3425073,0
0.26881894,1
0.2963974,0
0.3633553,0
0.18620461,1
0.19954604,1
0.2244592,1
0.30877888,0
0.29264608,1
0.2989379,1
0.27079886,1
0.29627204,1
0.29946882,1
0.15953666,1
0.30342388,0
0.29441932,0
0.2612052,1
0.31104416,1
0.21233572,0
0.29381353,0
0.33044094,1
0.25063282,1
0.2508921,0
0.2525385,1
0.26732588,0
0.30824068,0
0.2734169,0
0.20443754,1
0.23390596,0
0.223514,1
0.21728685,0
0.34538966,1
0.2972755,0
0.24501503,1
0.34525335,1
0.24587029,1
0.1738332,1
0.29678592,0
0.3308949,1
0.24620712,1
0.28898138,0
0.35997334,0
0.3193153,1
0.2562275,0
0.29282284,1
0.35491806,1
0.26184934,0
0.29016304,0
0.2884408,0
0.196224,1
0.23352845,1
0.30887485,0
0.27675754,0
0.23520736,1
0.2549826,0
0.34827217,0
0.2999891,1
0.22657526,0
0.3135906,0
0.20554492,0
0.2883207,1
0.34311417,0
0.21311647,1
0.2458711,1
0.17277108,1
0.25805432,0
0.35098848,0
0.24800317,1
0.2610328,0
0.26123318,1
0.25668868,1
0.26173636,1
0.25777945,1
0.25123715,1
0.26291215,0
0.22253524,0
0.3848266,0
0.25804135,1
0.24257337,0
0.3280007,0
0.29223454,1
0.2400693,1
0.33503243,1
0.30983126,1
0.29615214,0
0.32325274,0
0.31214905,0
0.25580704,0
0.30032277,0
0.26828215,1
0.36021614,1
0.27095816,0
0.24163133,1
0.31586814,1
0.2863611,0
0.1821253,1
0.29559034,0
0.2732498,1
0.36302143,0
0.15070097,1
0.29960692,1
0.2778073,0
0.23892647,1
0.3199883,0
0.19223714,1
0.24018809,0
0.21107927,0
0.36824068,1
0.25936553,1
0.32678136,0
0.31507567,0
0.29990587,1
0.15247434,1
0.27862775,0
0.23321944,1
0.1732897,1
0.2613291,1
0.33856937,0
0.30292505,1
0.34930697,1
0.1788649,1
0.33431703,1
0.24821419,0
0.19585782,1
0.28693402,0
0.25760671,1
0.33191365,0
0.22062977,1
0.31055588,0
0.13245864,1
0.13986707,1
0.29373646,0
0.30722284,0
0.23794943,0
0.26467517,0
0.35622796,1
0.26981384,0
0.33294562,0
0.20750694,1
0.28899524,1
0.3242267,0
0.2682031,0
0.30635804,0
0.2306847,0
0.27638435,1
0.2068722,1
0.27614504,1
0.20809203,1
0.22631183,1
0.29845154,1
0.21946594,1
0.312303,0
0.3123438,0
0.22809955,1
0.28724644,0
0.33463803,1
0.19297355,1
0.34968525,0
0.29913872,1
0.21487099,1
0.21382965,1
0.25970495,0
0.285561,0
0.3149389,0
0.28890127,0
0.22155266,1
0.32310557,0
0.24503675,0
0.2442065,1
0.34145284,0
0.27456027,1
0.30678105,0
0.3225776,0
0.33977914,0
0.31526816,0
0.29190022,1
0.24385235,0
0.32279664,1
0.2298854,1
0.30309555,1
0.28959656,0
0.19743866,1
0.27915704,0
0.29114127,0
0.31021017,0
0.28633496,0
0.3150158,0
0.2117806,0
0.29871237,0
0.28409803,1
0.24493396,1
0.31269908,0
0.26727927,1
0.31564808,1
0.35268182,0
0.31460175,0
0.319956,0
0.29269013,0
0.294899,0
0.29389578,0
0.21705896,1
0.28107125,0
0.22271892,0
0.3374339,0
0.25814775,0
0.3172313,0
0.23444137,1
0.3276085,1
0.3233574,0
0.2734306,0
0.27447504,0
0.24089625,1
0.31813797,1
0.28654194,0
0.36813134,1
0.29857278,0
0.28938037,1
0.26461315,0
0.16231662,1
0.31867734,1
0.36416695,0
0.34749183,0
0.31185585,0
0.24752727,0
0.23941162,1
0.3336532,0
0.2865774,0
0.31610602,0
0.3034039,0
0.28763884,0
0.30309138,0
0.27329445,0
0.29422224,0
0.1230731,1
0.26801515,1
0.1884059,1
0.33196428,1
0.28856418,0
0.43012288,0
0.2538161,1
0.18342471,1
0.24946883,1
0.23157585,1
0.21403308,1
0.31281802,0
0.3658753,1
0.26810545,0
0.32045215,0
0.267035,0
0.3955226,0
0.3181625,1
0.20514417,1
0.3119195,0
0.27615216,1
0.32464537,1
0.26759177,0
0.23387906,1
0.18507299,1
0.18441434,1
0.26348355,0
0.25952443,1
0.23613247,1
0.21134639,1
0.2662118,1
0.25863606,1
0.28219765,1
0.2754828,0
0.1303454,1
0.2571688,1
0.28150898,0
0.2666887,0
0.34121516,1
0.24770156,1
0.26196992,1
0.25291184,1
0.19384894,1
0.3523753,0
0.25871655,0
0.35570428,1
0.31656644,0
0.26784068,0
0.37598354,0
0.2866237,1
0.24316895,1
0.19778101,1
0.2980901,0
0.3534345,1
0.21519917,1
0.27835494,0
0.29104853,1
0.32820427,0
0.33359766,0
0.2411448,0
0.3406765,1
0.37868398,0
0.29362544,1
0.30703902,1
0.28178394,1
0.2623566,1
0.2925436,1
0.21613833,1
0.19094226,1
0.18327811,1
0.2978332,0
0.30138275,0
0.31617287,0
0.25230175,1
0.3269498,0
0.233713,0
0.25394207,0
0.29698664,0
0.28664476,1
0.3010574,0
0.27855283,0
0.24980024,1
0.25190964,0
0.2404648,1
0.27696693,0
0.25226793,1
0.3260079,0
0.29561305,0
0.34493816,0
0.20389438,1
0.2931081,0
0.21922395,0
0.23451598,1
0.24991152,1
0.29925838,1
0.31319228,0
0.2687238,1
0.16852625,1
0.3031206,0
0.33095384,0
0.20730239,1
0.27674508,0
0.3038821,0
0.22664064,1
0.31584132,0
0.30058652,0
0.3590715,1
0.17942956,1
0.31196022,0
0.20747322,1
0.26955503,1
0.28707522,0
0.31158456,0
0.28842485,1
0.23928744,1
0.31030044,1
0.16709635,1
0.2777507,0
0.31847483,0
0.21906778,0
0.30343223,1
0.22207892,0
0.2588379,0
0.2623331,1
0.2844626,0
0.37168425,0
0.21272321,0
0.35337675,0
0.28504735,0
0.25615308,0
0.2863617,0
0.3136983,1
0.3363521,0
0.18909647,1
0.25542217,1
0.28013718,0
0.14315346,1
0.26432055,1
0.31637385,1
0.30308336,0
0.26681605,1
0.2198363,1
0.3136927,0
0.32912982,1
0.2497249,1
0.25812784,1
0.2923601,0
0.16807967,1
0.29827005,1
0.28835315,1
0.25236446,0
0.30187136,0
0.31045377,0
0.27791914,1
0.3279919,1
0.38156268,1
0.27415058,0
0.2285029,1
0.2490038,0
0.27461305,0
0.19073443,0
0.36852592,0
0.26863956,1
0.24097824,1
0.27309912,0
0.29791486,1
0.25988784,0
0.27269414,0
0.3444442,0
0.29491007,1
0.33873147,0
0.3260524,1
0.26892698,0
0.36238742,0
0.3223215,1
0.36612552,0
0.22958532,0
0.26752725,0
0.21180078,0
0.3113343,0
0.26026928,0
0.18787114,0
0.28964615,0
0.3348366,0
0.2772154,1
0.2440727,0
0.22229987,1
0.38970172,0
0.30913556,1
0.2848976,0
0.28248948,0
0.2303609,0
0.30924028,1
0.20695958,1
0.2879556,0
0.28645408,1
0.24533337,0
0.32823965,0
0.17098859,1
0.36250708,1
0.31494978,1
0.18099114,0
0.25566208,0
0.33014485,1
0.2536402,1
0.3320527,0
0.2501222,1
0.23708728,0
0.23936173,1
0.32720977,0
0.27717716,1
0.30677217,1
0.27804548,0
0.20551598,1
0.3038003,0
0.31071448,0
0.18094271,1
0.39344016,1
0.3053946,0
0.19402668,1
0.24759203,1
0.29323173,0
0.22506514,0
0.3297629,1
0.2556246,0
0.3129326,0
0.22577399,1
0.26904836,1
0.2657984,0
0.27642494,0
0.2787434,1
0.23376384,1
0.20489727,1
0.25979078,0
0.34083813,0
0.21224019,1
0.23434049,1
0.39116704,1
0.19759183,1
0.26410925,0
0.16435684,1
0.32663277,0
0.2700255,0
0.28844333,1
0.38460556,1
0.25299394,0
0.35639012,0
0.16039649,1
0.26527992,1
0.3159284,0
0.32942137,0
0.27608037,1
0.26245242,0
0.3604367,1
0.20565951,1
0.34307986,0
0.23797965,1
0.3364017,0
0.21754129,1
0.19606933,1
0.28738937,1
0.25097445,1
0.20889454,1
0.24346936,1
0.30258057,0
0.26949438,0
0.20431298,1
0.22935304,1
0.25287136,1
0.3303483,0
0.34619498,0
0.2811931,0
0.29436442,0
0.19654654,1
0.34937975,1
0.3491859,1
0.32802975,0
0.26192662,0
0.20992455,1
0.3602284,0
0.31411505,0
0.29307085,1
0.29576433,1
0.20685121,1
0.28184503,1
0.2692305,0
0.30996412,1
0.305925,0
0.23578666,0
0.24499142,1
0.2751456,1
0.27365395,1
0.19007117,1
0.287818,0
0.27766126,0
0.35278082,0
0.24003819,0
0.3698484,0
0.17973137,1
0.3004369,0
0.24990489,1
0.27220455,0
0.33182824,0
0.23571518,1
0.41465202,0
0.32765538,0
0.32075977,0
0.27782664,1
0.270338,0
0.20220281,1
0.2593134,1
0.19597219,1
0.32130826,0
0.23624584,0
0.2754075,0
0.2954123,1
0.26091737,1
0.237879,0
0.3109511,1
0.3146327,0
0.26000068,0
0.2822848,1
0.26283276,0
0.31299904,1
0.34291083,0
0.15122692,1
0.27371246,1
0.3001848,1
0.22176716,0
0.19722459,1
0.2510872,1
0.33305156,0
0.3043074,0
0.28362486,1
0.17660542,1
0.28812778,0
0.21568011,0
0.31194213,0
0.23944688,1
0.2870761,0
0.2676064,1
0.2870834,1
0.3663064,0
0.301942,0
0.29410824,1
0.22923821,1
0.2906444,0
0.2949217,0
0.24794067,1
0.3110624,0
0.287511,0
0.3226319,1
0.29410058,1
0.18696839,1
0.22391632,1
0.23710254,1
0.23534486,1
0.2820141,0
0.2950787,1
0.30327675,1
0.30634916,0
0.3005999,0
0.30058554,0
0.25112247,1
0.32492834,1
0.33824295,0
0.17189206,1
0.21385682,1
0.29309875,1
0.31456086,0
0.2774388,0
0.22511631,0
0.30681735,1
0.25884965,0
0.3133213,0
0.16782045,1
0.26698864,0
0.29667,1
0.2320871,0
0.292675,0
0.2569557,1
0.29011905,1
0.23681003,1
0.22228211,1
0.1776481,1
0.22012123,1
0.25534853,1
0.31995064,1
0.26106322,0
0.2537232,0
0.285408,0
0.17772675,1
0.22837238,1
0.2940483,0
0.3206243,0
0.33652046,1
0.15514144,1
0.24534518,1
0.358173,0
0.30582067,0
0.2877562,0
0.21881506,1
0.2952322,1
0.2702496,1
0.37353754,0
0.18736798,1
0.31396455,0
0.31252584,1
0.19594234,1
0.19963397,1
0.21164781,1
0.21470651,1
0.33576298,0
0.2593243,1
0.23200868,1
0.25384542,1
0.18242945,1
0.29298675,0
0.3282414,0
0.21377733,1
0.31384546,0
0.28955618,1
0.3392197,0
0.22558399,1
0.22885934,1
0.4175102,0
0.04579693,1
0.21507826,1
0.34965295,0
0.28837532,0
0.21337497,1
0.2133524,1
0.21924599,0
0.24369991,0
0.3034772,0
0.1838322,1
0.30997688,0
0.32388955,1
0.3350231,0
0.2679363,0
0.26255864,0
0.36791176,1
0.32378346,0
0.2596845,1
0.24460606,1
0.275207,0
0.26145494,0
0.20705849,0
0.24854226,1
0.27045077,0
0.33850107,1
0.2958103,0
0.317046,1
0.24640234,1
0.22198941,1
0.2692239,0
0.22677156,1
0.31404078,0
0.22553833,1
0.3431717,0
0.24109271,1
0.32518935,1
0.26318634,1
0.284195,0
0.18827878,1
0.25569594,1
0.32446837,0
0.31613275,0
0.25998157,0
0.32878786,0
0.19544983,1
0.18650667,1
0.31727707,1
0.2303634,0
0.36745828,0
0.28907576,1
0.27642632,0
0.308259,0
0.3202481,0
0.32245445,1
0.3026119,0
0.21764068,1
0.20463946,0
0.30303717,0
0.18875572,1
0.3415087,0
0.28159177,1
0.26214302,1
0.2905783,1
0.18853332,0
0.3232793,1
0.3213169,0
0.17448263,1
0.30205587,1
0.2160016,0
0.29230133,1
0.22479051,1
0.30762187,1
0.32124043,0
0.313215,0
0.26865682,0
0.3269698,1
0.3142656,0
0.33405703,0
0.2910397,1
0.3242119,1
0.195611,1
0.31552836,1
0.29304492,0
0.29482758,0
0.32047987,0
0.22261596,1
0.22103086,1
0.36609846,0
0.22861642,1
0.37384254,0
0.33760715,1
0.3708294,0
0.25900808,0
0.24352786,0
0.27971673,1
0.26727283,0
0.27906334,0
0.28134692,0
0.29944992,0
0.35848403,0
0.18471073,0
0.2568469,1
0.34130293,0
0.29338938,1
0.27082494,1
0.3021178,1
0.2713859,0
0.2076059,1
0.27648708,1
0.26451942,1
0.34065792,0
0.2495566,1
0.20760512,1
0.32618237,1
0.25832415,0
0.16883321,1
0.31849104,1
0.2727086,0
0.26302788,0
0.33184007,0
0.28393835,0
0.29329944,0
0.3354026,0
0.2587859,0
0.29367998,0
0.21218568,1
0.2959955,0
0.16466412,1
0.27899072,1
0.29029685,0
0.26954275,1
0.23329857,1
0.3257561,0
0.2520893,1
0.3201756,0
0.27716595,1
0.3155673,0
0.26935434,1
0.19684747,1
0.33702216,1
0.29433465,0
0.13190533,1
0.32736886,0
0.29360753,0
0.20479627,1
0.22237396,0
0.30447668,1
0.2666238,0
0.3232696,1
0.24066003,0
0.31089577,0
0.17525873,1
0.3466393,0
0.22899313,0
0.26266086,0
0.22190575,1
0.22744809,0
0.1993221,1
0.30111533,1
0.2277514,1
0.20575413,1
0.2433655,1
0.25569552,0
0.38060963,0
0.3145336,1
0.25922456,0
0.17955592,1
0.36728767,0
0.39091557,1
0.26832077,1
0.26059967,1
0.3026061,0
0.29876125,0
0.3755808,0
0.2554082,1
0.3208702,0
0.35348982,1
0.30922687,0
0.34568685,0
0.36150232,0
0.3290241,0
0.24469975,1
0.33729488,0
0.23713237,1
0.29005343,1
0.17780092,1
0.27772784,1
0.3258624,0
0.2266149,1
0.29487318,0
0.243563,0
0.2975997,0
0.26049677,1
0.31348705,0
0.31310433,0
0.2238858,1
0.3046701,0
0.29631504,0
0.29957378,0
0.2502244,0
0.274238,1
0.23143682,1
0.3649854,1
0.29434416,1
0.29609242,1
0.23082839,1
0.22655098,1
0.30928025,0
0.33712468,0
0.38075984,0
0.2815826,1
0.29407126,0
0.29570636,1
0.26789474,0
0.37088448,0
0.3266708,0
0.20656404,1
0.17772286,1
0.2847972,1
0.26382735,0
0.25191623,0
0.30303305,0
0.24932382,0
0.33039013,1
0.3103532,1
0.306669,0
0.34770453,1
0.27210322,1
0.3830046,0
0.24889281,1
0.32368404,0
0.28240973,0
0.35793942,1
0.3139521,0
0.2610643,0
0.2729151,0
0.31952694,0
0.21430773,1
0.30713978,0
0.3813681,1
0.27646238,0
0.31803852,1
0.28918487,1
0.28973466,1
0.32962844,0
0.29442275,0
0.2592142,1
0.19369918,0
0.40636712,0
0.2739792,0
0.33130133,0
0.2978969,1
0.28487545,0
0.30299214,1
0.2649649,0
0.30067623,1
0.314753,1
0.22984457,1
0.25377744,0
0.35965225,0
0.28111023,0
0.21469751,1
0.30370617,1
0.33278114,0
0.25365627,1
0.30425158,0
0.24150486,0
0.3412823,1
0.25336355,0
0.18120639,1
0.24853182,1
0.29070917,1
0.31718174,0
0.28978622,0
0.28477943,0
0.23463008,1
0.28790715,0
0.28021985,1
0.15526727,1
0.25568208,1
0.28402668,0
0.2778569,0
0.27180636,0
0.24710335,1
0.28360942,0
0.3409415,0
0.31788892,1
0.26254964,1
0.30851018,1
0.28544846,0
0.30418047,0
0.29112336,0
0.23936045,1
0.277682,0
0.32471618,0
0.1886321,0
0.23598121,0
0.3116199,0
0.18244755,1
0.3494541,0
0.2694073,0
0.2896081,0
0.29005438,1
0.25239813,0
0.30238903,0
0.30002776,0
0.2926095,0
0.13414437,1
0.24322306,1
0.28865886,0
0.36927837,1
0.34878203,0
0.33254522,0
0.27987477,1
0.18453015,1
0.19370073,1
0.3472734,0
0.27383822,0
0.25794387,1
0.27455524,1
0.29698944,1
0.28106064,1
0.343661,1
0.32057372,1
0.28201908,1
0.33845663,0
0.25723934,1
0.2687369,0
0.23160872,1
0.31913707,0
0.21568477,1
0.24231786,0
0.3308251,0
0.31262553,0
0.29495823,0
0.28772956,0
0.31297547,0
0.20305201,0
0.3269782,0
0.25417748,1
0.2213185,0
0.29740497,0
0.2155945,1
0.26302373,0
0.26705736,0
0.26240373,0
0.22972128,0
0.29622698,0
0.2844671,1
0.25731623,1
0.3068746,0
0.24443433,0
0.25462508,1
0.34783062,0
0.2717653,1
0.2862947,0
0.19517876,1
0.25182244,0
0.35641932,0
0.23799564,0
0.3476227,0
0.26430258,0
0.2489547,1
0.33524618,1
0.27351907,0
0.2513904,1
0.30371583,0
0.3132624,0
0.28832057,0
0.25792956,0
0.23305714,1
0.20278539,1
0.23815313,1
0.24232963,0
0.29805094,0
0.28238192,1
0.3266195,0
0.28262568,0
0.33261323,1
0.17831555,1
0.33647606,0
0.29291362,1
0.26485178,0
0.3500299,0
0.34655374,0
0.27871037,0
0.27435386,1
0.21566197,1
0.2856204,1
0.27150446,0
0.22825846,0
0.28437996,1
0.27408242,1
0.29915443,1
0.338015,1
0.21058226,0
0.21174252,1
0.26300192,0
0.3076739,1
0.31307763,0
0.2713654,1
0.29400104,1
0.2536642,0
0.26419383,0
0.28454095,1
0.27192122,0
0.2151182,0
0.326424,0
0.32663947,1
0.26150796,0
0.27477735,1
0.3256955,0
0.3793121,1
0.22527604,1
0.31715667,1
0.27207458,1
0.29301614,0
0.30988988,0
0.19033885,1
0.22169413,1
0.32949686,0
0.33142114,1
0.29192495,1
0.28788745,0
0.27267545,0
0.29671645,0
0.24623036,0
0.28066114,0
0.256851,0
0.2264508,0
0.29323724,0
0.19507015,1
0.2514425,0
0.32710415,1
0.3033326,0
0.259252,0
0.3366632,0
0.25187325,0
0.35428947,0
0.2787935,0
0.37046146,1
0.303284,1
0.27941796,0
0.17492247,0
0.24290784,1
0.2797709,0
0.279247,0
0.27484298,0
0.16523758,1
0.15857536,1
0.23538288,0
0.243061,1
0.32457614,0
0.22479436,1
0.29815954,0
0.27494025,0
0.17558801,0
0.22102895,1
0.24763134,1
0.31946546,1
0.26031452,0
0.25444797,0
0.29142964,0
0.32185346,1
0.14212923,1
0.23672844,1
0.35713625,0
0.27850422,0
0.25444537,0
0.24181582,1
0.23445062,1
0.2640345,0
0.33360776,0
0.30439693,1
0.26357594,0
0.23572788,0
0.19730435,1
0.15861154,1
0.3263455,0
0.30219108,0
0.1597868,1
0.27429277,0
0.26994917,0
0.2848174,1
0.29248267,0
0.27752894,0
0.2928677,0
0.23432568,1
0.36266738,0
0.10397138,1
0.29533172,0
0.27634284,1
0.30726188,1
0.3281153,0
0.3160764,0
0.26033205,0
0.24818066,1
0.22128442,0
0.2596012,0
0.24898589,0
0.2755339,1
0.24807063,1
0.30341473,0
0.33316317,0
0.28360233,0
0.2680619,0
0.3361351,0
0.31204125,0
0.26054433,1
0.20863584,1
0.33852273,0
0.14903358,1
0.36888555,0
0.12862334,1
0.17177615,1
0.22206694,1
0.14299086,1
0.24608955,0
0.26506558,1
0.21154402,1
0.2953155,0
0.3547954,1
0.1954791,1
0.32384622,0
0.28539023,0
0.29071146,1
0.272854,0
0.2912989,0
0.3376387,1
0.34194684,0
0.25260398,0
0.33439106,1
0.18084979,1
0.27040154,0
0.29437923,0
0.26237646,0
0.27246222,1
0.28317332,0
0.24063325,1
0.27578288,1
0.2678972,1
0.21553224,1
0.3254168,0
0.23837918,0
0.2580781,0
0.30648157,0
0.20925929,1
0.28248626,0
0.36188644,1
0.3213434,0
0.34337062,0
0.2930992,1
0.28636816,1
0.25296664,0
0.20020178,1
0.33411813,0
0.32304776,0
0.2513994,1
0.16849007,1
0.19856352,1
0.32862365,0
0.2994221,0
0.3283174,1
0.19854294,1
0.29885936,0
0.17929007,1
0.2707651,0
0.29578575,0
0.24194495,1
0.34143198,1
0.30977014,1
0.14643407,1
0.27185968,1
0.25318506,0
0.29458717,1
0.33897159,1
0.27922744,0
0.24751458,1
0.32496074,0
0.3317879,0
0.3123675,1
0.31937468,1
0.26357073,0
0.23722938,0
0.3485222,0
0.30769446,0
0.22727141,0
0.30003157,0
0.27923423,0
0.346867,0
0.20955811,1
0.24273674,1
0.18666822,1
0.34145084,0
0.27139187,1
0.28231525,1
0.29199857,1
0.34096938,1
0.32704297,0
0.16125868,1
0.27330714,0
0.30736327,0
0.3214325,0
0.24465501,0
0.23742805,1
0.1855353,1
0.2987697,0
0.3008032,0
0.30881435,1
0.22384286,1
0.24049859,1
0.31270647,0
0.07650526,1
0.20142251,1
0.37896937,1
0.32677585,1
0.32700568,1
0.22939827,0
0.23798856,1
0.23048326,0
0.3563081,0
0.29569286,0
0.23667943,1
0.27385938,0
0.27526116,1
0.286428,0
0.3123634,0
0.35236692,0
0.28475052,0
0.32291847,1
0.31666034,0
0.2924589,0
0.23587576,1
0.2845399,0
0.28830272,1
0.24572575,1
0.20509192,1
0.2122612,0
0.34646752,0
0.38665837,0
0.33532235,0
0.20359835,1
0.28543565,0
0.27020323,1
0.32562876,0
0.3201571,0
0.21034595,1
0.2587936,1
0.32117632,0
0.24870552,1
0.19533302,1
0.19905564,1
0.16616754,1
0.24856193,0
0.22920075,1
0.28780344,0
0.34075022,0
0.284756,1
0.3722549,1
0.30357748,0
0.14894104,1
0.30004665,0
0.3264249,1
0.29204744,0
0.2575359,0
0.22166243,1
0.24539483,1
0.2811265,0
0.27975306,0
0.29825148,1
0.32221258,1
0.25945377,0
0.29483432,1
0.16702542,1
0.2458938,0
0.19762549,1
0.29859573,0
0.3306914,0
0.27119213,1
0.2890743,0
0.26401645,0
0.33154774,0
0.33111638,0
0.2477056,0
0.36483538,1
0.281605,1
0.33647993,0
0.29073808,0
0.25945905,0
0.35653126,0
0.32332492,1
0.3003698,0
0.28712648,1
0.3924091,0
0.29540887,0
0.2532399,0
0.28112155,0
0.17928322,1
0.20326254,1
0.294356,0
0.25407863,0
0.22727525,0
0.14842771,1
0.27759063,0
0.2698175,1
0.30009985,0
0.20216818,1
0.2835917,0
0.25071055,1
0.19120097,1
0.3719738,1
0.21191451,0
0.32069695,0
0.27307075,0
0.25197166,1
0.23245412,1
0.19513316,1
0.39818537,0
0.27153444,1
0.25188634,0
0.12326947,1
0.31725636,1
0.27720493,1
0.24318475,1
0.25149566,0
0.2098606,1
0.26007372,1
0.30362394,0
0.32668108,0
0.3135453,0
0.33493203,1
0.25638372,1
0.2910427,1
0.22294316,1
0.23440942,1
0.21705282,1
0.35168928,1
0.29350042,0
0.31839326,0
0.23916852,1
0.25687677,1
0.26204342,0
0.31594074,0
0.1752346,1
0.27833527,0
0.27581397,1
0.273271,1
0.33373863,0
0.32510436,0
0.28575164,1
0.30071288,0
0.26831004,0
0.19517604,1
0.31328484,0
0.23612338,0
0.26727325,1
0.23493648,0
0.33503732,0
0.17707494,1
0.3811985,1
0.29491878,0
0.28427604,0
0.29211575,0
0.28258747,0
0.19948728,1
0.25812358,0
0.29083228,0
0.19813496,1
0.27222425,0
0.25958687,0
0.14730267,1
0.21287866,1
0.33043748,0
0.27964628,0
0.21380435,0
0.24158645,1
0.15946262,1
0.316325,0
0.30600908,1
0.28123853,1
0.33037156,0
0.35568187,1
0.30405182,0
0.25590962,0
0.36959583,0
0.2640642,0
0.30448765,1
0.2765014,0
0.2827996,1
0.37889135,0
0.41041863,0
0.33591706,0
0.33565897,0
0.27637228,1
0.17357579,1
0.18390945,1
0.22432464,1
0.19734862,0
0.32870567,1
0.28578836,1
0.32242256,0
0.37480083,1
0.3383392,0
0.33265254,0
0.2788299,0
0.2142301,1
0.28977507,1
0.18468346,1
0.24506879,1
0.23835725,0
0.29326266,0
0.2745454,1
0.2081995,1
0.21158363,1
0.32657635,0
0.41255075,1
0.32422474,0
0.27287072,0
0.20660117,1
0.27641195,1
0.29137918,1
0.29433697,1
0.18108365,1
0.3545777,0
0.27766782,1
0.15326618,1
0.33862886,1
0.33589703,1
0.29000255,1
0.25300848,1
0.18259628,1
0.22285387,0
0.34641105,1
0.3442566,0
0.2533273,0
0.27625325,1
0.34017256,0
0.29828262,0
0.23301503,1
0.32006568,1
0.3485858,0
0.28773242,0
0.28283072,1
0.26748163,1
0.31396627,0
0.12790093,1
0.23717037,1
0.25230283,1
0.27777174,0
0.36729822,1
0.10942155,1
0.33635652,1
0.30060497,0
0.26698443,0
0.20133348,1
0.3397511,0
0.24388275,1
0.26092806,0
0.2205363,1
0.23011383,1
0.3031796,1
0.2661466,0
0.2526372,1
0.25217107,0
0.22358349,1
0.21987468,1
0.22481538,1
0.29569733,1
0.20849556,1
0.23295078,1
0.27629757,0
0.28812137,0
0.25481623,0
0.20332986,1
0.2809195,1
0.20994216,1
0.25563514,1
0.37677348,0
0.30231404,1
0.33657163,0
0.14802507,1
0.31052297,1
0.3107495,1
0.26550427,1
0.3220598,1
0.3064183,0
0.26948696,0
0.28699136,0
0.32635605,0
0.30162805,0
0.29811645,0
0.23388451,1
0.2559064,0
0.3010237,1
0.30558524,0
0.23198983,0
0.26795393,1
0.14659151,1
0.2684411,0
0.30465955,0
0.30649954,0
0.28796,1
0.25570846,0
0.28945276,1
0.21502021,0
0.22279973,0
0.353047,0
0.24456063,0
0.3315117,1
0.24955362,0
0.27967685,0
0.31828037,1
0.36806068,1
0.2799526,0
0.29757264,0
0.23659843,1
0.30140376,1
0.21753536,1
0.33488858,0
0.2734798,1
0.22868712,1
0.2927634,0
0.33232158,1
0.30842826,1
0.28077024,1
0.31693393,0
0.2862791,1
0.32770354,0
0.22164166,0
0.2179703,1
0.13635164,1
0.28722683,0
0.27205443,1
0.24185896,0
0.35237843,0
0.2521929,1
0.23962851,0
0.20555332,1
0.31904173,0
0.23774728,0
0.28003865,1
0.2547326,1
0.25052392,1
0.30055296,1
0.32460228,0
0.32811427,1
0.24386314,1
0.17685592,1
0.32639545,0
0.30569947,0
0.34923,0
0.27026033,1
0.29096794,0
0.3690825,0
0.28697902,0
0.24179623,1
0.33996916,0
0.23273012,0
0.2858186,0
0.18254319,1
0.27866268,0
0.33985382,0
0.20301005,1
0.31922618,0
0.2985263,1
0.3092476,0
0.30261916,0
0.35766137,0
0.30529016,1
0.3021119,0
0.3190422,0
0.21273309,1
0.3494159,1
0.2810404,1
0.28123322,0
0.28038692,1
0.31052464,0
0.16088335,1
0.25092122,1
0.26403847,1
0.2681248,0
0.27581587,1
0.32648608,0
0.19535473,1
0.31070334,0
0.32625332,0
0.35096556,1
0.2892192,0
0.3128227,0
0.31207192,0
0.22724439,1
0.23314422,0
0.2926193,1
0.3057773,0
0.34196603,1
0.28336388,0
0.2035909,1
0.24979281,1
0.2230038,1
0.28845167,1
0.29646027,1
0.30064416,0
0.29848945,1
0.26821676,0
0.276631,0
0.35873535,0
0.26890355,1
0.24224877,0
0.28888506,0
0.24430071,1
0.20338255,1
0.33928615,0
0.16475901,1
0.28498134,0
0.30068943,0
0.24217613,0
0.29954875,1
0.34562826,0
0.26472485,1
0.29916942,1
0.22234315,1
0.31211692,0
0.2918834,0
0.20773378,1
0.24705774,1
0.284338,0
0.28970972,0
0.26804304,1
0.22416018,1
0.3409646,1
0.30083355,1
0.29305765,0
0.30072892,0
0.29860252,0
0.24739105,1
0.33456784,0
0.2870093,1
0.2731322,0
0.23793095,1
0.30220735,0
0.25107753,1
0.25731137,1
0.2973339,0
0.2931705,1
0.29548627,0
0.3301972,0
0.2862704,0
0.3054225,1
0.17270547,1
0.28426483,1
0.3086606,0
0.21635243,1
0.2822227,1
0.2315257,1
0.29333493,1
0.22236112,0
0.28047842,0
0.23562598,1
0.11091003,1
0.20760238,0
0.25293502,1
0.31257266,1
0.27862862,0
0.27631626,1
0.33316597,0
0.31940934,0
0.29165858,1
0.24080053,1
0.20534608,1
0.26809406,0
0.31774893,0
0.3094834,0
0.28731453,1
0.23428282,0
0.24355459,0
0.29854277,0
0.323195,0
0.2774885,0
0.2795236,0
0.2579556,1
0.24926627,0
0.25181398,0
0.20701586,1
0.30247325,0
0.21936344,0
0.31433845,0
0.3257523,0
0.25413162,0
0.2436291,0
0.22511616,1
0.20048372,0
0.29648572,0
0.25844538,1
0.20265476,1
0.2201446,1
0.24451661,1
0.28731602,0
0.27707502,0
0.25351506,0
0.18119892,1
0.2649262,0
0.25706416,1
0.2869965,0
0.31957865,0
0.329387,1
0.3375216,0
0.29878134,0
0.27164894,0
0.28248048,0
0.30959785,1
0.33241898,1
0.17132662,1
0.31698918,0
0.3031233,0
0.32508835,1
0.38603264,0
0.2936517,0
0.29834223,0
0.3268735,0
0.3257536,0
0.2743209,0
0.3080914,0
0.2737672,0
0.34805286,0
0.31713477,0
0.3256935,0
0.29515076,0
0.34015018,0
0.30452606,0
0.27987343,1
0.32915983,1
0.35856465,0
0.25621197,1
0.23935665,1
0.31522092,0
0.23495205,0
0.26275635,1
0.36775482,0
0.2801716,0
0.33284906,0
0.23976079,1
0.25347078,1
0.22902015,1
0.34082705,1
0.22851159,1
0.3094988,0
0.355487,0
0.28233576,0
0.3211897,0
0.20151377,0
0.18980435,1
0.29315704,1
0.23717423,1
0.25404403,1
0.36340064,0
0.34250444,1
0.19222362,1
0.2456479,0
0.3387606,1
0.29514492,0
0.22770302,1
0.20150235,1
0.19686976,1
0.23988435,0
0.32912073,1
0.30411243,0
0.32754079,0
0.19985235,1
0.30788738,0
0.28108585,0
0.29860196,0
0.31874222,1
0.23871648,0
0.3287571,1
0.31848896,0
0.34129104,0
0.22513397,1
0.26121047,1
0.30982232,1
0.22437108,1
0.33559483,0
0.25929895,1
0.28439668,1
0.21258669,1
0.36721635,0
0.28820732,0
0.32948992,0
0.22062352,1
0.19614497,1
0.21061012,1
0.22392493,1
0.2755773,1
0.18114965,1
0.25909907,1
0.36697647,0
0.24636011,1
0.3269617,0
0.23468134,0
0.3179615,0
0.26707423,1
0.30373824,0
0.3281976,0
0.3305633,0
0.19002219,1
0.28545246,1
0.27426928,0
0.18082228,1
0.31917316,1
0.3003822,0
0.27894694,1
0.33006752,0
0.28956163,0
0.34699893,0
0.2702087,0
0.27757186,1
0.28932542,0
0.24279115,1
0.27019435,1
0.36310136,0
0.3050444,0
0.2473526,1
0.26870397,1
0.37318903,0
0.32422122,0
0.29323286,0
0.28657296,0
0.18573155,1
0.30640098,1
0.22395676,1
0.23532325,0
0.2545045,1
0.2678231,1
0.27911168,0
0.20520854,1
0.24930847,1
0.3604719,1
0.268094,0
0.32017893,1
0.2855156,1
0.28946728,0
0.31632626,0
0.30239344,0
0.3205198,0
0.29233634,0
0.20891401,1
0.1944459,1
0.20096537,1
0.3003831,0
0.32336518,1
0.2404651,0
0.22617897,1
0.35832185,0
0.32105148,1
0.30744702,0
0.26020306,0
0.3738443,0
0.23270154,1
0.34424883,0
0.21304591,1
0.31417996,0
0.17494097,1
0.32618392,0
0.18266869,1
0.28206357,1
0.30851704,0
0.28653952,0
0.26120964,0
0.35930312,0
0.33649448,0
0.22458813,1
0.20056981,1
0.33263886,0
0.2916845,0
0.22103752,1
0.24861878,1
0.18297592,1
0.34594375,0
0.2818281,1
0.2507138,1
0.2460767,1
0.23243797,1
0.3277055,1
0.2669845,1
0.26469126,0
0.2976644,1
0.24721158,0
0.18121195,0
0.24050063,1
0.12379939,1
0.22031932,0
0.30210152,0
0.20036986,1
0.26931232,1
0.38480937,1
0.34692952,1
0.24399534,1
0.33945814,1
0.25551265,0
0.30113634,0
0.33383867,0
0.2982689,0
0.31290334,0
0.32876843,0
0.20204401,1
0.2656728,1
0.3081404,1
0.28837693,0
0.32536623,1
0.35789692,0
0.3436029,0
0.2512532,0
0.30419835,1
0.28622198,1
0.24773026,1
0.2005378,1
0.25742966,0
0.19757915,1
0.32407528,0
0.20829478,1
0.38922408,0
0.29324153,0
0.27175963,0
0.28354353,0
0.1821138,1
0.23050915,0
0.31261903,1
0.21404298,1
0.19184211,1
0.20915312,1
0.25217032,0
0.29348952,1
0.30231726,1
0.32411903,1
0.32621047,1
0.29544193,0
0.3464085,1
0.337289,1
0.23865584,1
0.3122003,0
0.3388481,0
0.26194102,1
0.24502353,0
0.36137915,1
0.30337322,0
0.26117763,1
0.3674094,0
0.31557807,0
0.26121843,0
0.22687368,1
0.22304627,1
0.2247647,1
0.33655027,1
0.31082082,0
0.23175085,0
0.26576942,0
0.2780069,0
0.22835046,1
0.174862,1
0.29825974,0
0.3351615,0
0.33351198,0
0.33048362,0
0.27292165,0
0.33600745,0
0.29661158,1
0.30597273,0
0.2989577,0
0.3030159,0
0.31609935,1
0.29935056,0
0.30857366,1
0.3281941,0
0.24920706,0
0.29231632,0
0.29015437,0
0.30274737,1
0.3304479,0
0.29080728,1
0.26729602,0
0.2727469,0
0.22561324,1
0.3514427,0
0.3476537,0
0.34431618,0
0.3453239,0
0.29624826,0
0.34839264,0
0.3453247,0
0.2879756,1
0.2999969,1
0.30518728,1
0.2650438,0
0.28529435,0
0.26609176,1
0.28579372,0
0.35157537,1
0.19487573,1
0.2541461,0
0.22216672,1
0.2952256,0
0.3332798,0
0.25807837,1
0.21602641,1
0.24990748,0
0.24764347,0
0.24339777,1
0.18249123,1
0.25408417,1
0.2989687,1
0.345424,1
0.3526801,0
0.25004256,0
0.321235,0
0.2593978,1
0.14234133,1
0.25968957,0
0.23249242,1
0.21796083,0
0.29037794,1
0.33642167,0
0.23155269,1
0.24881688,0
0.20241553,0
0.33549112,0
0.29172152,0
0.25506338,0
0.26244998,0
0.14266826,0
0.30510217,1
0.22880001,0
0.2771507,1
0.2830385,0
0.30000642,0
0.21172194,1
0.20905767,1
0.32266596,1
0.26440668,0
0.23023693,1
0.3032486,1
0.25645953,0
0.31923503,0
0.21561146,1
0.32447308,1
0.30514383,0
0.29536337,0
0.25346428,0
0.2935717,0
0.2314154,0
0.25414893,1
0.30469233,0
0.22404414,1
0.26713634,1
0.19967271,0
0.3526721,0
0.2416656,0
0.23291889,1
0.27333397,1
0.29791912,0
0.2873543,0
0.23438677,1
0.2155444,1
0.30414066,0
0.3655877,1
0.32733428,0
0.2432768,1
0.19522537,0
0.2705109,0
0.22469497,1
0.20037526,1
0.1432034,1
0.26243395,0
0.2955348,1
0.27900243,0
0.31886262,0
0.3142398,0
0.30154562,0
0.29170838,1
0.25448343,0
0.20869002,1
0.3054173,1
0.3217183,0
0.39871877,0
0.28271565,0
0.32804418,1
0.33749104,0
0.28183964,1
0.2598207,1
0.28034773,0
0.1947791,1
0.25865412,0
0.27676216,0
0.27220878,0
0.18190993,1
0.295793,0
0.29752994,0
0.31489876,0
0.3006658,1
0.3122419,0
0.3003263,1
0.26106775,0
0.26591408,1
0.3294068,0
0.25291288,1
0.20522898,1
0.22093025,1
0.23672707,0
0.16325511,1
0.31060928,0
0.32912242,1
0.24360108,0
0.2727266,0
0.25118828,0
0.22053975,0
0.25386852,0
0.31077385,0
0.3221038,0
0.3384754,0
0.34566522,0
0.31804717,0
0.26496562,1
0.21313128,1
0.30565685,0
0.21236488,1
0.21244654,1
0.33953434,1
0.2900311,0
0.37065178,1
0.2697471,0
0.34672394,0
0.23753524,1
0.30161572,0
0.27693814,0
0.2710403,0
0.24012542,0
0.28252855,0
0.34371227,1
0.25316775,0
0.3154092,0
0.25299698,0
0.31540146,0
0.31389007,0
0.16068573,1
0.22259673,1
0.2663492,1
0.32841355,0
0.31276643,0
0.36756402,1
0.30225295,1
0.2541502,1
0.34836537,0
0.1842578,1
0.28534138,0
0.29957277,1
0.2228114,1
0.17633122,1
0.16103119,0
0.23026833,1
0.29205406,1
0.29725868,0
0.2978941,0
0.3606735,0
0.19777343,0
0.3012278,0
0.28357252,0
0.36643028,0
0.26263803,1
0.30516428,1
0.29767632,0
0.32021755,0
0.29398066,0
0.26729295,1
0.3214272,0
0.3011493,0
0.21476308,1
0.26799574,1
0.25416088,0
0.26318678,0
0.24234237,1
0.2245383,1
0.3273306,1
0.26165938,1
0.2506818,0
0.26687297,0
0.2607075,1
0.3621083,1
0.28025803,1
0.31985006,0
0.25994274,0
0.20419979,1
0.33470857,1
0.32742786,0
0.21542346,1
0.33320248,1
0.29080665,0
0.24724965,0
0.22977588,1
0.28569138,1
0.3063829,0
0.26306936,1
0.30811906,0
0.22623545,1
0.2410018,1
0.20856047,1
0.23757371,0
0.22276762,0
0.31975448,0
0.23729561,0
0.33676672,1
0.13091862,1
0.24330622,0
0.18500273,1
0.25502273,0
0.18977815,1
0.31474566,1
0.35464323,1
0.3392555,0
0.3091095,0
0.21036555,1
0.3402869,1
0.2922989,0
0.2789275,1
0.3307383,1
0.2003989,1
0.3134537,1
0.25928968,1
0.21692327,1
0.31411558,0
0.16394621,1
0.29545292,0
0.20985135,1
0.24551457,1
0.2525184,1
0.22966641,1
0.34314984,0
0.30044973,0
0.25913686,0
0.206496,1
0.31330004,1
0.21790576,1
0.28746697,0
0.2929369,1
0.31646806,1
0.26157963,0
0.3088363,0
0.26029503,1
0.23760375,0
0.23659688,1
0.23474422,1
0.30577773,0
0.17505808,1
0.31689307,0
0.28793505,1
0.23922849,0
0.34833485,0
0.32088435,1
0.2829702,0
0.29679394,1
0.24387276,1
0.31593654,0
0.27218992,0
0.30787197,0
0.26734504,0
0.313663,0
0.23779243,0
0.29903433,0
0.1523484,1
0.34819978,0
0.32844675,1
0.3530747,1
0.19058137,1
0.35660398,0
0.26197642,1
0.22443616,1
0.29278344,0
0.31300676,0
0.31044388,0
0.21806082,0
0.29485762,1
0.29583275,1
0.21922705,1
0.28258997,0
0.24103,1
0.37955755,0
0.1804161,1
0.19755143,1
0.23481347,1
0.27620602,1
0.305351,0
0.2609046,0
0.33070797,0
0.21527228,1
0.2631136,1
0.25898054,1
0.36306384,0
0.27997217,0
0.29723698,1
0.31386954,0
0.3124379,0
0.33322155,0
0.2734302,0
0.29369235,1
0.32769728,0
0.25567263,1
0.2863782,1
0.4194355,1
0.22133514,1
0.28088313,0
0.32846284,1
0.2592576,1
0.27221185,1
0.16089869,1
0.26839513,0
0.2593627,1
0.30189797,0
0.23489663,1
0.31268936,0
0.2862544,1
0.32153833,1
0.29097527,1
0.2722833,1
0.28459758,0
0.2627089,0
0.3182634,0
0.28052258,0
0.18252802,0
0.33827308,0
0.31395426,1
0.16964422,1
0.25484535,0
0.31674796,0
0.30448392,1
0.29164934,1
0.25975817,0
0.30882025,0
0.26673877,0
0.314919,0
0.13303977,0
0.22070459,1
0.24488497,1
0.21652205,1
0.21241704,1
0.30164945,1
0.3233204,0
0.29459867,1
0.26335236,1
0.2447122,0
0.31290305,0
0.35604015,0
0.16369373,1
0.32219112,0
0.34373897,0
0.30753377,0
0.30901012,0
0.23668295,1
0.35897946,0
0.31476203,0
0.29386258,0
0.25470456,0
0.27670103,0
0.19377193,1
0.31740233,0
0.25137126,1
0.32453948,1
0.31001285,0
0.28642324,0
0.2472969,0
0.17136268,1
0.30609235,1
0.22243108,1
0.27475685,0
0.28034464,0
0.28058118,0
0.31617364,0
0.27756876,1
0.13644788,1
0.319727,1
0.19734748,1
0.31376427,0
0.22230539,0
0.31847122,0
0.30248725,0
0.22242215,1
0.25183874,0
0.31567752,1
0.2917779,0
0.23319326,1
0.2501602,0
0.29319715,0
0.3072319,1
0.30921125,0
0.16934177,1
0.23788102,1
0.30188727,0
0.34531403,1
0.2659947,1
0.41640335,1
0.33807275,1
0.19844882,1
0.27130035,1
0.33232033,1
0.23431191,1
0.2732698,0
0.3227241,0
0.22722295,0
0.35982025,1
0.21360198,1
0.28183675,0
0.2892882,0
0.27907246,0
0.30197707,1
0.35743803,1
0.14892898,1
0.28523293,0
0.27767104,0
0.31085378,0
0.3453475,0
0.2765236,0
0.30332607,0
0.2616729,1
0.35156447,0
0.25090924,0
0.21348701,1
0.21089517,1
0.24732676,1
0.27560404,1
0.26096293,0
0.32970798,1
0.3168981,0
0.2836336,0
0.33469418,1
0.28534907,0
0.2512582,1
0.34666324,0
0.3076532,1
0.26430035,1
0.19730112,0
0.24817333,0
0.24401526,1
0.24928603,0
0.29623216,0
0.3712051,0
0.30093595,1
0.28144124,1
0.29946622,0
0.2243353,1
0.20806715,1
0.25986546,0
0.32116655,0
0.20306063,1
0.32387465,0
0.21257254,1
0.24475852,1
0.3232249,0
0.33458486,0
0.32002744,0
0.356807,0
0.30116495,0
0.27260298,1
0.33455136,0
0.32767564,1
0.24781531,1
0.27086374,1
0.24438749,0
0.24736878,1
0.16029522,1
0.26122385,0
0.3567778,1
0.21142145,0
0.22078858,1
0.22792204,0
0.23495692,1
0.30515832,1
0.21095611,1
0.2080548,0
0.3468185,1
0.31054658,0
0.33138508,0
0.22563085,0
0.29976547,1
0.30783015,1
0.3055038,0
0.23020661,1
0.33946395,0
0.32404974,0
0.24812424,0
0.28643757,0
0.26901346,0
0.36048865,1
0.26936194,1
0.25574142,1
0.3056665,0
0.29027495,0
0.29340178,0
0.2869254,0
0.267453,0
0.23660587,1
0.3428675,1
0.24814856,0
0.23677704,1
0.31276554,0
0.22390875,1
0.28681853,1
0.21874778,1
0.343211,1
0.32326874,0
0.25978613,1
0.23630701,1
0.3087337,1
0.27634338,1
0.28082764,0
0.24155241,1
0.12788281,1
0.30459648,0
0.30341092,0
0.22814566,1
0.22125605,0
0.1704446,1
0.2663461,0
0.26752308,1
0.30708736,0
0.27934927,0
0.2970249,0
0.30197805,0
0.31790602,0
0.3150289,1
0.33483827,0
0.30508602,0
0.32637337,0
0.36141026,0
0.36746392,0
0.19565594,1
0.3586213,0
0.2359796,1
0.17861533,1
0.23763123,1
0.23402032,1
0.300407,0
0.2542135,0
0.3655429,0
0.23805174,1
0.2828534,0
0.21365859,1
0.21082248,1
0.31726933,1
0.30531773,0
0.28907922,0
0.2066913,0
0.2303065,1
0.31958872,1
0.19025105,1
0.2746985,0
0.20983429,1
0.20259972,1
0.28418043,0
0.32909712,1
0.30664173,0
0.34663475,0
0.14310387,1
0.2864697,0
0.3215577,1
0.34551993,0
0.26830256,0
0.2396561,1
0.320786,0
0.2924192,1
0.23074043,1
0.21338448,1
0.22140723,0
0.23711143,1
0.328749,0
0.22154838,0
0.3626014,1
0.34148264,0
0.2209743,1
0.3275319,0
0.24688399,1
0.20897081,1
0.29136753,0
0.29631734,1
0.18815556,1
0.27373856,0
0.3385275,1
0.26940724,0
0.28355923,0
0.22843374,1
0.27458808,0
0.27400154,0
0.34236687,0
0.3186357,1
0.33111572,0
0.3459619,0
0.21307626,1
0.2897699,1
0.29403308,0
0.2728801,1
0.30762026,0
0.27099985,1
0.2231602,1
0.2458743,1
0.28294885,1
0.32992038,0
0.31376046,0
0.281491,1
0.17106672,1
0.3153992,1
0.35426033,1
0.32748136,1
0.29264587,0
0.33902717,0
0.20697513,1
0.22184415,1
0.32213742,0
0.32860988,0
0.32454073,0
0.26031142,0
0.2585513,0
0.10794583,1
0.31673828,0
0.3225076,0
0.32853165,0
0.25866738,0
0.27947685,0
0.19110373,1
0.3053526,0
0.23733017,1
0.23733488,0
0.3574608,0
0.24837753,1
0.3211282,0
0.2967679,0
0.3379848,1
0.24688208,0
0.310682,1
0.2943842,0
0.2792887,1
0.2853761,0
0.30037394,0
0.31597823,0
0.29073805,0
0.21279252,1
0.24299863,1
0.365479,0
0.25531667,0
0.32697865,0
0.31699073,0
0.2645977,0
0.3042304,0
0.27191037,0
0.3106696,0
0.23587948,1
0.23429549,1
0.2120099,1
0.30537254,1
0.16128021,0
0.22881143,1
0.29027933,1
0.21020995,1
0.3438029,0
0.2949634,0
0.31269115,1
0.23531908,0
0.21502689,1
0.26203763,1
0.33678997,1
0.24747235,0
0.3274752,0
0.3101794,1
0.26811945,0
0.26462817,1
0.29524815,0
0.32615924,0
0.29597968,0
0.29625377,1
0.37798446,0
0.25021416,0
0.29193282,0
0.27730542,0
0.30006176,0
0.2753371,0
0.29163313,1
0.22878025,1
0.14669186,1
0.26481777,0
0.16269365,1
0.33017033,0
0.2521347,1
0.31217095,1
0.26460052,0
0.29544547,1
0.3223857,1
0.294071,1
0.2709232,1
0.35007614,0
0.24410905,1
0.30830204,0
0.282674,1
0.38318437,0
0.27428305,0
0.2815016,1
0.3121093,0
0.31028932,1
0.35318503,0
0.34117687,0
0.24941318,0
0.304179,1
0.24160317,1
0.26912987,0
0.34687468,1
0.17189746,0
0.22059436,1
0.32635587,1
0.322605,1
0.28602317,0
0.28239927,0
0.26217863,0
0.28779083,1
0.31328166,0
0.37400594,1
0.34252837,0
0.32967898,0
0.31452483,0
0.3050847,0
0.23219445,0
0.30937707,1
0.22656204,1
0.28774458,0
0.33857915,0
0.19602923,1
0.32174104,0
0.28676096,0
0.275066,0
0.21253914,1
0.24997637,1
0.3621976,1
0.33522367,0
0.29645038,0
0.31624246,0
0.3001942,0
0.3207838,0
0.18423739,0
0.2629881,1
0.3082235,0
0.2718869,0
0.3147321,0
0.312173,0
0.2033902,1
0.33277526,0
0.28200704,0
0.15901518,1
0.27966407,1
0.25682554,1
0.30533692,1
0.29173988,0
0.32488775,0
0.27243662,0
0.17341301,0
0.30580795,0
0.3277969,0
0.25675684,1
0.26310575,1
0.27356625,1
0.3055793,0
0.3194387,0
0.2933209,0
0.35197192,0
0.26607955,1
0.15656593,1
0.3220694,0
0.2806642,1
0.2159589,1
0.29495585,1
0.30323246,1
0.29351422,1
0.24498226,1
0.19923615,1
0.21901956,0
0.2596219,1
0.17990583,1
0.22720546,1
0.3194629,0
0.36000544,1
0.33112317,0
0.27462047,1
0.3505879,1
0.30833608,0
0.31106865,0
0.22736102,1
0.23832448,1
0.20707455,0
0.2632928,1
0.18996301,1
0.30483446,0
0.31562498,0
0.31621864,0
0.32945624,1
0.28112197,0
0.3841227,0
0.32679865,0
0.1619048,1
0.17651138,0
0.30228657,1
0.37261197,0
0.24909869,0
0.33684653,0
0.27383953,1
0.2761411,1
0.29220757,1
0.28621894,0
0.24231875,1
0.22581734,1
0.33028144,0
0.30124378,1
0.24237199,1
0.31077892,0
0.25225395,0
0.37797582,1
0.3372613,1
0.20304622,1
0.29516876,0
0.27152288,1
0.31037718,0
0.17591074,1
0.40535456,1
0.20020783,1
0.2710868,1
0.24865805,1
0.2572074,0
0.23013699,0
0.2526097,0
0.30165905,0
0.30956873,1
0.23106134,1
0.3251834,0
0.20168442,1
0.29428652,1
0.20709586,0
0.3066095,0
0.18670703,1
0.26741257,0
0.24727473,0
0.21259487,1
0.25705948,1
0.25927714,1
0.36813062,1
0.32987022,1
0.3116463,0
0.29008594,0
0.22422601,1
0.3005907,0
0.1783055,1
0.22167794,0
0.21373537,1
0.30996045,0
0.15221213,1
0.21139239,1
0.26032,1
0.2633389,1
0.22608799,1
0.34594113,0
0.33827534,0
0.22124189,0
0.20883715,1
0.21821553,1
0.35988578,1
0.23810625,0
0.22737625,1
0.18460365,1
0.25190738,1
0.30874792,0
0.3104387,0
0.32425153,0
0.27664688,0
0.3229847,0
0.29882628,1
0.25742784,0
0.32973355,0
0.23523393,0
0.22867845,1
0.3748181,1
0.31799525,1
0.29030612,0
0.24936503,1
0.33359075,0
0.24082427,1
0.25962704,1
0.3383788,0
0.29669118,0
0.29608196,0
0.32390186,1
0.31041336,0
0.3323416,0
0.35080624,0
0.37706918,1
0.23503426,1
0.19213787,1
0.32513314,0
0.33464897,1
0.27225554,0
0.22825819,0
0.32078725,0
0.2976058,1
0.28815794,1
0.27748287,0
0.30184376,0
0.3001713,1
0.28049576,0
0.18612614,1
0.32243055,0
0.26719984,1
0.27175918,1
0.29857966,0
0.26297873,1
0.33312428,0
0.29861543,1
0.19819382,1
0.2553293,0
0.2670629,1
0.28832465,1
0.264857,0
0.24962865,0
0.33978245,0
0.3034431,0
0.24246258,0
0.2705265,1
0.27925432,0
0.27904072,0
0.2296916,0
0.33415347,0
0.34500623,1
0.32299975,0
0.2957344,0
0.22133464,1
0.20169011,1
0.3351339,0
0.27612865,0
0.3594998,1
0.33942056,0
0.215675,1
0.17405646,1
0.1788972,1
0.2534053,1
0.2716752,0
0.14933936,1
0.25158173,1
0.26427,1
0.2776735,0
0.26159498,1
0.2522269,1
0.3126585,0
0.26402187,1
0.21530119,1
0.2631148,0
0.2855343,0
0.305651,1
0.3361452,0
0.2820152,1
0.30462402,0
0.31457803,1
0.28163636,0
0.31080312,1
0.27140033,0
0.32014132,0
0.19469154,1
0.3617471,0
0.32183838,0
0.2473081,1
0.35136637,1
0.29264003,0
0.17324701,1
0.3189487,1
0.26188064,1
0.29276344,0
0.22349328,1
0.24314767,0
0.32586777,1
0.25223744,0
0.35791212,0
0.30154413,1
0.36000642,0
0.2555262,1
0.26500368,0
0.22066079,1
0.22894847,1
0.37271547,0
0.2277117,1
0.29744673,0
0.2889611,1
0.24122636,1
0.14765441,1
0.29013905,1
0.30321985,1
0.2729985,0
0.24472776,0
0.30782357,0
0.21460532,1
0.32468227,0
0.27436876,0
0.26008964,0
0.24156126,0
0.33667704,0
0.3581392,0
0.2842224,0
0.30931586,1
0.21595994,0
0.2151383,1
0.26138613,1
0.23574907,1
0.3048508,0
0.34300143,0
0.3093195,0
0.24428365,1
0.30176982,1
0.33750233,0
0.27190465,0
0.31892297,1
0.27949232,1
0.20261998,1
0.2220751,0
0.33583993,0
0.30182457,0
0.28224558,0
0.32573286,0
0.3181093,0
0.2963526,0
0.3006652,1
0.30751118,1
0.3130141,0
0.28799915,0
0.21101698,1
0.31939667,1
0.35232586,1
0.25557935,1
0.25470215,1
0.3072008,0
0.35605448,1
0.2751249,0
0.26645982,0
0.3189044,0
0.34412217,1
0.2687209,1
0.21582177,1
0.20742685,1
0.1615037,0
0.14508446,1
0.2710228,1
0.30578256,0
0.2909491,1
0.26674378,0
0.29926044,1
0.20248818,1
0.36538953,0
0.21265563,1
0.29708758,1
0.23978883,1
0.29477125,1
0.2461026,1
0.30999184,1
0.32047486,0
0.25523582,1
0.25719735,0
0.27836013,0
0.1987639,1
0.24564649,1
0.113900796,1
0.32913065,1
0.3214754,0
0.2777693,0
0.28218073,1
0.3134489,1
0.28771308,0
0.29355854,0
0.21839245,1
0.2976488,0
0.28546327,0
0.31152374,0
0.30322465,0
0.27922744,1
0.27829367,0
0.31159252,1
0.30796105,0
0.2880556,1
0.2595268,0
0.3478371,0
0.28367046,1
0.21599416,1
0.17641787,1
0.18009394,1
0.3331056,0
0.21693406,0
0.21984443,0
0.34227243,0
0.1579484,1
0.329126,0
0.31173527,0
0.2905115,0
0.2710537,1
0.19651483,1
0.2614144,1
0.1654355,1
0.30725878,0
0.2232257,0
0.27568445,1
0.27434698,0
0.20394498,1
0.27771288,0
0.30170348,0
0.22775337,1
0.24159007,1
0.29521763,0
0.3269318,0
0.2577662,0
0.24734823,0
0.30711022,0
0.24383819,1
0.27909386,0
0.30288884,1
0.3419509,1
0.2777505,0
0.27548033,0
0.30136937,0
0.3229162,0
0.28174734,1
0.2547748,1
0.198724,1
0.33849126,1
0.25907382,0
0.35100576,0
0.33774197,0
0.2959226,1
0.28067425,1
0.2045331,1
0.2195306,0
0.21598108,1
0.35022888,1
0.26234913,0
0.17424113,1
0.29132393,0
0.3182022,1
0.20988055,1
0.17656454,1
0.292404,0
0.26129127,1
0.26846737,0
0.31082833,0
0.22352335,1
0.16531351,0
0.27858114,1
0.29352435,0
0.34567532,1
0.34178326,0
0.25596735,1
0.29060426,0
0.27260688,1
0.17957135,1
0.2641052,1
0.18944106,1
0.21796279,1
0.36872518,0
0.31250557,0
0.25811625,0
0.2899145,0
0.32753918,0
0.3283537,0
0.28222516,0
0.15568954,1
0.30513108,1
0.13135988,1
0.17361234,1
0.22995675,0
0.298724,0
0.35976917,0
0.25406092,0
0.25392693,0
0.26537502,1
0.26588216,1
0.24469735,0
0.3109008,0
0.28187066,0
0.24875595,0
0.33864778,0
0.3080688,1
0.3342981,0
0.23674509,0
0.31767857,0
0.32425678,0
0.20388453,0
0.19723427,0
0.23188148,1
0.3074354,0
0.2244945,1
0.33478212,0
0.3063711,1
0.24545571,1
0.3867826,1
0.27072924,1
0.2717899,1
0.30072656,1
0.3127759,0
0.23414096,1
0.3554263,0
0.2547093,1
0.22262067,1
0.32202294,0
0.22716999,1
0.30526906,1
0.25588694,0
0.24152374,1
0.19096595,1
0.28006843,0
0.304294,1
0.37116528,1
0.19503355,1
0.30460137,0
0.23506951,0
0.33219433,0
0.35661358,0
0.28523618,1
0.297714,0
0.32968545,0
0.29800403,1
0.29422042,0
0.29190052,0
0.16300373,1
0.3112718,0
0.3132099,0
0.23704861,1
0.21645167,1
0.3244567,0
0.16805884,1
0.20720883,1
0.28650904,0
0.19165571,1
0.25570232,1
0.24543285,0
0.34691948,0
0.30895925,0
0.30730024,0
0.34633332,0
0.28875637,1
0.21196169,0
0.26103848,0
0.3751377,1
0.22766633,1
0.33783078,0
0.23542231,1
0.19399253,1
0.22860128,1
0.2043679,1
0.36170664,0
0.26360285,1
0.2346202,1
0.30299664,0
0.37732857,1
0.3131968,1
0.29213884,0
0.29560995,0
0.2662331,0
0.27354923,0
0.25204086,0
0.2770869,0
0.3684223,0
0.25678858,1
0.2707597,0
0.31041655,0
0.2537227,0
0.31799743,1
0.27090204,1
0.35746765,0
0.31860453,0
0.26659727,1
0.28630912,0
0.26574677,1
0.28099,1
0.28130397,1
0.25016856,1
0.33314657,1
0.2794069,0
0.23233163,0
0.27966738,0
0.21774927,1
0.3225282,1
0.29195014,0
0.31920376,0
0.3169072,0
0.31727377,0
0.19034019,1
0.29688495,1
0.2736655,1
0.3150128,0
0.29486483,1
0.3393596,0
0.29134884,1
0.23658252,1
0.30268958,0
0.23268235,0
0.30452532,1
0.23873572,1
0.29094458,1
0.27883834,1
0.33421463,0
0.18477133,0
0.20657939,0
0.25428802,0
0.25563326,1
0.23137492,0
0.34042537,0
0.25147375,1
0.23754331,1
0.31076437,0
0.33046752,0
0.23102778,0
0.3145329,0
0.20448706,1
0.33375457,0
0.30575377,0
0.2501965,0
0.3187324,0
0.27077395,0
0.32312542,0
0.2685957,0
0.29320997,0
0.3171268,0
0.27963012,0
0.22733209,0
0.34551096,0
0.13317102,1
0.36761093,0
0.3417781,1
0.3345679,0
0.37133753,0
0.2534032,1
0.31228527,0
0.29769838,0
0.27239266,1
0.28137466,1
0.28208035,1
0.24676827,1
0.32128358,0
0.3680388,0
0.22221293,1
0.34407353,0
0.3737337,0
0.35107106,0
0.34062904,1
0.32503253,0
0.32132196,1
0.25770503,0
0.21063042,1
0.29940313,0
0.30922258,1
0.28248626,0
0.24013683,0
0.29728952,0
0.23938826,0
0.29487002,1
0.29101193,0
0.15293981,0
0.20136315,1
0.23002738,1
0.27516937,0
0.20141429,1
0.26998806,1
0.25948906,1
0.3237159,0
0.32778233,0
0.28170198,0
0.28546682,0
0.25072318,1
0.33122295,1
0.35751262,0
0.24065891,1
0.26795575,1
0.34877855,1
0.29035348,1
0.28488135,1
0.2896377,0
0.26229373,0
0.3740731,1
0.22289634,1
0.30975565,1
0.2968018,0
0.29518968,0
0.29645288,1
0.2386357,1
0.2932681,0
0.36758143,1
0.33155572,1
0.37385398,0
0.24543592,1
0.22835743,0
0.36073148,0
0.29413563,1
0.2846375,0
0.39585012,0
0.23078585,1
0.30114937,0
0.3394713,1
0.2553003,1
0.2542067,0
0.22732852,1
0.2521705,1
0.32730168,1
0.28603745,0
0.34523356,1
0.2547704,0
0.3014642,1
0.34312394,0
0.3123208,0
0.30895996,0
0.17282158,1
0.25074297,0
0.28314966,0
0.2735415,0
0.15341693,1
0.28992105,0
0.28534842,0
0.32542878,0
0.27876374,0
0.295758,0
0.367247,1
0.29864383,1
0.19348039,1
0.3422189,1
0.33650622,1
0.2861093,1
0.31650394,1
0.18874738,0
0.24520612,0
0.3602262,0
0.30639803,0
0.27733615,0
0.28003192,1
0.29786846,0
0.23209894,1
0.2651317,0
0.37684387,0
0.33193967,1
0.27704585,0
0.23241174,1
0.28675264,1
0.21203631,1
0.26965392,1
0.26315755,0
0.2967852,0
0.18242878,1
0.30132374,0
0.31929803,0
0.24771276,0
0.2935099,0
0.25637305,1
0.31084228,0
0.32791597,0
0.25511134,1
0.28096238,0
0.3052623,0
0.2643749,1
0.27933195,1
0.31671092,0
0.2271137,1
0.2848512,1
0.31599945,0
0.2322829,1
0.23588923,1
0.27009302,0
0.30931956,0
0.24792671,1
0.27530488,0
0.22283651,1
0.3422317,1
0.2784137,0
0.25109404,1
0.2866093,0
0.35374433,0
0.25850317,0
0.26901984,1
0.308302,0
0.31564054,1
0.28388995,1
0.3236565,0
0.30945018,1
0.22884685,0
0.21413568,1
0.31124073,1
0.3711249,1
0.2635586,0
0.2679803,0
0.2987926,1
0.22115172,0
0.28427854,1
0.3144487,1
0.3250512,0
0.28462783,0
0.33370125,0
0.27809933,0
0.26554638,1
0.2123709,1
0.31530207,0
0.37259716,0
0.23509568,1
0.29122996,1
0.23485766,1
0.3272973,0
0.23321438,1
0.29963252,1
0.33403072,1
0.26083398,1
0.25131744,0
0.29167572,0
0.18669245,1
0.2243714,1
0.24313119,0
0.3257903,0
0.20552623,1
0.26383555,1
0.22663747,1
0.31003574,1
0.2087161,1
0.27808905,1
0.17838636,1
0.289114,0
0.23656985,1
0.20808083,0
0.23862557,1
0.2774213,0
0.26100448,0
0.33525082,1
0.1845464,1
0.23298226,1
0.23259585,0
0.3462909,0
0.15213878,1
0.24177057,1
0.23660822,0
0.35761172,0
0.25186995,0
0.2956158,0
0.22079006,1
0.30678344,0
0.22164336,1
0.30452788,0
0.3188558,1
0.2561686,1
0.22239596,1
0.24778144,0
0.264076,1
0.24384287,1
0.17660408,0
0.22706676,1
0.2431733,1
0.23837852,1
0.35508892,0
0.20392865,1
0.2134587,1
0.09920551,1
0.23267889,1
0.2977281,0
0.28586644,0
0.28515136,0
0.3314706,0
0.25455618,0
0.3378986,0
0.21346278,1
0.24866612,1
0.25219816,0
0.26587456,0
0.30372068,0
0.30325192,1
0.24250141,0
0.3418432,1
0.30105144,1
0.31851667,0
0.30114257,0
0.22063038,1
0.29535705,0
0.30217174,1
0.22283119,1
0.26465726,0
0.19968633,1
0.3285761,1
0.27835435,0
0.15254539,1
0.26089668,1
0.28299946,1
0.2994163,1
0.23837236,1
0.32528496,0
0.19242093,1
0.27181137,0
0.23775679,1
0.2857129,0
0.30744028,1
0.29894686,0
0.27326137,0
0.3574339,0
0.28967097,0
0.29809582,0
0.2994997,0
0.25749156,0
0.3064176,0
0.23533966,1
0.320496,1
0.22382842,1
0.27601194,1
0.27027202,1
0.22791782,1
0.33617726,0
0.3012124,0
0.27587914,0
0.3269478,1
0.3453686,1
0.25589553,0
0.3564701,0
0.33432037,1
0.2171377,1
0.28317323,0
0.35133004,1
0.28957456,0
0.3113806,1
0.34643024,0
0.20562153,1
0.30759066,0
0.2896161,0
0.30303758,0
0.2928674,1
0.30690718,0
0.32314432,0
0.3551795,0
0.32779938,0
0.31017166,0
0.31482482,1
0.31972367,0
0.3133819,0
0.16538262,1
0.24315485,1
0.316648,1
0.19780353,1
0.2826472,0
0.2639365,1
0.1982016,1
0.27999833,0
0.257954,1
0.23560049,1
0.3347187,0
0.35717148,1
0.34207404,1
0.28853658,0
0.2653762,0
0.27073556,1
0.3271987,0
0.28638518,0
0.26743752,0
0.33434558,1
0.28660306,0
0.26625115,0
0.3305453,1
0.30005193,0
0.27691326,1
0.34115893,0
0.36726975,1
0.33390033,0
0.18339038,1
0.24453416,1
0.24393614,1
0.29898342,0
0.29937643,0
0.24946113,0
0.32392162,0
0.32021144,0
0.27754647,0
0.20936032,0
0.20100224,1
0.1830287,1
0.2816205,0
0.17911187,1
0.36577553,1
0.31433004,0
0.26070642,1
0.34785813,0
0.18202202,1
0.26365626,0
0.20526345,1
0.25867164,1
0.35196942,0
0.2891593,0
0.19391873,1
0.34173137,0
0.27544463,0
0.18268459,1
0.290249,0
0.29235524,1
0.26494157,0
0.21078715,0
0.22794941,0
0.27342552,0
0.22553109,1
0.23696801,0
0.29428348,0
0.33966157,0
0.2133981,1
0.2901352,0
0.30255163,1
0.28863886,1
0.2845994,0
0.3273494,1
0.23782659,1
0.21589448,1
0.2738655,0
0.22750594,1
0.31910825,0
0.23967132,1
0.29491046,0
0.2861749,0
0.23433112,1
0.21474549,0
0.29302204,0
0.2971722,1
0.20458375,1
0.31034893,0
0.3377561,0
0.262933,0
0.24982694,1
0.27847752,0
0.26939797,1
0.18326469,0
0.25665677,1
0.27524912,0
0.33318037,0
0.3313421,0
0.31125385,1
0.27608383,0
0.22310555,1
0.2291851,1
0.30964202,1
0.27424732,1
0.2935958,1
0.2636148,1
0.26247257,1
0.33246604,1
0.3465396,1
0.2777719,0
0.27666667,0
0.38366175,0
0.39360988,0
0.24791788,0
0.24536428,1
0.29691878,0
0.30546492,0
0.25393575,0
0.22421205,1
0.27117205,0
0.31499234,0
0.19998327,0
0.3820164,0
0.25074393,0
0.26505604,0
0.29042792,1
0.26038274,1
0.32015714,0
0.30663064,0
0.31851745,0
0.28267872,1
0.3260666,1
0.2596892,1
0.32468987,0
0.26733214,1
0.21865046,1
0.31825173,0
0.2833543,1
0.22596009,1
0.27129096,0
0.24415332,0
0.28086558,0
0.25901842,0
0.24078263,1
0.2575051,0
0.30161226,1
0.33346945,0
0.35583746,0
0.23392849,1
0.22716595,1
0.31063157,0
0.328723,0
0.28917223,0
0.25697482,1
0.31167766,1
0.18482038,1
0.20202859,0
0.25035042,1
0.25261655,1
0.27248636,1
0.26786214,0
0.27785286,1
0.34746155,0
0.3030709,0
0.28817952,1
0.25467455,0
0.31779966,1
0.31877917,0
0.33905566,0
0.29720396,0
0.23284209,1
0.28775698,0
0.31657955,1
0.32341018,0
0.35064828,1
0.28566492,1
0.23559186,0
0.2588802,0
0.22131556,0
0.31059384,0
0.19598126,1
0.23073384,1
0.34970713,0
0.26675436,0
0.12312115,1
0.25127155,1
0.32665014,0
0.28391528,0
0.39512306,0
0.35570997,0
0.29292205,0
0.19267067,1
0.38199526,0
0.30676022,1
0.21092352,1
0.29434183,0
0.31485274,0
0.28986892,0
0.28882027,0
0.30019236,0
0.29981947,0
0.21197297,0
0.3125502,0
0.30385828,0
0.21363957,0
0.29546237,0
0.3273953,1
0.3657391,1
0.25188226,0
0.27936065,0
0.29261768,0
0.19436404,1
0.4188921,0
0.25929534,0
0.19509813,1
0.27314532,0
0.2814296,0
0.2533152,1
0.25718027,1
0.23951043,0
0.26777205,0
0.2680128,0
0.30127496,1
0.28394035,1
0.3377518,0
0.29453677,1
0.28005952,0
0.33000666,0
0.23891768,0
0.28712246,1
0.34715128,0
0.3583594,0
0.18877998,1
0.25281084,1
0.30447048,0
0.3130096,0
0.16653192,1
0.2696405,0
0.2905542,0
0.26661,0
0.19916613,1
0.2528211,1
0.28858784,0
0.2371335,1
0.33100277,1
0.1701501,1
0.30974114,0
0.2264987,0
0.3200115,0
0.2567556,0
0.32546777,0
0.3395859,0
0.28457862,0
0.26988965,1
0.3146019,1
0.25479117,1
0.32813412,0
0.28317696,1
0.28344268,0
0.2374302,0
0.25397214,0
0.27082306,1
0.32898778,1
0.32668763,0
0.21494797,1
0.20120111,1
0.3208288,0
0.25660983,1
0.31097367,0
0.22577778,0
0.31199738,1
0.23424649,1
0.27250984,0
0.29669693,0
0.29647776,1
0.2402751,0
0.3240233,1
0.28457493,0
0.2765957,1
0.25297523,1
0.28326583,0
0.17907235,1
0.25806603,0
0.34298655,1
0.31859392,0
0.26848584,1
0.20301254,1
0.26570866,1
0.26019546,1
0.28116897,0
0.2932561,1
0.24712455,0
0.19670556,1
0.2595239,1
0.31654304,0
0.26772615,1
0.33842477,1
0.28193223,0
0.27162367,0
0.3217466,0
0.2906105,1
0.31027326,0
0.32803535,0
0.23398834,1
0.3580079,0
0.29889038,0
0.30326194,0
0.24264458,1
0.25314757,1
0.330327,0
0.24159282,0
0.2359453,1
0.3280673,0
0.26702848,0
0.2753626,0
0.2767582,0
0.2948426,1
0.3582664,0
0.29310155,0
0.36180907,0
0.30114347,0
0.29425013,0
0.20456396,1
0.20554575,1
0.19818345,1
0.34995025,1
0.19240484,1
0.22560577,1
0.31241792,1
0.28112453,0
0.22753753,1
0.3251842,1
0.36304986,0
0.31841645,0
0.28171322,0
0.38010138,0
0.19778135,0
0.30068368,0
0.27499735,0
0.3218344,0
0.27365917,0
0.3494333,0
0.29416782,1
0.34814608,1
0.20887284,0
0.34811738,1
0.29924673,0
0.2271303,0
0.20905508,1
0.33929044,0
0.31271082,0
0.28767958,0
0.281028,0
0.15892604,1
0.26628667,0
0.34909403,0
0.3645594,0
0.13192588,1
0.28150955,1
0.2899062,1
0.2673524,0
0.29719216,0
0.28782162,0
0.32172114,1
0.14640042,1
0.25938895,1
0.23377326,1
0.2607134,0
0.3217703,0
0.17313598,1
0.24786653,0
0.25173783,1
0.33417177,0
0.31044152,1
0.27280593,1
0.3264582,0
0.30856788,0
0.24708907,1
0.30584064,0
0.23493588,0
0.29351342,1
0.3110854,0
0.34450555,0
0.22626622,1
0.28806388,1
0.3042905,0
0.2685566,1
0.16616338,1
0.23086084,1
0.30271766,1
0.34028497,1
0.24370724,0
0.28449953,0
0.32314074,0
0.2104901,1
0.27162415,1
0.29388225,1
0.33728468,0
0.24373496,0
0.21964706,1
0.3659522,0
0.283794,0
0.16092567,1
0.1936047,1
0.3460104,0
0.25734985,1
0.25251353,1
0.31605637,0
0.29092115,0
0.1492141,1
0.3236944,0
0.31205982,0
0.28809562,0
0.3471701,0
0.23152794,1
0.3751722,0
0.26421946,1
0.27652705,1
0.26396877,0
0.19487835,1
0.30257362,0
0.33068752,0
0.32420066,0
0.282228,1
0.31588644,0
0.20149526,1
0.25843272,1
0.19180952,1
0.32997203,0
0.30742687,0
0.16871858,1
0.25707993,0
0.30508143,0
0.3280071,1
0.27690387,1
0.33291006,0
0.33080488,1
0.32084614,1
0.25194082,1
0.34133562,0
0.31741372,0
0.34071267,1
0.29276335,1
0.29017,0
0.3745401,0
0.2941789,0
0.20529753,1
0.16691627,1
0.23635596,1
0.31093523,0
0.29617923,1
0.2690793,1
0.27006316,0
0.23943964,0
0.317386,1
0.32040933,0
0.18417053,1
0.28832537,0
0.35180378,0
0.25716627,1
0.32552972,1
0.20449832,0
0.2568242,1
0.28590602,1
0.30909297,0
0.26020312,0
0.2521249,1
0.22126642,1
0.2323504,1
0.2887864,1
0.2259811,1
0.33421618,0
0.37965757,0
0.23323102,0
0.3486141,0
0.28554645,1
0.24473388,1
0.3109594,0
0.17637452,1
0.30135578,0
0.2875524,0
0.23324156,1
0.27351254,1
0.30441698,0
0.21316539,1
0.31653717,0
0.29534698,0
0.28641826,0
0.2911095,0
0.32909015,1
0.14603272,1
0.2717434,0
0.13705754,0
0.22574121,0
0.23715183,1
0.33174577,0
0.28528488,0
0.16787457,1
0.24963677,1
0.32563123,0
0.29254675,0
0.19094363,0
0.28683108,0
0.23979317,1
0.30706552,0
0.33891422,0
0.22883852,0
0.20551473,1
0.29762277,0
0.31064892,0
0.2733538,0
0.23613727,0
0.2347664,0
0.32747918,0
0.21968994,0
0.3773338,1
0.38881528,0
0.30302832,0
0.2793225,0
0.2648684,0
0.35667548,0
0.38667274,1
0.36110908,0
0.2950585,1
0.18664196,1
0.2520861,1
0.24710867,0
0.24186715,0
0.28732705,0
0.23955396,1
0.22977892,0
0.31749773,1
0.34507722,0
0.29907465,1
0.20927048,1
0.3715601,1
0.25781605,1
0.25889906,0
0.33781737,0
0.33673579,1
0.25849378,1
0.32658553,0
0.24096999,0
0.20986019,1
0.24780297,0
0.26295078,0
0.28015366,1
0.23942524,1
0.2722314,0
0.28677684,0
0.31948555,0
0.3421436,0
0.29599184,0
0.2313694,0
0.31259507,1
0.36234695,0
0.3066758,0
0.29402682,1
0.2786889,1
0.23291916,1
0.32084268,0
0.30238026,1
0.28102604,0
0.15906513,0
0.2213977,1
0.31209096,0
0.318201,1
0.23885828,1
0.30121177,1
0.17305711,1
0.24079916,1
0.24462612,1
0.2726106,0
0.19309507,1
0.2888402,0
0.2760852,1
0.30888972,0
0.21988688,1
0.2743327,1
0.2628049,1
0.30237457,0
0.2591907,1
0.30264884,0
0.21673626,0
0.21616893,0
0.27506423,1
0.35236317,1
0.29525244,0
0.21210545,1
0.24849626,1
0.20280181,1
0.27057475,1
0.2876055,1
0.24920878,1
0.24933982,0
0.29726374,0
0.19455567,1
0.18961143,1
0.1928736,1
0.3514465,0
0.19427377,1
0.30134383,1
0.31902733,1
0.1409579,1
0.20467763,1
0.23835766,1
0.28438592,1
0.33372587,0
0.2760503,0
0.3043426,1
0.230459,0
0.23391694,1
0.28193033,1
0.27206075,0
0.27110636,0
0.26226115,1
0.17263187,1
0.3653062,1
0.33405495,0
0.18982439,1
0.26759505,0
0.2981973,0
0.26274297,1
0.33897156,1
0.2353093,0
0.337071,0
0.28215832,1
0.31357318,0
0.33506566,0
0.34875453,0
0.3275546,0
0.3059619,0
0.3406722,0
0.27849966,0
0.2608942,1
0.2745836,0
0.19652337,1
0.2807885,1
0.30092186,1
0.29640877,0
0.27607855,0
0.2248071,1
0.30706632,0
0.20239896,1
0.35368812,0
0.28889912,1
0.27584875,1
0.29393685,0
0.1624039,1
0.24408448,1
0.29300463,1
0.32301474,0
0.25275064,1
0.42715928,0
0.32919472,1
0.2863172,0
0.34898347,0
0.3490843,0
0.25416067,0
0.24022368,1
0.23032522,0
0.28077832,0
0.25502753,0
0.3149144,1
0.26482266,1
0.35027462,0
0.25291798,1
0.31288016,0
0.27201426,1
0.27864486,1
0.332191,0
0.16352853,1
0.19504288,0
0.28720063,0
0.24244359,1
0.22671433,1
0.2800822,1
0.19929592,1
0.1983521,0
0.357452,0
0.24194758,1
0.17916948,0
0.31460586,0
0.32467782,0
0.3397757,1
0.25957614,1
0.1816972,1
0.24147722,1
0.23111257,1
0.34519124,0
0.31314564,0
0.29997182,0
0.31264266,0
0.3249122,0
0.19639437,1
0.22150087,1
0.3470878,0
0.26981485,0
0.27836755,0
0.32066762,0
0.17438726,1
0.30802262,1
0.39890575,0
0.26618987,1
0.35361415,0
0.29514715,0
0.27944243,1
0.2695998,0
0.20696464,1
0.23497565,1
0.21279398,1
0.33161694,1
0.20580322,0
0.17600101,1
0.29565492,0
0.28951514,0
0.20092236,1
0.29904884,1
0.30073708,0
0.21867675,1
0.35711312,0
0.33687243,0
0.3301981,0
0.29801622,0
0.24461326,1
0.19204402,1
0.27722365,0
0.2819565,0
0.30096233,0
0.34557623,0
0.22509906,1
0.17786269,1
0.2617349,1
0.19691207,1
0.343094,0
0.35820323,0
0.23854217,0
0.26508752,0
0.12483264,1
0.18323503,1
0.25405028,1
0.32408467,0
0.34772336,0
0.27864805,1
0.26929924,1
0.29905367,1
0.250662,1
0.31254244,0
0.19993258,1
0.21622586,1
0.3557819,0
0.28388757,0
0.2380312,1
0.26722234,0
0.28880295,0
0.3600896,1
0.3617275,0
0.31621942,0
0.20200865,1
0.27186024,0
0.22047347,1
0.32750228,0
0.33455512,0
0.22173232,1
0.104687974,1
0.39599556,0
0.3536963,0
0.37132144,0
0.315785,0
0.21779749,1
0.21559292,1
0.23694861,1
0.32753932,1
0.24848607,0
0.31640357,0
0.2817047,0
0.23891643,1
0.26083204,0
0.27350968,0
0.30559868,0
0.33418283,0
0.1973105,1
0.22266886,1
0.3030394,0
0.3818158,0
0.31220317,1
0.33389705,1
0.2780497,0
0.2992562,1
0.34501183,1
0.32647035,0
0.30357033,1
0.31980902,0
0.28918892,0
0.28987044,0
0.21677041,1
0.2277044,0
0.334849,1
0.26353842,1
0.2156338,1
0.30726236,0
0.20652242,1
0.27302486,0
0.27190098,0
0.29835021,1
0.23234151,0
0.29689914,1
0.237292,1
0.26172376,0
0.29260898,1
0.2754483,0
0.28564984,0
0.23470959,1
0.25810823,1
0.21687156,1
0.14997654,1
0.29281092,0
0.2673667,0
0.23309699,1
0.28514904,0
0.3501206,0
0.31683868,1
0.28106177,0
0.30918968,0
0.23797563,1
0.32978678,0
0.2617997,0
0.3128032,0
0.3033025,0
0.17339604,1
0.19705383,1
0.28491235,0
0.23571017,0
0.27443486,1
0.2653142,1
0.22232477,1
0.3934887,0
0.28978443,0
0.30696863,0
0.25320306,0
0.26345682,1
0.28413212,1
0.27830145,0
0.27429786,0
0.29822809,0
0.23057544,0
0.34520078,0
0.28012368,0
0.19285502,0
0.33096957,0
0.2094969,1
0.32875,0
0.2607396,1
0.32147992,0
0.2175324,0
0.28668398,1
0.23785175,1
0.3026387,1
0.19167359,1
0.19142632,1
0.3744279,0
0.3290305,1
0.26062196,0
0.36672026,1
0.31630924,0
0.26095992,0
0.23318383,0
0.21582931,1
0.31310213,1
0.23784825,0
0.2483391,1
0.26445007,1
0.2429048,1
0.2183123,1
0.321415,0
0.3161944,0
0.2878753,0
0.25269032,1
0.3206337,0
0.334777,0
0.16229182,1
0.28272623,0
0.20917618,1
0.3790355,0
0.2047893,1
0.31526107,0
0.14348127,1
0.29874855,0
0.2699404,0
0.31883863,0
0.3106417,1
0.3154096,0
0.2733883,1
0.31052154,1
0.26330423,0
0.15772183,0
0.2192225,1
0.33870217,0
0.35223097,1
0.25587493,1
0.2084311,1
0.25830606,1
0.2178525,1
0.18880525,1
0.16622908,1
0.32642585,1
0.2997258,0
0.29717097,0
0.27005988,1
0.24637547,1
0.26454294,0
0.3350618,0
0.2787472,1
0.29026702,0
0.21203119,1
0.32045233,1
0.27089784,1
0.2927061,0
0.3388198,0
0.28075105,0
0.34321934,1
0.2699993,1
0.36482683,1
0.2457097,0
0.20740844,1
0.2974738,1
0.34508467,1
0.32367057,0
0.2752756,0
0.31604406,0
0.30886737,0
0.2404108,0
0.2688558,0
0.20285735,1
0.25471044,0
0.2649981,1
0.25225556,0
0.22463202,1
0.27123374,0
0.30644035,1
0.35211107,1
0.35863596,1
0.27321157,0
0.22879717,1
0.31780133,0
0.22929338,1
0.34268275,0
0.29186422,1
0.2755785,0
0.19516663,1
0.27093253,0
0.26345637,0
0.3770107,1
0.30752686,0
0.2321586,1
0.32567072,0
0.25852233,0
0.22712314,1
0.35012463,0
0.18797052,1
0.28284973,0
0.29585165,0
0.29280567,0
0.20066875,1
0.2720887,1
0.2933614,1
0.3245874,1
0.2106159,1
0.34967873,1
0.25594085,1
0.2931122,0
0.23295355,1
0.30852908,0
0.28345114,0
0.37434545,0
0.33719447,0
0.25989306,0
0.34362358,0
0.23230131,0
0.3169896,0
0.2215619,0
0.19314295,1
0.3359252,1
0.2789537,1
0.2939056,1
0.33828208,0
0.3024088,0
0.29628515,0
0.18407989,1
0.3454986,0
0.20462525,0
0.25642684,0
0.33777195,0
0.22439893,0
0.19531217,1
0.28636247,0
0.27413782,1
0.24658725,1
0.22570574,1
0.2304883,0
0.13529652,1
0.1784656,1
0.21274528,1
0.2540363,0
0.32998508,1
0.24028102,0
0.3070466,0
0.3418222,0
0.12862542,0
0.23909768,0
0.27122593,0
0.26842767,1
0.28660017,1
0.27802536,1
0.28848863,0
0.34076613,1
0.22480881,1
0.21649608,1
0.27208522,0
0.34213656,0
0.27965236,0
0.30514103,0
0.24625053,1
0.19161591,1
0.23666598,0
0.25378126,1
0.27016324,0
0.3003568,0
0.3053228,0
0.32953745,0
0.25643206,1
0.2511711,0
0.23729864,1
0.34586924,0
0.20542756,1
0.3042198,0
0.19487731,0
0.29790026,1
0.3079936,0
0.3342043,1
0.29206133,1
0.2828614,0
0.28436196,0
0.21808147,1
0.23544884,1
0.31168115,0
0.28510207,0
0.20589754,1
0.33722746,1
0.27859992,1
0.26541966,1
0.22423916,0
0.24484517,1
0.3663476,0
0.29210865,1
0.1546397,1
0.3297913,1
0.30229902,1
0.28891087,0
0.31208906,1
0.24977067,1
0.3100024,0
0.2983135,1
0.3447717,0
0.30843407,1
0.22610717,0
0.28045332,1
0.22549242,1
0.3459273,0
0.22777234,1
0.27572843,0
0.25995708,0
0.32288402,0
0.2594144,1
0.34788448,0
0.16456357,0
0.18800575,1
0.31344506,1
0.30071986,0
0.27447933,0
0.24596693,1
0.33637995,0
0.3056316,1
0.28268108,0
0.23598549,1
0.21656653,1
0.33050996,0
0.21279702,1
0.25483155,1
0.28609198,0
0.30126318,0
0.3212229,0
0.3353266,1
0.288324,0
0.24692838,0
0.32622814,1
0.26972914,0
0.22901869,1
0.28646156,0
0.20330074,1
0.2629019,0
0.32592013,0
0.20680651,1
0.17224446,1
0.30564392,1
0.28239447,1
0.3407445,0
0.23848148,1
0.2424362,1
0.30273217,0
0.33628696,0
0.33093715,1
0.3238985,0
0.3456058,0
0.19073442,0
0.2373486,1
0.29750186,0
0.26546574,0
0.28764525,0
0.24634483,1
0.32162145,1
0.33900476,0
0.31489348,0
0.28529447,1
0.27184737,1
0.23787095,0
0.28114918,0
0.21177657,1
0.35377392,0
0.2812215,0
0.29376978,0
0.21635967,1
0.28473678,0
0.22635004,0
0.32932392,0
0.22363546,1
0.26174635,0
0.2797955,0
0.27868733,1
0.31039006,0
0.28847563,0
0.31407225,1
0.3590933,0
0.2734614,1
0.30810922,0
0.1443421,0
0.3058136,0
0.20736186,1
0.3292709,0
0.29528075,0
0.30159187,0
0.22889197,0
0.1932772,1
0.25164348,1
0.29292718,1
0.2833469,0
0.22654006,0
0.3377167,1
0.21286693,0
0.3252508,1
0.16839403,0
0.3362152,1
0.32769042,0
0.23321137,0
0.3312816,0
0.29636136,1
0.30758402,1
0.31132883,1
0.34222788,0
0.17280918,1
0.32027853,0
0.27642834,0
0.3363914,0
0.34077543,0
0.29695457,0
0.277611,0
0.21231443,1
0.19251946,1
0.32539985,0
0.27278113,1
0.29994047,0
0.32392043,0
0.28682777,0
0.21134996,1
0.33633456,1
0.23179099,0
0.21436411,1
0.26679003,0
0.29142743,1
0.3494234,0
0.2914888,0
0.34968945,0
0.36034054,0
0.23104022,0
0.2289367,0
0.3269639,1
0.26685894,0
0.2946406,0
0.30482978,0
0.23716862,0
0.18870518,1
0.26463887,0
0.26995412,0
0.27927193,0
0.3564651,0
0.26461232,1
0.24511386,1
0.30788618,0
0.3053249,1
0.2069313,1
0.2993538,1
0.28191063,0
0.19053489,1
0.3193348,0
0.29875892,1
0.37155586,1
0.29977307,0
0.28497902,1
0.31443703,0
0.12776057,1
0.2616616,1
0.24021521,1
0.28400546,0
0.2930185,0
0.22124314,1
0.34218848,0
0.18220405,1
0.3152567,1
0.32444364,1
0.33873907,0
0.4086302,1
0.1901016,1
0.16073899,1
0.2110675,1
0.30439126,1
0.3218431,1
0.2428008,1
0.22559679,0
0.32125348,1
0.29922003,0
0.2723619,0
0.18923825,1
0.32607347,0
0.2082097,1
0.31520733,0
0.31754923,1
0.25334144,0
0.18773611,1
0.3601194,1
0.2223112,0
0.25065595,0
0.34181046,0
0.31746417,0
0.23839065,0
0.29546016,1
0.33495808,0
0.2934993,0
0.17328657,1
0.3477914,1
0.29924336,0
0.34491435,0
0.26529175,0
0.19853845,1
0.3133214,1
0.2549249,0
0.2695532,1
0.27641922,1
0.24285513,0
0.33575833,0
0.24452958,1
0.21417098,0
0.32145083,1
0.23015444,1
0.3461063,1
0.266919,0
0.32160613,0
0.1977,0
0.27591366,0
0.31778768,0
0.23918056,0
0.2276403,1
0.24224505,1
0.29502064,1
0.31190848,0
0.29587016,1
0.30566242,1
0.29429185,1
0.31384498,0
0.27645937,1
0.25967753,1
0.22421995,0
0.25042844,1
0.30174384,1
0.21662182,1
0.24148199,0
0.36511767,0
0.2365253,1
0.19440284,1
0.34754252,0
0.30037898,1
0.3288184,1
0.26630569,1
0.32993826,0
0.31902343,1
0.34208146,0
0.20200562,1
0.29974872,0
0.2671191,1
0.34778908,1
0.3347807,0
0.20391947,1
0.2726634,1
0.15172634,1
0.3120666,0
0.30444953,0
0.38793498,0
0.31086564,1
0.24093358,1
0.31438258,0
0.30657807,0
0.3065883,1
0.32778442,0
0.29659036,0
0.32526207,1
0.25852174,0
0.1684227,1
0.35985336,0
0.26599285,0
0.23527353,1
0.2574191,1
0.24756011,1
0.19986859,1
0.27495083,0
0.34136787,1
0.282524,1
0.33513314,0
0.309103,0
0.3049179,1
0.38703614,0
0.29810712,0
0.28767407,0
0.28458098,0
0.29843426,0
0.18700442,1
0.23887262,1
0.32818663,1
0.24084699,0
0.3014743,0
0.24125175,0
0.23657358,0
0.32186306,0
0.19611642,0
0.28690463,0
0.30504727,1
0.3369524,0
0.18447348,1
0.31939694,0
0.21390224,1
0.14706472,1
0.24256986,1
0.31526637,1
0.26400626,1
0.30234116,1
0.18827435,1
0.2653162,1
0.34049863,0
0.28605926,0
0.31649458,0
0.30616152,0
0.31265482,0
0.25772935,0
0.2972314,1
0.2454566,1
0.3495685,1
0.3072086,0
0.22035286,1
0.19306943,1
0.29353225,0
0.3014539,0
0.33332974,0
0.2825015,0
0.28363454,0
0.2786271,1
0.3051089,1
0.30199152,1
0.328181,0
0.15555802,1
0.1848586,1
0.2857415,0
0.28566802,0
0.25428113,1
0.2538206,1
0.2838831,0
0.3029524,1
0.3114143,0
0.29072392,1
0.22343402,1
0.22189988,0
0.28470063,0
0.24820192,1
0.2476508,1
0.25766307,0
0.25382763,0
0.26383305,0
0.3178926,0
0.19983897,0
0.27705765,1
0.24245028,0
0.27944708,1
0.20115876,0
0.21844298,0
0.2382365,0
0.2816198,0
0.33505595,0
0.30676508,1
0.25809672,1
0.22112066,1
0.19202892,1
0.20433608,1
0.17981455,0
0.28163254,1
0.27182332,0
0.25625682,1
0.17743596,1
0.23427507,1
0.23501721,0
0.19738418,1
0.2990113,0
0.34378183,0
0.26364812,0
0.20022394,1
0.38247347,0
0.301097,0
0.25900018,0
0.33576077,0
0.26210982,1
0.25684774,0
0.2926659,0
0.19069266,0
0.32993966,1
0.2740998,0
0.2642789,0
0.36403778,1
0.30522645,0
0.3655828,1
0.20855883,1
0.16670889,1
0.28788617,0
0.31374803,0
0.2849903,0
0.30028087,0
0.30072147,1
0.32006848,1
0.23572588,1
0.32536966,0
0.30810714,0
0.27269062,1
0.25411463,1
0.2503516,1
0.29866004,0
0.30642673,1
0.23364179,1
0.28265238,1
0.3090827,0
0.27089977,1
0.1269087,1
0.3155896,0
0.33086294,1
0.33991763,1
0.24700895,1
0.27510127,1
0.333714,1
0.25326693,1
0.30372262,0
0.26723385,0
0.3354472,0
0.31883937,0
0.29938504,0
0.26888752,1
0.36799228,0
0.31390986,1
0.29877222,1
0.27256787,1
0.30142492,0
0.22146246,0
0.30782226,0
0.24827963,0
0.30769086,0
0.33449528,1
0.3326919,1
0.24793023,1
0.29320654,0
0.19782943,1
0.27343982,0
0.26620603,0
0.3039772,0
0.31495327,0
0.29261595,0
0.24307379,1
0.3134628,1
0.30186978,0
0.24543491,1
0.23127268,1
0.29692885,0
0.3015698,0
0.2129251,0
0.32793927,0
0.18228802,1
0.25321245,0
0.29460436,0
0.2543283,1
0.286661,1
0.17248309,1
0.23696558,1
0.28997284,0
0.24236435,1
0.20096533,1
0.30165163,0
0.29714268,0
0.19148606,0
0.3048624,1
0.28385314,1
0.32688487,1
0.30670196,0
0.30680484,0
0.24470162,0
0.23359555,1
0.25258023,0
0.2974457,1
0.16480494,1
0.385502,0
0.27097583,0
0.15115042,1
0.30648613,0
0.28380287,1
0.25272778,1
0.31719232,1
0.35213733,0
0.22998701,1
0.20694366,1
0.32672417,0
0.29244822,1
0.33777344,0
0.34968725,1
0.28251022,0
0.2948524,0
0.26756144,0
0.27714515,0
0.27475226,1
0.2705035,0
0.20033655,1
0.20125249,1
0.2824403,0
0.2612474,1
0.3589025,1
0.33021057,0
0.30986324,0
0.2328806,1
0.26465595,1
0.3292784,0
0.29006514,0
0.2795133,0
0.32448745,0
0.2826627,1
0.2267434,1
0.34211522,0
0.35191923,0
0.34726536,1
0.26767796,1
0.27070516,1
0.33109745,0
0.30318263,0
0.21353407,0
0.20968664,1
0.28987575,1
0.33755052,1
0.2097976,1
0.28827512,1
0.22872105,0
0.31618458,1
0.2468333,0
0.18632375,0
0.2350038,1
0.23619309,0
0.27216214,1
0.3140299,0
0.31982142,1
0.1842318,1
0.23374608,1
0.30092743,1
0.29493052,1
0.27426952,1
0.18708807,1
0.25724918,1
0.29389215,0
0.22049712,1
0.25213072,1
0.23340574,1
0.29453772,0
0.2612993,0
0.26324296,1
0.30854744,0
0.14081813,1
0.20638534,1
0.3348294,0
0.2936685,0
0.2876827,0
0.31156987,0
0.23144579,1
0.30680433,0
0.31995368,0
0.27178755,1
0.20559369,1
0.24351391,1
0.23247874,1
0.31877658,0
0.14659356,1
0.31747314,0
0.30547538,0
0.34051713,1
0.21105345,0
0.3115844,0
0.32452607,0
0.20645864,1
0.20896935,1
0.28401887,1
0.36618412,1
0.29554242,0
0.3240216,0
0.23857147,1
0.3266958,1
0.30210257,1
0.28394502,0
0.25610536,0
0.26473054,1
0.2733556,1
0.23436637,1
0.2925037,1
0.31460136,0
0.34860247,0
0.23706526,1
0.332991,1
0.27620077,1
0.22344488,1
0.23017292,0
0.31759733,0
0.23336205,0
0.22844638,1
0.25312793,0
0.325006,0
0.22403926,1
0.2985862,0
0.32497615,0
0.29508546,0
0.32110965,0
0.27925473,0
0.28902835,0
0.18757468,0
0.3298478,0
0.31603277,1
0.35914156,1
0.34517372,0
0.18135487,1
0.29556075,1
0.3307839,0
0.25081125,1
0.26247346,1
0.30535632,0
0.28093147,0
0.28666762,0
0.32708812,0
0.2946871,0
0.1266005,0
0.17022341,0
0.340564,0
0.22831354,1
0.27222812,0
0.29813582,0
0.3175658,1
0.33469385,1
0.33458018,0
0.33366203,0
0.22623512,1
0.31340688,0
0.28319526,1
0.25380287,1
0.20278981,1
0.27489388,0
0.23967093,0
0.2237114,0
0.27641144,0
0.3090198,0
0.3193794,1
0.2075649,1
0.16735297,1
0.23006907,0
0.2127262,0
0.2592246,1
0.32399035,1
0.16340083,1
0.26806086,1
0.34376675,0
0.24547946,0
0.31613857,0
0.20509808,1
0.3100476,0
0.31018758,1
0.27363208,1
0.22467202,1
0.31994867,0
0.2806446,0
0.26558942,1
0.18814442,1
0.19423255,1
0.2572686,0
0.25382408,0
0.2223962,1
0.20102558,1
0.30569166,1
0.30960304,0
0.3394588,0
0.14090878,1
0.28937835,0
0.3268656,0
0.3486714,0
0.22606118,1
0.33625573,0
0.21048874,1
0.2695443,0
0.31851006,0
0.3411656,0
0.17065616,1
0.23064354,1
0.22375399,1
0.27412218,0
0.26975012,0
0.25545943,0
0.31182003,1
0.27046612,0
0.21512611,1
0.338288,0
0.27300918,0
0.3502708,0
0.2585694,0
0.32329172,0
0.32304838,0
0.19554383,1
0.22568747,0
0.3450113,0
0.3649571,1
0.276385,0
0.32197085,0
0.2657961,0
0.18668617,1
0.279352,1
0.3434022,0
0.2729723,0
0.18637967,1
0.21708107,1
0.24238762,1
0.34024483,0
0.32454276,0
0.31001967,1
0.2654408,0
0.28763092,0
0.29728,0
0.23670399,1
0.2803121,0
0.35777155,0
0.27726716,1
0.3091334,1
0.3301363,0
0.2870622,0
0.25317413,1
0.27979863,0
0.31579304,0
0.23655632,1
0.18315755,1
0.24674246,1
0.21579589,1
0.19994769,1
0.31013063,0
0.2693895,0
0.26685184,0
0.30059657,0
0.22784884,1
0.24546811,1
0.34086007,0
0.21879834,1
0.32518598,0
0.24057332,1
0.18957862,1
0.21398306,0
0.20171553,1
0.27491888,0
0.16698283,1
0.3643571,0
0.34931198,0
0.36956757,1
0.3112887,0
0.3214374,1
0.29227188,0
0.20131046,1
0.15241082,1
0.3314736,0
0.1841455,1
0.3411895,1
0.25166118,0
0.3156392,0
0.25333783,0
0.29797107,1
0.29196137,1
0.2132282,0
0.28007555,1
0.24168248,0
0.21572646,1
0.19000068,1
0.26123545,0
0.28637835,0
0.2980588,0
0.32102543,0
0.16267058,1
0.29155764,0
0.22696222,1
0.2245138,1
0.28310943,1
0.3362822,1
0.29167917,1
0.2077108,1
0.22080356,1
0.233989,1
0.29343736,1
0.19547352,1
0.23907682,0
0.24644071,0
0.29307377,1
0.28105786,1
0.24845727,0
0.23720022,1
0.32002953,0
0.2932049,0
0.25471264,0
0.31493577,0
0.30139714,0
0.2263863,1
0.29970622,0
0.29670152,1
0.20310809,1
0.28306997,0
0.35220653,1
0.28576875,0
0.3025171,0
0.35063785,0
0.15082085,1
0.2889973,0
0.3175987,0
0.38408464,1
0.27061436,0
0.1955333,0
0.23306103,1
0.27071393,0
0.29315946,0
0.24753885,0
0.30266163,1
0.30779123,0
0.25007895,1
0.19010702,1
0.34542963,0
0.3155206,1
0.13030812,1
0.21044868,0
0.28618953,0
0.13835847,1
0.20779689,1
0.3216828,0
0.284223,0
0.27610415,1
0.3115627,0
0.3451525,1
0.2600793,0
0.17983484,1
0.19837132,1
0.23218335,1
0.24016094,0
0.17435789,1
0.27069455,0
0.21453983,0
0.31065995,0
0.294881,0
0.31241488,0
0.3354016,0
0.30533007,1
0.3073414,0
0.2279891,0
0.29500556,1
0.21083926,1
0.2898284,0
0.27918658,1
0.25038072,1
0.3088456,0
0.2775018,1
0.29144,0
0.24747524,0
0.28887284,0
0.24539043,1
0.16364866,1
0.2569575,0
0.32688978,0
0.2320256,1
0.25003928,1
0.31478754,0
0.32871175,0
0.29092604,0
0.31762084,0
0.27899748,0
0.31113368,1
0.17933525,1
0.24988565,1
0.19047001,0
0.37344593,0
0.24230723,1
0.29786062,0
0.26829123,0
0.29487827,1
0.23507662,1
0.28747404,0
0.30964506,0
0.31876647,0
0.14018987,1
0.34500235,0
0.22557797,1
0.28191197,0
0.34825757,1
0.18541747,0
0.28468472,1
0.30115327,0
0.35818097,0
0.31828958,0
0.27684355,1
0.31053153,0
0.30027226,0
0.28842422,0
0.34430325,0
0.27113867,0
0.21397504,1
0.23823509,0
0.3228358,0
0.24156933,0
0.3145421,0
0.20568085,0
0.16666543,1
0.2659547,1
0.18838161,1
0.34432122,0
0.28540617,1
0.3161359,1
0.3365389,0
0.26903275,1
0.24116918,1
0.31406233,0
0.21540555,1
0.20773602,1
0.3206914,1
0.15764831,1
0.34865698,0
0.21151419,0
0.21834973,1
0.21987379,1
0.3256311,0
0.18551762,1
0.27120852,1
0.3363055,0
0.25919554,0
0.26664102,0
0.31303024,1
0.3397864,0
0.26103914,1
0.3394756,0
0.23447539,1
0.280621,0
0.3120581,1
0.23296008,1
0.30204076,0
0.30919832,1
0.28063148,1
0.30049914,0
0.30598894,0
0.2539229,0
0.3425889,1
0.3098122,0
0.24822015,0
0.3221223,1
0.25062954,0
0.38867223,1
0.29587346,1
0.27487993,0
0.27376598,0
0.26316714,0
0.28775045,0
0.26247564,1
0.27743652,0
0.29983187,0
0.23940174,1
0.33596653,1
0.20693628,0
0.25012788,0
0.22487849,1
0.32493228,1
0.17998421,1
0.28204355,0
0.37139976,1
0.314075,0
0.25059453,1
0.236774,1
0.3621824,0
0.31259084,0
0.3440872,0
0.16815406,1
0.25635064,1
0.26938996,0
0.26259872,1
0.29802695,0
0.3396116,0
0.29995242,0
0.301722,0
0.33117366,1
0.2752813,1
0.3733804,0
0.33569807,0
0.25493997,1
0.19975597,1
0.3592884,0
0.26243663,0
0.26520538,0
0.27912772,0
0.19111139,1
0.17541328,1
0.33247226,0
0.19929248,0
0.33128637,0
0.22632763,1
0.22196305,1
0.30525744,0
0.31046724,0
0.33689225,0
0.22262028,1
0.23085478,0
0.3406775,1
0.27007866,0
0.3097607,0
0.23269296,0
0.24894866,1
0.30614942,1
0.2741808,1
0.26656836,1
0.10348355,1
0.24808177,1
0.17662151,1
0.29553455,0
0.3050897,0
0.21894133,1
0.3843648,0
0.27328506,0
0.3322296,0
0.23720077,1
0.19871163,1
0.2923448,1
0.21516249,1
0.30727437,0
0.25385082,0
0.22716922,0
0.21820131,1
0.2862777,0
0.2965181,1
0.33572978,0
0.3597987,0
0.28271878,0
0.14908746,1
0.24664569,1
0.32138714,0
0.3045981,1
0.277399,0
0.3273334,0
0.27623016,0
0.27434343,0
0.20433831,1
0.35713607,0
0.3873274,1
0.23406354,1
0.3263167,0
0.28987646,0
0.2840994,1
0.25935584,1
0.22082047,0
0.18499035,1
0.3165822,0
0.28672567,1
0.33334446,0
0.3359539,1
0.26941013,0
0.32610416,0
0.32044417,0
0.29775825,1
0.33103657,0
0.3312746,0
0.27212,0
0.22989702,1
0.26118293,0
0.31546438,0
0.31887355,1
0.25672555,1
0.29288372,0
0.28724885,0
0.2710387,1
0.22608241,1
0.21581084,1
0.28355998,0
0.27304327,1
0.31086314,0
0.30029896,1
0.22532316,1
0.2612821,0
0.3468452,0
0.20208377,1
0.29808837,0
0.20491873,1
0.37566662,0
0.2759478,1
0.17993313,1
0.13121372,1
0.27044016,0
0.2149939,1
0.25394812,1
0.34121415,0
0.3296695,0
0.19326901,1
0.21723175,1
0.27327186,0
0.30231524,1
0.29017195,1
0.3015561,1
0.21517326,0
0.30385733,0
0.25007033,1
0.29671115,0
0.31096804,0
0.24116635,1
0.32382724,0
0.30741197,0
0.25606206,0
0.32012457,0
0.2790699,0
0.27161622,0
0.26780096,1
0.29419583,1
0.332399,1
0.28930953,0
0.26188657,1
0.2806818,1
0.2863177,0
0.2749253,0
0.29867968,0
0.32766837,0
0.24943128,0
0.24132946,1
0.22869724,0
0.3298728,0
0.21317056,1
0.24546486,0
0.25738212,0
0.17870416,1
0.34600145,0
0.3189856,1
0.26226237,0
0.3910962,1
0.2646144,1
0.28957227,0
0.24128364,1
0.3073542,0
0.32875186,0
0.21455309,1
0.3334436,0
0.26754436,0
0.17826355,1
0.2919624,0
0.26283658,1
0.2987113,0
0.1356067,1
0.32709426,0
0.2688947,0
0.28127104,1
0.2494357,1
0.2203002,1
0.21709573,1
0.28307995,1
0.23901337,1
0.21484765,1
0.2730193,1
0.2912254,0
0.2623034,0
0.3689298,1
0.19263448,1
0.327958,0
0.31886667,0
0.23124123,0
0.31526467,1
0.228993,1
0.2508,0
0.2887196,0
0.19053221,0
0.30533743,0
0.14202344,1
0.29431397,0
0.27876502,0
0.2740404,0
0.25943676,1
0.26596302,0
0.28347498,0
0.2775581,0
0.24481371,1
0.30042017,0
0.26255932,1
0.27439985,1
0.2553473,1
0.23418766,0
0.19364154,1
0.20350501,1
0.25293696,1
0.3478427,1
0.29900354,1
0.34290218,0
0.25322908,0
0.22399251,1
0.2773506,1
0.28576428,1
0.28583917,0
0.3107889,1
0.27293593,0
0.30530173,0
0.3027746,1
0.20651612,1
0.34407496,1
0.23213515,1
0.30275708,1
0.26463392,0
0.26132873,0
0.22770222,1
0.23014235,1
0.33531305,0
0.22978808,0
0.26606482,0
0.24813709,0
0.24133632,1
0.26189208,0
0.31185466,0
0.25605813,0
0.21686782,1
0.23764455,1
0.22794057,1
0.23825464,1
0.2871338,1
0.20451441,0
0.29803777,0
0.30554324,0
0.2776006,0
0.25670195,0
0.2984922,0
0.32953954,1
0.31812292,0
0.3156504,0
0.29753387,0
0.22898735,1
0.19066304,1
0.06312233,1
0.3459562,1
0.24622416,0
0.28792346,0
0.14387834,1
0.31489116,0
0.32664508,0
0.23898414,1
0.28583953,0
0.33585227,0
0.21763155,1
0.30863398,0
0.26096264,0
0.32235467,0
0.34895158,0
0.32394955,1
0.1513527,1
0.24085966,1
0.18040395,0
0.28266922,1
0.3635981,0
0.37185055,1
0.34212768,0
0.30746734,1
0.3032017,0
0.33052817,0
0.2482276,0
0.24409825,1
0.33131567,0
0.32693878,0
0.32184815,0
0.28990972,0
0.3241268,0
0.2787412,0
0.22103706,1
0.33730134,0
0.18590364,1
0.30028006,1
0.20429024,1
0.371413,1
0.2762335,1
0.28892666,1
0.21790369,1
0.3056419,0
0.34087417,0
0.22122407,0
0.22243918,1
0.33149967,0
0.18161434,1
0.18955076,1
0.2757792,0
0.2389337,1
0.25960243,0
0.31733164,0
0.33381993,0
0.32537824,0
0.31112617,1
0.35170403,0
0.18270245,1
0.2635672,0
0.33018368,0
0.24725197,1
0.2741166,0
0.19675222,1
0.244084,1
0.2907288,1
0.30642492,0
0.29448342,0
0.19328856,1
0.23499224,1
0.23231469,1
0.11622575,0
0.32486454,0
0.24623154,1
0.27634242,1
0.2652256,1
0.20613353,1
0.22897625,1
0.24601786,1
0.26868108,1
0.2256238,1
0.36276338,0
0.29804808,1
0.3282186,0
0.4160942,1
0.3206594,0
0.3107937,0
0.29023612,0
0.31634536,0
0.2663446,1
0.2796718,0
0.27426746,0
0.29437038,0
0.26022694,0
0.34019542,1
0.32810873,1
0.24885583,1
0.23784699,0
0.3769121,1
0.27096117,1
0.27529043,0
0.24694592,0
0.3210035,0
0.2423516,1
0.22865297,1
0.26500332,1
0.23994476,0
0.28857255,0
0.22152522,1
0.25553325,1
0.16675553,1
0.26698598,1
0.27385375,0
0.3065213,0
0.27222407,1
0.22328806,1
0.34215596,0
0.24844608,0
0.21553887,1
0.1896212,1
0.30584067,1
0.24982032,1
0.33386058,0
0.22661304,1
0.28215492,0
0.244704,0
0.35032207,1
0.28783786,1
0.282166,1
0.23836665,1
0.30138028,0
0.25348517,1
0.2739111,1
0.21949771,1
0.2810989,1
0.20958757,0
0.1828703,1
0.28276622,0
0.26634553,0
0.3016056,1
0.22894636,0
0.28910008,0
0.2242436,1
0.307541,0
0.25813693,0
0.22327627,1
0.22340752,1
0.15130195,1
0.24620888,1
0.15360995,1
0.28737277,0
0.19520584,1
0.38088998,0
0.32400918,0
0.31145823,0
0.2744727,0
0.2260586,1
0.14972144,1
0.2896765,1
0.31569132,1
0.1884071,1
0.2078963,0
0.22004193,1
0.2990464,0
0.26286605,1
0.34135687,0
0.28117248,1
0.24318787,1
0.3358075,1
0.24343011,0
0.27389133,1
0.28182632,0
0.26978648,0
0.28404084,1
0.25282454,1
0.25901747,1
0.17470953,0
0.20513186,1
0.28377578,0
0.21890588,1
0.25206596,1
0.26864246,0
0.1755441,1
0.30173054,0
0.23466899,1
0.28738528,0
0.31745747,0
0.32849622,1
0.31445068,0
0.2851159,0
0.23726451,0
0.31436208,1
0.3141448,0
0.2969519,0
0.27310392,0
0.2503016,0
0.27251428,1
0.20489454,1
0.33904606,0
0.21309419,1
0.11535985,1
0.15884481,1
0.26094794,1
0.23619562,1
0.33602452,0
0.27809548,1
0.27191305,1
0.27391058,0
0.29978052,1
0.2132644,0
0.32668257,0
0.15912518,0
0.22917894,0
0.25902402,0
0.24694249,1
0.31734073,1
0.28865457,1
0.32901034,0
0.28970847,1
0.29638103,0
0.32390922,1
0.34299788,1
0.30471188,0
0.28716618,1
0.31319177,1
0.27845457,1
0.3201777,0
0.29428744,0
0.3397534,0
0.33127695,0
0.36300468,0
0.24541628,0
0.28378886,1
0.3127766,1
0.30610424,0
0.28938377,0
0.12490639,1
0.24594009,0
0.31081712,0
0.311222,0
0.26363307,0
0.31082684,1
0.30423537,0
0.3121783,0
0.29977748,0
0.3023807,1
0.31594145,1
0.32920426,0
0.28196028,0
0.3130519,0
0.16237241,1
0.31142193,1
0.3268999,1
0.28350577,1
0.33735773,0
0.25640404,0
0.30151832,0
0.29445827,0
0.27845043,1
0.18379936,1
0.30799586,1
0.25739634,0
0.28954697,0
0.31964487,0
0.3071884,0
0.3203628,0
0.34971818,0
0.32197815,1
0.18926159,1
0.25290537,1
0.2953375,0
0.22613025,1
0.33553338,0
0.25113475,1
0.28179625,0
0.29742134,0
0.16567801,1
0.2989356,1
0.2654382,0
0.26758957,0
0.28679633,0
0.23653945,1
0.259766,1
0.2986405,0
0.27784798,0
0.27088577,0
0.31680694,0
0.2885285,0
0.29939333,0
0.27118674,1
0.2336918,0
0.2935803,0
0.35180923,0
0.28144786,0
0.23846935,1
0.3097533,0
0.26235807,1
0.2650957,1
0.19982389,1
0.273453,0
0.27099907,0
0.22763813,1
0.24869329,1
0.13821255,1
0.34773976,0
0.25910938,1
0.2485046,0
0.3303353,0
0.2748649,0
0.3546546,0
0.22336754,1
0.27630618,0
0.27570927,0
0.27377003,1
0.22850092,1
0.1522522,1
0.35389158,1
0.3232668,0
0.36733472,1
0.27521694,1
0.31128615,1
0.28987914,0
0.3198961,1
0.3314172,1
0.23960555,0
0.23886228,1
0.3036542,0
0.33267397,1
0.28793383,0
0.24873084,0
0.32312262,1
0.29364544,0
0.23945975,0
0.2774315,0
0.27451992,0
0.30124098,1
0.25194633,1
0.21095258,1
0.31008813,0
0.20417033,1
0.23785856,1
0.29165453,0
0.27817944,1
0.26945576,1
0.2148649,1
0.29006857,0
0.2554227,1
0.26145014,0
0.26208416,0
0.24250369,1
0.3050609,1
0.3068198,0
0.3427539,0
0.24742927,1
0.37113637,0
0.30159265,1
0.28205353,0
0.31044757,0
0.3236137,0
0.2734223,1
0.38109106,1
0.31517398,0
0.29793572,1
0.23047462,0
0.26599452,0
0.25467223,0
0.26978716,0
0.21312377,1
0.3010258,0
0.20198244,1
0.38231993,0
0.33505505,1
0.36323595,0
0.2693162,0
0.34378007,0
0.33139467,0
0.33127752,1
0.33411127,0
0.31487775,1
0.20001812,1
0.3213768,0
0.24744374,0
0.23353866,1
0.15072553,1
0.21610042,1
0.26018178,1
0.19379401,1
0.28327388,1
0.35922432,1
0.28411108,0
0.41204655,0
0.21194215,1
0.34533644,0
0.35257906,0
0.31606492,0
0.2715122,1
0.3011064,0
0.31147268,1
0.24856582,0
0.32333004,0
0.28943986,1
0.26973587,1
0.2826789,0
0.27968216,1
0.31316823,1
0.29927522,0
0.30701143,0
0.26288098,0
0.28322992,1
0.30414423,0
0.32611996,0
0.19108069,1
0.23348173,1
0.17657891,1
0.26457125,0
0.33965218,1
0.283086,0
0.31114924,0
0.36283088,1
0.2465692,1
0.2195034,1
0.2898224,0
0.3123917,0
0.28267723,1
0.2731179,1
0.32254037,0
0.17046052,1
0.20784478,0
0.25745672,1
0.36292952,0
0.28380787,1
0.20052385,1
0.30263522,0
0.19042517,0
0.27377158,1
0.39571685,0
0.25575477,1
0.25845557,1
0.2992608,1
0.27804655,1
0.2552419,0
0.32969788,0
0.3136043,1
0.23507145,1
0.26414642,1
0.2406368,1
0.18910602,0
0.28434002,0
0.22173768,1
0.26190448,0
0.16000146,1
0.2635047,0
0.29252237,1
0.3061685,0
0.27875102,0
0.2759875,0
0.1838665,1
0.33526835,1
0.24823411,0
0.3169368,1
0.23459083,1
0.19268054,0
0.30059415,1
0.25879356,0
0.27381945,1
0.32697397,0
0.2004849,1
0.25157124,1
0.27358726,0
0.3321126,0
0.2694788,1
0.21744603,0
0.18599644,1
0.30405462,0
0.34109175,0
0.31752497,0
0.21825668,1
0.30721933,0
0.19494349,1
0.26658288,1
0.26398605,1
0.19221368,1
0.26939347,0
0.33628523,0
0.3220482,0
0.33746618,0
0.23384705,1
0.2354808,1
0.22413306,0
0.23441698,1
0.28858745,0
0.27642086,0
0.1741436,0
0.30016783,1
0.24327672,1
0.29472077,1
0.18959105,1
0.24061193,1
0.19524966,1
0.31445825,0
0.28155085,0
0.32159272,0
0.20033032,1
0.2695013,0
0.1583596,1
0.2780887,1
0.34821892,0
0.2795146,1
0.2596783,1
0.2339302,1
0.23455377,1
0.26429173,1
0.31284237,0
0.20660701,1
0.25460047,1
0.31756958,0
0.2896688,1
0.33248085,0
0.30524746,0
0.31487817,0
0.15492348,1
0.24330997,1
0.32216698,1
0.30995733,0
0.30888325,0
0.35761145,1
0.23285642,1
0.36378288,0
0.26894295,1
0.2383075,1
0.2269791,1
0.28038725,1
0.29057235,1
0.30690777,0
0.2307894,1
0.35763788,0
0.23882735,0
0.2508853,0
0.25221205,1
0.30282652,0
0.27760872,1
0.30520213,1
0.27074233,0
0.3163642,1
0.26419327,0
0.3082621,1
0.2698703,0
0.3318016,1
0.29767504,0
0.15439662,1
0.34873533,0
0.28931206,1
0.312647,0
0.28415945,1
0.30314898,0
0.33531383,0
0.31305796,1
0.29114142,0
0.35245442,0
0.24619529,1
0.3254351,0
0.14491427,1
0.23194757,1
0.30053928,0
0.24972734,0
0.30212605,0
0.26605177,1
0.2803208,0
0.24379617,1
0.2823166,0
0.19117859,1
0.34886837,0
0.28988856,1
0.26584503,1
0.33419263,0
0.2942749,0
0.2882142,1
0.29605296,1
0.2162078,1
0.26997784,1
0.37618548,1
0.2891413,1
0.36300623,0
0.28840667,0
0.16415861,1
0.29699028,0
0.29363236,0
0.3074793,0
0.32534906,0
0.21558836,1
0.23461244,1
0.31721184,1
0.326698,1
0.3344517,0
0.2742776,0
0.35633302,0
0.26080382,1
0.28640833,0
0.29142874,0
0.18164192,1
0.23416713,1
0.2599646,1
0.25759512,0
0.2840265,0
0.2968392,1
0.3231098,1
0.17223716,1
0.3485056,0
0.32377654,1
0.31180698,1
0.2080153,1
0.31773022,0
0.32509425,0
0.23382398,1
0.3660822,0
0.30322218,1
0.29049316,0
0.347733,1
0.30714923,1
0.3258518,0
0.33986062,0
0.24134743,0
0.37492272,0
0.2888562,1
0.32922614,1
0.2493156,0
0.23721758,0
0.316665,0
0.3340927,0
0.23914577,0
0.33018023,0
0.2957124,0
0.27015752,0
0.28535563,1
0.3249352,0
0.2244161,0
0.22029951,1
0.10012503,1
0.29741153,1
0.3026868,0
0.22727416,0
0.21779326,1
0.24536315,0
0.3482788,1
0.34384426,1
0.2539674,1
0.26647657,0
0.28986952,0
0.30799568,1
0.24471629,0
0.28768748,1
0.31807154,0
0.35485142,1
0.25993723,0
0.20226577,1
0.27574313,0
0.20365626,0
0.24375468,0
0.29424113,0
0.2016202,1
0.30676195,1
0.23974854,1
0.29021144,1
0.23834178,0
0.19925186,1
0.29784924,0
0.26606697,1
0.29447964,0
0.26146722,0
0.21732892,0
0.34622267,0
0.251796,1
0.30353743,0
0.31047618,1
0.21387768,1
0.30602938,0
0.35978207,1
0.32989937,0
0.2723561,1
0.30182827,0
0.28022584,0
0.1901719,1
0.18663411,1
0.30289632,0
0.31592074,0
0.20248224,1
0.14913645,1
0.3240583,0
0.34028864,1
0.260589,1
0.28875825,0
0.31339762,0
0.30686557,0
0.26977617,0
0.27876064,0
0.31026208,0
0.29708695,0
0.3044515,1
0.26097354,0
0.34096378,1
0.21073043,1
0.26310754,1
0.26309058,0
0.22796062,0
0.3357254,0
0.31858596,0
0.2634124,0
0.21976244,0
0.24235286,0
0.24754636,1
0.20441495,1
0.24208923,0
0.24354213,1
0.22359289,0
0.28802848,1
0.21649387,1
0.29454952,0
0.22124907,1
0.3196711,1
0.2794578,0
0.32314852,1
0.334968,0
0.30830526,0
0.32617578,0
0.26081058,0
0.33039215,0
0.3449283,0
0.17575094,1
0.27260858,1
0.26835468,0
0.2994324,1
0.38718057,1
0.27740055,1
0.19549581,1
0.27631405,1
0.3004802,0
0.29032463,0
0.22422218,1
0.21653032,0
0.21881083,1
0.3117695,0
0.3046961,0
0.2728564,0
0.22016269,1
0.2978981,0
0.28924102,1
0.20297468,1
0.26629096,1
0.27974185,0
0.24332964,0
0.2671319,0
0.22346851,1
0.28646985,0
0.3067096,0
0.3240119,0
0.29190555,0
0.23679903,1
0.29372698,1
0.17911443,1
0.19417854,1
0.34633046,1
0.29092363,1
0.31533253,0
0.30320388,0
0.2852304,1
0.17283785,1
0.2546687,1
0.2897154,0
0.25943896,0
0.34739274,0
0.25425392,0
0.38088572,0
0.26226395,1
0.23759219,0
0.33696973,0
0.21870156,0
0.33279222,1
0.20565379,0
0.30001166,1
0.28210896,1
0.20815566,1
0.24593812,0
0.21604183,0
0.28779775,0
0.14453085,1
0.3040055,0
0.3201664,0
0.31118608,0
0.2645176,0
0.3003955,1
0.3294532,1
0.22706638,1
0.26661092,1
0.26584142,0
0.31025025,0
0.32838506,1
0.28078914,1
0.24673943,0
0.28654808,0
0.22857627,1
0.1543898,1
0.3195755,0
0.15578741,1
0.25806817,1
0.24261656,0
0.30941808,1
0.33106557,0
0.30242205,0
0.11572384,1
0.26923183,0
0.32767373,1
0.27912116,1
0.31861177,1
0.2889346,1
0.26797622,0
0.17236145,1
0.23168433,1
0.2768982,1
0.34077603,0
0.3170072,1
0.21354419,1
0.34998542,0
0.2587855,1
0.31100678,0
0.2725176,1
0.31944123,0
0.26894948,0
0.33811432,0
0.19016132,0
0.23374578,1
0.23780176,1
0.29303622,0
0.21410897,0
0.2567762,0
0.32574183,1
0.31570724,0
0.30746973,0
0.16507475,0
0.2722167,1
0.2785279,1
0.313299,0
0.22094133,1
0.2333535,1
0.21646251,1
0.24373934,0
0.2480697,1
0.3251279,0
0.2540894,0
0.14631084,1
0.23797044,0
0.29411238,1
0.2543981,1
0.3329153,1
0.10968456,1
0.37671036,1
0.28384438,0
0.33562136,0
0.30439794,0
0.22879441,1
0.39741457,1
0.2953162,0
0.226217,1
0.25193185,0
0.30895892,0
0.22164805,1
0.26679426,0
0.25817096,1
0.3352756,0
0.28658038,1
0.23180072,1
0.26163945,0
0.35797566,0
0.3427201,0
0.3235143,0
0.3007845,1
0.28933752,0
0.25595236,1
0.3128701,1
0.3393423,0
0.19243295,1
0.34876248,0
0.32106644,1
0.28706968,1
0.30838895,0
0.32009742,0
0.28403634,1
0.2742926,1
0.2829333,1
0.22834657,0
0.2115153,1
0.1890499,1
0.23154023,1
0.20317411,1
0.29872188,1
0.27488607,0
0.2528541,0
0.22185087,1
0.32573986,0
0.28680342,1
0.32024023,1
0.23672664,1
0.30190766,0
0.21610203,0
0.3089462,0
0.21784504,1
0.18577126,1
0.23529382,0
0.27451846,1
0.20229761,0
0.2544205,0
0.29118153,0
0.24847727,1
0.26916277,1
0.37832883,1
0.23602718,1
0.27367955,0
0.31596097,0
0.23672394,0
0.26962364,0
0.3467763,0
0.3011259,0
0.24114318,1
0.2791239,0
0.17999005,1
0.2702577,1
0.20504677,1
0.27191696,0
0.33259025,0
0.3015615,0
0.2232467,1
0.2374523,1
0.24699718,1
0.21685676,1
0.2648866,0
0.20614684,1
0.2399957,1
0.36890745,1
0.2425592,1
0.3110528,0
0.26243955,0
0.31781194,0
0.3295951,0
0.32963496,0
0.31249315,0
0.30647448,1
0.26322183,0
0.33972216,1
0.26342395,1
0.24171428,1
0.22550637,1
0.33292684,1
0.36870134,0
0.3203648,0
0.20019296,1
0.25318554,1
0.2450558,1
0.31742698,0
0.28354204,0
0.3073092,0
0.28726596,1
0.1426522,1
0.2839637,0
0.34958208,1
0.3955524,1
0.23687088,1
0.3365763,0
0.23570932,1
0.3085001,0
0.3170061,0
0.19102317,1
0.21232888,1
0.25908768,0
0.22177678,1
0.25025195,0
0.34800327,0
0.35202307,0
0.22444344,0
0.2554495,0
0.3346293,0
0.27081865,0
0.2402978,1
0.33376414,0
0.27435595,1
0.27050355,0
0.25060186,1
0.21950114,1
0.3634527,0
0.27053297,1
0.2711418,0
0.30013055,0
0.20374253,1
0.3536462,0
0.17503658,1
0.32451302,1
0.28326768,0
0.2477827,1
0.31303,0
0.2462236,1
0.23581293,1
0.2237595,0
0.28374827,0
0.37644267,1
0.32876253,0
0.27956757,1
0.31024185,0
0.1566252,1
0.24931797,1
0.3177238,0
0.2715508,1
0.21083689,1
0.22809145,1
0.29659033,0
0.3361768,1
0.3367507,1
0.33581734,0
0.27889213,0
0.35666203,0
0.33357468,0
0.27716118,1
0.26959378,0
0.27183113,0
0.28746593,0
0.31916153,0
0.33547413,0
0.34265137,0
0.19932765,1
0.33306265,0
0.23260543,0
0.31611922,1
0.2666733,0
0.32779643,0
0.35315165,0
0.24352105,0
0.27360418,0
0.2564838,1
0.22154957,1
0.33973286,0
0.22236484,1
0.2832288,0
0.32731676,0
0.2865866,1
0.22364447,1
0.31336695,0
0.32033545,0
0.23372696,1
0.26088354,0
0.27890003,1
0.30728126,0
0.37182564,1
0.31946865,0
0.30687845,1
0.28400362,0
0.25646073,1
0.25632527,1
0.31176937,1
0.20981884,1
0.2862718,0
0.2697514,1
0.3077224,0
0.273386,1
0.1981769,1
0.36552954,0
0.24244536,1
0.33335114,0
0.21120387,1
0.18496305,1
0.32188335,0
0.3062124,1
0.21796341,1
0.28078127,0
0.3215475,0
0.34591073,0
0.30062625,1
0.3188987,1
0.19321314,1
0.26180792,0
0.23152873,1
0.3517109,0
0.3398773,1
0.33517367,0
0.30152634,0
0.3546058,0
0.25770003,1
0.34048587,1
0.2622307,1
0.26773798,1
0.22905989,1
0.25733972,1
0.185613,1
0.29692453,1
0.22940299,0
0.31717908,1
0.101834506,1
0.30525327,0
0.2461487,1
0.30191833,0
0.31016868,0
0.378877,0
0.23901328,1
0.2716566,0
0.23627058,1
0.22803883,1
0.24842398,1
0.22194257,1
0.31782693,1
0.30973113,0
0.3123811,0
0.17076829,1
0.17094865,1
0.1825152,1
0.21626088,0
0.27050683,0
0.20337746,0
0.32591268,0
0.3017652,0
0.3302484,1
0.3162874,0
0.19930828,1
0.28677034,1
0.25860688,1
0.27444643,0
0.3281483,1
0.28988272,0
0.22751455,1
0.27356532,1
0.28151876,0
0.18428603,1
0.24330954,0
0.24575631,1
0.23720847,1
0.325706,0
0.2229063,0
0.29349345,0
0.26276225,1
0.25831392,0
0.2692489,1
0.1921623,1
0.18316983,0
0.2275252,0
0.29293987,0
0.32372677,0
0.27130017,0
0.35705143,0
0.30761784,1
0.31014985,0
0.19038346,1
0.25661516,0
0.27740443,0
0.27608678,0
0.2878743,0
0.28587884,1
0.22183421,1
0.28755313,1
0.25835127,1
0.25736684,0
0.3139624,1
0.22071874,1
0.3551569,0
0.26557857,1
0.23277897,1
0.2532663,0
0.3472585,0
0.23953041,1
0.23830587,1
0.2943211,1
0.2783929,0
0.3320939,0
0.17620873,0
0.20438488,1
0.33010006,0
0.2530116,1
0.23781666,0
0.20241001,1
0.36198938,0
0.36188367,0
0.32741624,0
0.32003903,1
0.31318575,0
0.3349675,0
0.33865395,1
0.2947536,0
0.3794893,0
0.19825833,1
0.28007942,1
0.331013,0
0.2685866,1
0.23147938,1
0.25144926,0
0.26136136,0
0.2151051,1
0.27136582,0
0.29341927,1
0.32107574,0
0.31929523,0
0.22286077,1
0.16428077,0
0.2861843,1
0.2093106,1
0.3456763,1
0.2791335,0
0.1627025,1
0.21811399,1
0.26718143,1
0.18282858,1
0.3028062,1
0.20257851,1
0.16749996,1
0.30840677,0
0.20165874,1
0.27587184,1
0.2806436,1
0.2484286,1
0.24929613,0
0.28005412,0
0.36488593,0
0.35590342,1
0.3156546,0
0.24849159,1
0.33711445,0
0.28387702,0
0.28733563,0
0.13391903,1
0.30052656,1
0.3269261,0
0.27002433,0
0.3146514,0
0.2988323,1
0.18848121,1
0.25251928,0
0.33425638,0
0.3078949,0
0.20142937,1
0.3341126,0
0.31139785,1
0.28004438,1
0.24213028,1
0.26933026,0
0.27790934,1
0.28673446,0
0.27250764,0
0.32308304,1
0.25364333,0
0.1003599,1
0.30328515,1
0.29263693,1
0.19892386,1
0.22076814,1
0.22603956,1
0.27818745,0
0.20942132,1
0.22678596,1
0.22430125,1
0.30488557,0
0.29545593,0
0.27558637,0
0.30358922,0
0.26733702,1
0.30603734,1
0.26979092,0
0.35978693,0
0.29491565,0
0.29436538,0
0.25325197,0
0.3406247,0
0.29514873,0
0.30409366,0
0.27547032,1
0.34283617,1
0.34422478,0
0.28859878,0
0.26470304,1
0.28686586,1
0.3324788,0
0.21543889,1
0.30346164,1
0.3227038,0
0.28282225,0
0.29644558,0
0.23771968,0
0.2899828,0
0.21020256,1
0.32493123,0
0.3061238,0
0.34195513,1
0.29307947,1
0.32007003,0
0.18442956,1
0.2733368,1
0.28256252,0
0.27967954,0
0.28469908,0
0.27836728,1
0.21695444,1
0.3515,0
0.27826458,0
0.24129382,0
0.22724539,0
0.34949857,1
0.2579819,1
0.31442207,1
0.2961355,0
0.29870713,0
0.37474477,0
0.171991,1
0.30573115,0
0.16257344,1
0.22129664,1
0.17135903,1
0.25384232,1
0.32496855,0
0.32116893,0
0.31427705,1
0.31225914,0
0.27491522,0
0.23961371,1
0.28347898,0
0.3319054,1
0.31406254,0
0.2658853,0
0.29002193,1
0.22756037,1
0.2525401,1
0.30243844,0
0.29861197,1
0.25242633,1
0.28077516,0
0.2782241,0
0.18562996,1
0.21357638,1
0.30278546,0
0.18767616,1
0.2796294,0
0.32402512,0
0.22405319,0
0.26885176,0
0.32355905,0
0.33789283,0
0.27644992,0
0.2906909,0
0.28373787,0
0.29663295,0
0.3039455,0
0.20301956,1
0.20416728,1
0.28752637,1
0.33668372,0
0.33544534,0
0.31880295,0
0.25899974,1
0.29395038,1
0.29348946,0
0.28640094,1
0.24728826,1
0.33728534,0
0.22015187,1
0.34234554,0
0.26589638,1
0.287712,1
0.2816813,0
0.2616502,0
0.22602618,1
0.309114,0
0.29224917,0
0.24394016,1
0.297261,0
0.3626417,0
0.21180639,1
0.21740913,1
0.22545601,1
0.23239411,1
0.24534881,0
0.24315749,1
0.26503175,1
0.32483768,0
0.2572364,1
0.28753775,0
0.21918705,1
0.32994884,0
0.28336236,0
0.29626074,0
0.32083514,1
0.27648383,1
0.34208536,0
0.23279195,1
0.1600394,1
0.25867593,0
0.30010402,0
0.23708963,1
0.29035383,0
0.271394,0
0.24303721,0
0.310785,0
0.3006945,1
0.3534528,0
0.39379504,0
0.32358187,1
0.31047386,1
0.35076278,1
0.29600072,1
0.23901679,0
0.3564331,0
0.2619983,1
0.28706712,0
0.186496,1
0.27725762,1
0.34175286,0
0.3338306,0
0.34108844,1
0.24857572,1
0.2104311,1
0.216623,1
0.17926505,1
0.31406918,1
0.113330215,1
0.21615139,0
0.17728843,1
0.3537294,0
0.34450132,1
0.26085943,1
0.29122847,0
0.23640777,1
0.23924094,0
0.3352177,0
0.35383666,1
0.20827141,1
0.19162288,1
0.20186302,0
0.25217757,0
0.27019548,0
0.26547647,1
0.36181852,1
0.24823067,1
0.33952636,0
0.25174403,1
0.29851794,0
0.22721076,1
0.25457025,1
0.25797194,1
0.27564147,0
0.26685664,0
0.3297297,0
0.2699699,1
0.32502925,0
0.28971106,0
0.26522845,0
0.25977123,0
0.29892227,0
0.33175653,0
0.29950392,0
0.31844598,1
0.1618458,1
0.3336376,0
0.21889079,0
0.2815249,0
0.29407793,0
0.261865,1
0.21471445,1
0.30100358,1
0.2706291,1
0.31877893,0
0.140165,1
0.18489055,1
0.30210888,0
0.34655467,0
0.38569087,1
0.3402738,0
0.25648868,1
0.19698176,1
0.2637067,1
0.17498285,1
0.2457038,1
0.278526,0
0.33754393,0
0.23025842,1
0.26212263,0
0.3100924,0
0.3207899,0
0.297799,0
0.3081732,0
0.28218687,1
0.2941781,0
0.18962318,1
0.22783315,0
0.2124282,1
0.27814698,0
0.22900683,1
0.28088182,0
0.31421226,1
0.29361123,1
0.2848739,0
0.30130082,0
0.19688252,1
0.31767356,0
0.3073324,1
0.28600562,1
0.24144414,1
0.26333532,1
0.27816224,0
0.15302677,1
0.2571075,1
0.19036992,1
0.2784922,0
0.21020783,1
0.32221997,0
0.27711028,0
0.26317826,1
0.2553016,1
0.28053886,0
0.34370744,0
0.29957914,0
0.26346785,0
0.16181272,1
0.28358245,0
0.27401394,1
0.33112246,0
0.31119716,1
0.36799288,0
0.22840713,1
0.26133218,1
0.33436525,0
0.21822762,1
0.32447544,0
0.28482634,1
0.37599516,1
0.20173872,1
0.23114957,1
0.26749966,1
0.23181441,0
0.19529328,1
0.18331626,1
0.2051152,1
0.34385234,1
0.23236984,1
0.3377087,0
0.28856248,0
0.15127353,1
0.31562102,0
0.24871957,1
0.2694186,0
0.27135175,0
0.22528514,0
0.31922576,1
0.30328578,0
0.19894297,0
0.22024578,1
0.33041722,0
0.26105416,1
0.287089,1
0.328299,0
0.30816767,0
0.19602512,1
0.3503381,0
0.3053196,0
0.28392997,0
0.28562808,0
0.24359632,0
0.32301605,0
0.38124755,1
0.16517565,1
0.24511853,0
0.32438532,0
0.21624652,1
0.2625175,1
0.27687567,1
0.24898386,1
0.3194184,0
0.34102786,1
0.2368549,1
0.3291939,0
0.33643746,1
0.20112589,1
0.3231567,0
0.30846334,1
0.32325423,0
0.24178632,1
0.22428757,1
0.28439865,1
0.32591137,1
0.29785442,1
0.28406394,1
0.30632508,0
0.25729027,0
0.3317739,0
0.24303493,0
0.26873517,1
0.34949538,0
0.3098219,0
0.3057309,0
0.35729885,0
0.2816959,1
0.26744825,1
0.2357053,0
0.26535618,1
0.20986836,1
0.24156244,1
0.3068171,0
0.20636067,1
0.20352088,1
0.16398494,1
0.21453767,1
0.29424417,0
0.29742458,0
0.31175765,1
0.3140319,1
0.23937881,0
0.3055792,0
0.29601055,0
0.27629018,0
0.20810817,0
0.2984915,0
0.25246963,0
0.3565964,0
0.25592384,0
0.24787514,1
0.28566772,0
0.34157285,0
0.28380394,1
0.2237459,1
0.22966063,0
0.2419429,0
0.22072457,0
0.23655152,1
0.2232993,1
0.26742277,1
0.32549703,0
0.32814118,0
0.25339943,1
0.24751067,1
0.22368695,1
0.26849496,0
0.2878752,1
0.26002926,1
0.23401707,0
0.2935532,0
0.2371648,0
0.272463,1
0.24497017,0
0.31190833,1
0.31934142,1
0.1595817,1
0.28023052,0
0.27421832,0
0.29523194,0
0.3113977,1
0.2341615,0
0.24079129,1
0.2522611,1
0.3119141,1
0.25912836,0
0.19491768,1
0.3697881,0
0.21101025,0
0.15034582,1
0.2544939,0
0.26292604,1
0.2017523,1
0.30867445,0
0.31508607,1
0.35347775,1
0.25073725,0
0.23349905,1
0.26842356,0
0.3160258,0
0.30799186,1
0.24975148,1
0.28812447,1
0.24014935,1
0.2912524,0
0.18640752,1
0.3263451,0
0.256822,0
0.22838446,0
0.25104082,1
0.29849285,0
0.27420378,1
0.27253738,1
0.3359235,0
0.21127427,1
0.258639,1
0.16230391,1
0.23628612,1
0.29733485,0
0.26511234,0
0.26959252,1
0.30338216,0
0.29889977,0
0.28853312,0
0.328556,0
0.33945447,0
0.19489914,0
0.29354864,0
0.29286772,1
0.2946236,1
0.2666008,1
0.29998678,0
0.3361746,1
0.34877566,1
0.32722324,1
0.29793167,0
0.32059026,0
0.20576835,1
0.20103243,1
0.17521915,1
0.26331985,0
0.09887783,1
0.20488924,1
0.30994073,1
0.21534947,1
0.21446846,1
0.32628855,1
0.23352945,1
0.27261043,1
0.27909726,0
0.31805804,1
0.3109663,1
0.30094683,1
0.22693177,1
0.3716871,1
0.29347074,1
0.26573393,0
0.30614486,1
0.23005846,1
0.2737322,0
0.13607533,1
0.2606959,0
0.2834526,1
0.29265618,0
0.26784515,0
0.29304025,1
0.32372385,0
0.3405962,0
0.2197842,1
0.2627651,0
0.30791444,1
0.29694423,0
0.28934446,0
0.26957744,0
0.22853494,1
0.159888,1
0.3068996,0
0.19915718,1
0.21888345,1
0.2669314,0
0.25194773,0
0.29874048,1
0.30384248,1
0.24889654,1
0.26521796,0
0.28511864,0
0.3550165,0
0.29684955,1
0.31134763,1
0.25135124,1
0.31623963,1
0.11712451,1
0.27150095,1
0.22079797,1
0.33618975,1
0.24320316,0
0.2927069,1
0.18026917,1
0.3427781,0
0.20640247,0
0.32168064,0
0.29043937,1
0.28456795,1
0.22754227,0
0.2806749,1
0.29423034,0
0.377608,0
0.24688593,1
0.18870349,1
0.23488377,1
0.30057687,0
0.30526522,0
0.26313883,0
0.23952764,1
0.30453503,0
0.34024483,0
0.33065975,0
0.34068608,1
0.34089762,0
0.21175471,0
0.28445974,0
0.19718148,1
0.23797306,1
0.19904867,1
0.26094317,1
0.29663926,0
0.23852326,1
0.27117765,1
0.2811576,0
0.31358564,1
0.24554098,1
0.27776277,1
0.37886184,0
0.28958338,0
0.31572244,0
0.27986762,1
0.2313939,1
0.26370174,1
0.2878251,1
0.24859928,1
0.3365121,0
0.22536105,1
0.28289843,1
0.23604044,1
0.28539845,0
0.20968404,1
0.30147573,0
0.25601858,1
0.31493998,1
0.22914511,0
0.29945835,0
0.23625539,0
0.20383036,1
0.28153932,0
0.17919254,1
0.2465257,1
0.23578116,1
0.35681963,0
0.2034795,0
0.1999819,1
0.22982495,1
0.21604282,1
0.2707765,1
0.3014769,0
0.26682764,1
0.30429327,0
0.3279106,1
0.3087726,0
0.3650748,0
0.18752554,1
0.284114,1
0.28076392,1
0.24746038,1
0.28188348,0
0.15728047,1
0.30527896,1
0.26593423,0
0.29983664,1
0.32520494,0
0.31136966,0
0.27932107,0
0.20489019,0
0.346641,1
0.33056083,1
0.23944938,0
0.2798471,0
0.23048201,1
0.29322016,1
0.25314754,0
0.22539057,0
0.3233358,1
0.3136514,1
0.3197472,1
0.22997087,1
0.1981075,1
0.24669933,1
0.25668582,1
0.23449098,1
0.28485328,1
0.1997907,0
0.35533434,0
0.3217507,1
0.330847,0
0.27106628,0
0.17453384,1
0.32804558,0
0.25104728,1
0.22670022,1
0.25875014,1
0.2581789,1
0.23318094,1
0.21005838,1
0.25709826,0
0.2582875,0
0.33871505,0
0.24691726,1
0.31122977,1
0.2696186,0
0.21560992,1
0.320446,0
0.15597877,1
0.33410007,1
0.17890294,1
0.26732323,0
0.25136444,1
0.3074797,0
0.090842634,1
0.23679297,1
0.31081036,0
0.28530097,0
0.25555712,1
0.2421254,0
0.300071,1
0.34297758,0
0.24043356,1
0.3324188,1
0.26028186,0
0.22208273,1
0.25143653,1
0.32150298,0
0.2122335,1
0.30463305,0
0.33157623,0
0.25410992,1
0.22529814,0
0.22141191,1
0.29705968,0
0.28926238,1
0.24239478,1
0.24639449,1
0.21133792,1
0.29704213,0
0.28799507,0
0.21012346,1
0.26986983,0
0.2863716,0
0.17161825,0
0.3291641,0
0.19096611,1
0.2988633,1
0.27679902,1
0.32876134,0
0.28536797,1
0.20184183,1
0.37110913,0
0.24708387,0
0.3148107,1
0.32941395,0
0.26967946,0
0.28503695,0
0.19850439,0
0.28197616,1
0.22541408,0
0.14235774,1
0.2893911,1
0.31982458,0
0.3675995,1
0.2874576,0
0.19995582,1
0.36017418,1
0.36350495,1
0.2802888,1
0.29215258,0
0.3035529,0
0.3073077,0
0.3552449,0
0.3092019,0
0.22952348,1
0.2680561,1
0.2781484,0
0.22443129,1
0.29764563,1
0.31078902,0
0.19838312,1
0.23275712,1
0.304504,0
0.21740094,1
0.3226952,1
0.285746,1
0.27769387,0
0.34179214,0
0.22863466,1
0.27325398,1
0.29655075,1
0.31413114,0
0.24639729,0
0.3038716,0
0.20466305,1
0.29882646,0
0.29551736,0
0.23502406,0
0.20075622,1
0.2549557,1
0.3052907,0
0.33077532,0
0.34741235,0
0.2785725,0
0.32247585,0
0.2736333,1
0.30552733,0
0.3145107,0
0.25914904,1
0.27161512,0
0.26689342,1
0.3631242,0
0.30242136,1
0.3306266,1
0.30022162,1
0.34056342,1
0.29635322,0
0.3064018,0
0.2908612,0
0.2998419,1
0.26488855,1
0.3634842,1
0.31712586,0
0.24741325,1
0.2764473,0
0.26180217,0
0.25761616,0
0.27372804,1
0.29860175,0
0.3559789,1
0.3275107,0
0.15273403,1
0.26930732,0
0.28415504,0
0.38680357,0
0.19844057,0
0.30616772,1
0.27819866,1
0.28599834,1
0.24987201,1
0.28180385,0
0.29853398,0
0.3178088,1
0.27138636,1
0.33858156,0
0.3285732,0
0.23352632,1
0.37412116,0
0.23217914,1
0.28984866,0
0.31744924,1
0.30892184,0
0.17383519,1
0.30676493,0
0.20404658,1
0.28084505,0
0.19802824,1
0.23861223,1
0.25502676,1
0.2511633,0
0.35264665,0
0.260909,0
0.30936325,0
0.27623308,0
0.31803018,0
0.22097705,1
0.3065697,0
0.15992193,1
0.20055367,0
0.31322038,0
0.2352694,1
0.1723038,1
0.36064535,1
0.2263974,0
0.30284992,1
0.18838942,1
0.279573,0
0.26905003,0
0.2744543,1
0.1981925,1
0.3124308,1
0.20092815,1
0.33394617,0
0.28354028,0
0.26983523,1
0.31953728,0
0.19484952,1
0.26566172,0
0.3209062,0
0.32346833,0
0.30573946,0
0.29853562,1
0.2732544,0
0.24293667,1
0.3367188,0
0.31573948,1
0.3180978,1
0.19644633,1
0.30348653,0
0.25766385,0
0.2563391,1
0.3140921,1
0.32801107,0
0.30234054,0
0.2608409,0
0.35227516,0
0.30198267,1
0.28224006,0
0.26300323,1
0.30385256,1
0.2780343,0
0.24324451,1
0.33379728,1
0.3333537,0
0.31432486,0
0.31466705,0
0.1854569,1
0.34798583,0
0.15517688,1
0.30891132,1
0.30056083,0
0.27930087,1
0.28450623,0
0.2594188,0
0.2900487,0
0.32577533,0
0.26278007,0
0.3060049,0
0.27095428,1
0.3302095,0
0.21650957,1
0.24164048,0
0.23588595,1
0.33369815,0
0.21833117,0
0.20333648,0
0.24207866,1
0.3094427,0
0.33460963,0
0.2121785,1
0.29633063,1
0.2799435,0
0.1881471,1
0.28695136,0
0.22093682,1
0.36293113,1
0.22577834,0
0.33853802,0
0.35745543,1
0.37174243,0
0.22943152,1
0.29134738,0
0.3174417,0
0.24400055,0
0.33433217,0
0.274501,0
0.23978029,1
0.3051362,0
0.3196786,0
0.31131676,1
0.3016888,1
0.29589826,1
0.32423788,0
0.29938486,1
0.3539971,0
0.33957314,1
0.25132167,0
0.25326216,0
0.36062855,1
0.23272055,1
0.24991713,1
0.26437613,0
0.3336063,1
0.27291536,0
0.34860533,0
0.34031868,1
0.3193245,1
0.30703145,0
0.32709765,0
0.19624007,1
0.24699149,0
0.31761003,1
0.30909032,0
0.15842737,1
0.30101877,1
0.32062006,0
0.22018787,1
0.34848422,1
0.27688092,0
0.34797007,0
0.33249962,1
0.2404274,0
0.36886016,0
0.2631073,0
0.31835502,1
0.21312438,1
0.27239418,0
0.2128084,1
0.26205173,0
0.32944533,1
0.3164324,0
0.23858346,1
0.28880554,0
0.2139775,0
0.1866548,1
0.20078129,1
0.22515693,1
0.24350053,1
0.28363097,0
0.24195975,0
0.30919436,0
0.2714872,0
0.20542467,1
0.24733119,1
0.28324178,0
0.18549877,1
0.20327213,1
0.2387622,1
0.22919998,0
0.34216833,0
0.22087842,1
0.29275012,1
0.29931664,1
0.28324187,1
0.25033835,1
0.26554233,1
0.27736846,1
0.29960132,0
0.33636546,0
0.31854683,0
0.23755679,1
0.24241823,0
0.2834472,0
0.24004616,0
0.29206848,0
0.24224943,1
0.21402495,1
0.3285393,1
0.18547046,1
0.32457924,0
0.30001622,1
0.1719239,1
0.2827625,0
0.25780416,1
0.29604915,0
0.32834277,0
0.24694628,0
0.34074348,0
0.35568735,0
0.37284258,0
0.33035657,0
0.2221111,1
0.30506048,1
0.275771,0
0.24387015,1
0.34117323,1
0.2060882,1
0.25445226,0
0.21883585,1
0.3218969,1
0.19162977,1
0.29580718,0
0.33453843,0
0.2806568,0
0.30004823,0
0.22983396,1
0.28364122,0
0.22924238,1
0.3165242,0
0.2933624,0
0.20177732,0
0.3589303,1
0.1703258,1
0.22210974,1
0.26363778,1
0.26340973,0
0.3371999,0
0.2814219,1
0.24023901,1
0.24133421,1
0.25783536,1
0.37305874,0
0.32146782,0
0.15045437,1
0.29226956,1
0.27921718,0
0.32045916,0
0.3284231,1
0.1795671,1
0.3047182,1
0.3162033,1
0.31852326,0
0.24053897,0
0.30779603,0
0.25452548,1
0.18727568,0
0.30430135,0
0.37127447,0
0.26389286,0
0.27794284,1
0.31821844,0
0.21350095,0
0.33919477,0
0.26631624,0
0.22437182,1
0.28153408,0
0.29289836,0
0.28389955,1
0.2907772,0
0.30635065,0
0.3399549,0
0.35605288,1
0.31462067,1
0.2903091,0
0.3206893,0
0.19823894,0
0.25802505,1
0.23957613,1
0.21637805,0
0.2707937,0
0.26412222,1
0.27763873,0
0.27033696,1
0.2920733,0
0.32059914,1
0.1945981,1
0.21943152,0
0.21611425,1
0.2490142,1
0.33192664,1
0.28440207,1
0.19743398,1
0.23456554,1
0.34541908,0
0.23015803,1
0.28951967,1
0.2781918,0
0.30311865,0
0.2953467,0
0.30498734,1
0.35024896,1
0.33364493,0
0.25320253,1
0.3189235,1
0.29797772,1
0.2662617,1
0.33910185,1
0.19503032,1
0.2408203,0
0.31237364,0
0.17995755,1
0.20811127,1
0.2813211,0
0.3778866,0
0.23447776,0
0.29615882,1
0.2616316,0
0.3552257,0
0.28219444,1
0.32872188,0
0.2002543,1
0.25415492,0
0.33697468,1
0.17472747,1
0.34759706,0
0.33721793,0
0.30110976,1
0.20705679,1
0.28849316,0
0.19511783,1
0.19222544,0
0.29777378,0
0.29853678,0
0.26773137,1
0.30093613,1
0.25885075,0
0.2720176,0
0.25111222,1
0.2154738,0
0.24092424,1
0.28618154,1
0.31752396,0
0.26249027,0
0.2825668,1
0.25294197,0
0.3062597,0
0.35168326,0
0.21252239,1
0.25709805,1
0.29647514,1
0.18338756,0
0.18796706,1
0.28707922,0
0.2992168,0
0.28213358,0
0.22300714,1
0.294183,0
0.34924802,0
0.3078095,0
0.3234071,0
0.25273255,1
0.19666344,1
0.35848463,0
0.30653605,0
0.42289168,0
0.28592464,0
0.32680002,0
0.17678311,1
0.2759679,0
0.26481718,1
0.26606762,1
0.25483984,0
0.28753972,0
0.24211875,1
0.30063087,1
0.3153947,1
0.30975294,0
0.34084857,0
0.18059872,1
0.29981732,0
0.24853286,1
0.27873564,1
0.29103124,1
0.38653803,0
0.3083855,0
0.28909805,0
0.3340371,0
0.26241583,0
0.2657932,1
0.21801716,1
0.12346132,1
0.3356482,0
0.2470434,1
0.20091271,1
0.27470857,1
0.22057046,1
0.30794278,0
0.2559375,0
0.32605988,0
0.33891597,1
0.2500883,1
0.36096758,0
0.31689477,1
0.2934835,0
0.290068,0
0.4137716,0
0.2550619,0
0.31906664,0
0.29512143,0
0.26845413,1
0.21858552,0
0.37494603,1
0.23879413,1
0.251224,1
0.21572345,1
0.19729283,1
0.24242678,1
0.31039962,1
0.23202264,1
0.25337386,1
0.23987994,0
0.26629394,1
0.29074085,0
0.21274301,1
0.30664918,0
0.37771353,0
0.3535435,0
0.28090936,1
0.32455292,0
0.25357968,1
0.25545722,1
0.3658099,0
0.15716136,1
0.2775991,0
0.19650003,1
0.312441,1
0.3186779,1
0.28944463,0
0.3472288,0
0.22519511,1
0.2646535,0
0.33690086,0
0.2724348,1
0.2114687,0
0.26876372,0
0.21643864,1
0.28512636,0
0.29122588,0
0.30694598,0
0.2901336,0
0.30736214,0
0.2502284,0
0.13972104,1
0.32432067,0
0.25095224,1
0.31998247,0
0.2945422,0
0.28519484,0
0.35131687,0
0.22210085,0
0.33217186,0
0.29250807,0
0.24901019,1
0.1665813,1
0.32359368,0
0.24252397,0
0.1494354,1
0.19970882,1
0.30131012,0
0.23084915,1
0.2410305,1
0.31707168,1
0.25877288,0
0.21374774,1
0.29544333,1
0.29174593,0
0.32718882,0
0.29036313,0
0.29158503,0
0.23014827,1
0.26433417,0
0.20345637,1
0.3417558,0
0.24661908,0
0.34698004,0
0.24580675,1
0.21361406,1
0.26484197,1
0.33418447,0
0.3594339,1
0.254164,0
0.3084921,1
0.23681109,1
0.23266578,1
0.28883973,1
0.2855255,0
0.30403927,0
0.3024845,0
0.30960578,0
0.30596277,0
0.2582412,0
0.3194391,1
0.23207353,0
0.34624928,0
0.30502662,1
0.26066184,1
0.20093295,1
0.32785958,1
0.22910911,1
0.27816215,0
0.27867997,0
0.19536857,0
0.24661994,1
0.2596861,0
0.31684434,1
0.35278207,0
0.34050602,0
0.30819803,0
0.21863629,1
0.21558884,1
0.27491453,1
0.29611906,1
0.30006602,0
0.3521716,0
0.23662102,0
0.3203441,0
0.27181333,1
0.34248275,0
0.2900614,0
0.20984685,1
0.2183893,1
0.35914862,1
0.29796162,0
0.28570452,0
0.20311955,1
0.30592564,1
0.276344,1
0.21334167,1
0.16506644,1
0.22578135,0
0.32048985,0
0.18001482,0
0.22660202,1
0.29272425,1
0.31897268,0
0.22477235,1
0.35719705,0
0.25857362,1
0.27355465,0
0.26619714,0
0.2936796,0
0.27240172,0
0.24653937,1
0.33045247,1
0.35215503,0
0.31808016,1
0.23809229,1
0.23049642,1
0.30341512,1
0.3671354,0
0.33658868,0
0.2863973,0
0.26506293,1
0.33220437,0
0.23562823,0
0.30958664,0
0.303669,0
0.095887326,1
0.28373963,0
0.30022568,0
0.2856161,0
0.16096647,1
0.34518975,1
0.2582529,1
0.21030962,1
0.24732995,0
0.25585347,0
0.20269215,1
0.2838413,1
0.21442892,0
0.18470383,1
0.30244935,1
0.33887738,0
0.28482375,0
0.19342911,1
0.26297292,0
0.31707835,0
0.26926845,0
0.15149781,0
0.30257002,0
0.26763007,1
0.3214554,0
0.26785636,0
0.3747755,0
0.28102615,0
0.20295395,1
0.37039846,0
0.25734395,0
0.24381752,0
0.33337367,0
0.22817448,1
0.280103,1
0.24647236,1
0.28634924,0
0.3122914,1
0.20280936,1
0.30893376,0
0.10900623,1
0.31872803,0
0.1734245,0
0.17175761,1
0.29675382,0
0.19094495,0
0.3330724,0
0.28248724,1
0.34712163,1
0.20264545,1
0.31750202,0
0.3212815,0
0.3127345,1
0.18959497,1
0.23332678,0
0.26217866,0
0.30435073,0
0.29317838,1
0.19283536,0
0.24059278,0
0.3455255,0
0.20158158,1
0.30030778,0
0.3197783,1
0.218311,0
0.28369406,0
0.18908256,1
0.32996666,0
0.16113552,1
0.114034556,1
0.32920298,0
0.28958073,0
0.3197345,0
0.20374215,1
0.29305914,1
0.20405163,1
0.27696273,0
0.20516235,1
0.2496062,1
0.35840726,1
0.26035318,0
0.2864809,0
0.26253864,0
0.21786736,1
0.28924626,1
0.34928823,0
0.2896481,1
0.25729612,1
0.32221472,1
0.27454844,0
0.22912171,1
0.27894992,0
0.24839276,0
0.3028748,0
0.17634621,1
0.22018576,0
0.27209175,0
0.37747806,0
0.21741413,1
0.23974602,0
0.33955854,0
0.26769102,0
0.3239163,0
0.34500277,0
0.3612132,0
0.32105917,0
0.3307137,0
0.33292377,0
0.2852653,1
0.30830112,1
0.27910227,0
0.293814,0
0.3614362,0
0.21453062,1
0.23962419,0
0.31467932,0
0.30211464,0
0.29023167,0
0.24677455,1
0.26500466,0
0.18941042,1
0.23958787,1
0.31371352,0
0.30110246,0
0.29995435,1
0.25625753,1
0.34643552,1
0.24376786,0
0.29283088,1
0.26066887,0
0.31985164,0
0.31738275,0
0.16835412,1
0.21597342,1
0.26391792,0
0.20844668,1
0.3269902,0
0.3060577,0
0.2672109,1
0.25373068,1
0.20039155,1
0.34699982,0
0.34732705,0
0.34113497,0
0.26338744,0
0.3174404,1
0.28862107,0
0.33136845,0
0.19233295,0
0.20190573,1
0.22797546,0
0.27303204,0
0.25486445,0
0.21463743,1
0.33724898,1
0.3100733,1
0.19819537,1
0.30779538,0
0.3431204,0
0.29367185,0
0.16527086,1
0.23650339,1
0.31624672,0
0.31231496,0
0.28806612,0
0.3284053,1
0.27072924,1
0.29917973,1
0.120145075,1
0.14971425,1
0.23956785,1
0.29845488,0
0.2221705,1
0.3555014,0
0.1716164,1
0.25356635,0
0.25091934,1
0.32403082,1
0.2823548,0
0.2514964,0
0.24650875,0
0.33921736,1
0.2752439,0
0.29830068,0
0.2618792,1
0.2918704,0
0.24639753,1
0.18078482,1
0.29849207,1
0.20603287,1
0.27168292,0
0.2646768,1
0.18085222,1
0.23093736,0
0.16995232,0
0.16405486,1
0.30036047,1
0.23926425,0
0.28652334,0
0.3101871,0
0.28620255,1
0.27458835,0
0.26086393,0
0.18632916,1
0.2528449,0
0.22538354,1
0.30975544,1
0.21192616,1
0.23404017,0
0.26315996,1
0.25048724,1
0.34025058,0
0.30032355,0
0.3384651,1
0.27721405,1
0.34603566,0
0.30689457,1
0.29419017,0
0.27608025,0
0.29793298,1
0.26976305,1
0.24784634,1
0.2407533,1
0.2571303,0
0.24428882,0
0.348543,0
0.24950495,0
0.29700384,1
0.2968918,0
0.33354428,0
0.3210172,1
0.29066968,1
0.31732774,0
0.2755193,1
0.30081695,0
0.2879629,0
0.2098675,1
0.30325574,0
0.34231383,0
0.35099286,0
0.21638827,1
0.26601496,0
0.34329572,0
0.25709403,1
0.31935853,0
0.27083173,0
0.2667677,1
0.3016795,0
0.22843629,1
0.24264677,1
0.35978854,0
0.24818185,1
0.21510172,1
0.29837495,1
0.25543454,1
0.29408598,0
0.2648826,0
0.37025386,1
0.2971133,0
0.26032826,1
0.26398492,0
0.27184635,0
0.25499564,0
0.29863226,0
0.29786974,0
0.24970737,1
0.20888267,1
0.13466564,1
0.29404956,0
0.18738559,1
0.27261174,1
0.18689632,0
0.35574055,0
0.27810943,1
0.1991423,1
0.27796948,0
0.3199441,0
0.2663885,0
0.19775152,1
0.31572717,0
0.29384965,0
0.18091744,1
0.30854583,1
0.30745167,0
0.23527822,1
0.31244582,0
0.3417939,1
0.3271256,0
0.23511371,0
0.25774607,0
0.28002954,1
0.23277983,0
0.3214216,0
0.27293205,0
0.22557795,1
0.23351327,0
0.2770452,0
0.2924759,0
0.24638051,0
0.24528946,1
0.29889622,0
0.21906681,1
0.20588581,1
0.29193667,0
0.2529398,1
0.3284912,0
0.28198516,0
0.29836553,0
0.274352,1
0.35335463,1
0.26412097,0
0.31280708,0
0.25585833,0
0.26234204,1
0.2571287,1
0.2307877,1
0.27283326,0
0.33982915,1
0.34410006,1
0.21710196,1
0.37061596,0
0.19356969,1
0.2533157,0
0.285809,0
0.37934685,0
0.3446023,0
0.2884518,0
0.35004872,0
0.29787332,0
0.27391207,1
0.30498773,0
0.25765416,1
0.33307803,1
0.2546897,1
0.29921287,1
0.32389396,0
0.28202677,0
0.28763932,0
0.17783032,1
0.27301216,1
0.27270788,1
0.3231095,0
0.31048143,0
0.3009332,0
0.29507738,0
0.18896167,1
0.29528964,0
0.30023307,0
0.30710688,0
0.22200212,1
0.33998936,0
0.27713495,1
0.27885026,1
0.23185629,1
0.26106116,0
0.23160863,1
0.26860452,0
0.32589552,0
0.27086347,1
0.24588439,0
0.25883976,0
0.29510176,0
0.2368614,0
0.22065312,1
0.31402236,0
0.30151373,0
0.27234557,0
0.2886748,1
0.2423089,0
0.25116187,1
0.30241883,0
0.3685065,0
0.28419816,0
0.2317727,0
0.23689142,1
0.29526752,0
0.24967751,1
0.3197351,0
0.324964,0
0.29430375,1
0.27244136,0
0.26836306,1
0.30365843,1
0.30303,0
0.31251058,0
0.28798175,1
0.20090279,1
0.2797712,1
0.19869898,1
0.3189969,0
0.21848878,1
0.2914906,0
0.25885034,1
0.267755,1
0.20185643,1
0.25932324,0
0.35744667,0
0.2795032,0
0.27611816,1
0.2917744,0
0.3289335,1
0.29170358,1
0.21580565,1
0.1652914,1
0.28190163,0
0.2784583,0
0.24236563,1
0.23325092,1
0.29816622,1
0.3365687,0
0.25945753,1
0.18512045,1
0.2899406,0
0.1520392,1
0.39186114,0
0.23869544,0
0.25343192,1
0.2931906,0
0.2419137,1
0.26603878,0
0.21019779,1
0.17176574,1
0.31678832,0
0.3289453,0
0.3626848,1
0.22892195,0
0.33075064,0
0.26545542,0
0.24505796,0
0.123712614,1
0.26244313,1
0.29552826,0
0.28468,1
0.33293614,1
0.24906722,0
0.28328866,1
0.2630648,0
0.29671967,1
0.36733273,0
0.31586346,1
0.269095,1
0.2073234,0
0.24587765,1
0.31004107,0
0.2681297,0
0.27428177,0
0.30780643,0
0.3070966,0
0.34261727,0
0.20897847,1
0.3252673,0
0.2858002,0
0.2817324,0
0.26879156,0
0.3444844,0
0.26181194,1
0.33974457,1
0.2712929,1
0.27527237,1
0.30314377,0
0.22829977,0
0.2894653,0
0.26956165,0
0.32287508,0
0.31055477,0
0.27536798,0
0.30998653,0
0.36087736,0
0.23186392,1
0.26465386,0
0.1873445,1
0.20584445,1
0.3179993,0
0.18259133,1
0.32037005,0
0.33784503,0
0.1681213,1
0.30920634,0
0.24608806,1
0.2925068,0
0.29384294,0
0.26881838,0
0.30390137,0
0.24219035,1
0.2273781,1
0.33269927,0
0.37796032,0
0.20700163,1
0.17298743,1
0.3136806,0
0.29603946,0
0.30136523,0
0.290632,0
0.36463064,0
0.3127918,1
0.15684272,1
0.31624782,0
0.31525895,0
0.20332873,1
0.17281139,1
0.3313462,0
0.36310226,1
0.30838606,1
0.28366792,0
0.27090278,0
0.19049448,0
0.3102209,0
0.25845718,1
0.25388038,0
0.25560063,0
0.26599497,1
0.1791294,1
0.33488154,0
0.22183338,1
0.1946189,0
0.24828154,1
0.27680868,1
0.2889837,0
0.2482393,0
0.22017221,1
0.29773137,1
0.31649888,1
0.16325855,1
0.31570444,0
0.20493194,1
0.3229416,0
0.29096872,1
0.31325254,0
0.3238653,0
0.26214492,1
0.273757,0
0.27677587,1
0.31450427,0
0.30457255,1
0.32317296,0
0.31741136,0
0.29460245,0
0.20495012,1
0.29394126,1
0.35298556,0
0.30984372,0
0.2923746,0
0.19398937,0
0.24040887,1
0.3043705,0
0.29754382,1
0.25774604,0
0.30352426,0
0.20169172,1
0.29716724,0
0.3553172,0
0.24014544,1
0.22550707,1
0.25574908,1
0.37442666,1
0.21242361,0
0.3023479,0
0.33384722,0
0.2992488,0
0.28558552,0
0.21154635,1
0.34634727,1
0.36518413,1
0.3893584,1
0.32101583,0
0.28096804,1
0.2843088,0
0.163302,1
0.26864657,0
0.23113224,0
0.2255573,1
0.29282284,1
0.31084847,0
0.26596648,1
0.32255325,0
0.28274608,1
0.3302909,1
0.28103513,1
0.28333804,0
0.18572153,1
0.22747836,1
0.26216856,1
0.24810895,1
0.26209098,1
0.2304974,1
0.34031928,0
0.17819265,1
0.23249394,1
0.21706,1
0.30090535,0
0.27455905,0
0.18201783,1
0.3093605,0
0.3039814,0
0.22919247,1
0.2883237,0
0.32190865,1
0.19252232,1
0.27032065,0
0.32394072,1
0.32265776,0
0.33583072,0
0.25014943,0
0.2839737,1
0.28448066,1
0.3336645,1
0.27753025,0
0.31064904,0
0.3075938,0
0.24924052,1
0.37140465,1
0.32306617,1
0.31358236,1
0.25202385,0
0.3430354,1
0.24417233,0
0.33335698,0
0.28843597,0
0.36067384,0
0.32364023,0
0.39121532,1
0.34316453,1
0.33942872,0
0.28709993,1
0.3628797,0
0.2753535,0
0.31092578,0
0.3118453,1
0.2895121,0
0.19125216,0
0.27177483,0
0.2639008,0
0.3072767,0
0.23213086,1
0.20142835,0
0.31181562,1
0.26439187,0
0.1698299,1
0.18689375,1
0.40723407,0
0.31064498,1
0.2598657,1
0.28392884,1
0.24967733,0
0.30894282,0
0.2620765,1
0.2878633,0
0.28338486,0
0.3156156,0
0.19966403,1
0.25434524,1
0.28740886,0
0.22826111,0
0.20190114,1
0.32393706,0
0.3262388,0
0.2733758,1
0.30364925,0
0.27362537,1
0.19219235,0
0.37294465,0
0.17130113,1
0.33713257,0
0.29158354,0
0.3927241,1
0.25965494,1
0.30023715,0
0.2996843,0
0.3179103,0
0.3394383,1
0.2560837,1
0.18506196,1
0.18131678,1
0.26615006,0
0.2971322,1
0.26381534,0
0.28486437,0
0.20723891,1
0.21563177,1
0.36730638,0
0.24362803,0
0.20695913,1
0.28352684,0
0.30869707,0
0.25793156,0
0.23449239,0
0.19241962,1
0.27014738,0
0.24834757,0
0.3030675,0
0.36786455,0
0.22029471,1
0.2799724,0
0.23719072,1
0.24132279,1
0.27583355,0
0.3101555,0
0.27786338,1
0.25550926,0
0.24935082,0
0.37926215,1
0.20507853,1
0.28414273,0
0.2580844,1
0.22075918,0
0.38047075,0
0.25500455,0
0.2860334,1
0.30527705,0
0.25575453,1
0.3269999,0
0.27622432,0
0.2833476,1
0.22384548,1
0.27715474,0
0.28053707,0
0.29328066,1
0.32176507,0
0.1882323,1
0.24023464,1
0.18875557,1
0.23191252,1
0.29020375,1
0.26525423,1
0.33699718,0
0.31299266,0
0.23599389,1
0.35785586,1
0.3081696,0
0.28452176,1
0.23787034,1
0.2681965,1
0.22717819,1
0.35840538,1
0.25532645,1
0.36337894,1
0.19316943,1
0.22628066,1
0.26097044,1
0.34042856,1
0.19420716,0
0.25318548,1
0.19937986,0
0.36954096,1
0.24719475,1
0.2719688,0
0.32008356,0
0.28000128,1
0.3327528,1
0.27405745,0
0.29042095,1
0.28375137,0
0.2976659,1
0.20174024,1
0.27620125,1
0.29318005,0
0.28170148,0
0.24575487,0
0.11572839,1
0.30566394,0
0.22067718,1
0.2831756,0
0.28473496,0
0.2848252,1
0.23880948,0
0.3753736,0
0.27230355,0
0.29390466,1
0.3662976,0
0.3048873,0
0.22681838,1
0.27289334,0
0.30182746,0
0.24808201,0
0.21138625,0
0.29010662,1
0.27193698,0
0.293537,0
0.22874814,1
0.31299955,0
0.2557456,0
0.16325526,1
0.2838525,0
0.30872405,0
0.33490285,0
0.32317197,0
0.24157535,1
0.2858308,1
0.2052553,1
0.3207326,0
0.27212244,0
0.31788266,0
0.2742862,1
0.31057295,0
0.29675114,0
0.24974763,1
0.27715436,0
0.2904836,1
0.20615828,1
0.24527818,1
0.24434945,0
0.2817448,0
0.2758466,0
0.29094142,1
0.22534028,1
0.2664602,0
0.2893958,0
0.25849518,0
0.2952436,0
0.26128206,0
0.17538416,0
0.28382692,0
0.36564824,0
0.23585422,0
0.3533778,0
0.28725713,0
0.3521288,0
0.28983167,1
0.25375384,0
0.3038401,0
0.35313624,0
0.28619307,0
0.3503753,0
0.2952779,1
0.26792598,1
0.19622609,1
0.32747018,0
0.28745064,0
0.36666662,1
0.19943884,1
0.2730791,0
0.3269802,0
0.15503617,1
0.2208257,1
0.3382916,0
0.21496537,1
0.1756531,0
0.25415736,0
0.3182836,0
0.32053995,1
0.3101628,0
0.33972734,0
0.25193855,0
0.31963417,0
0.2844083,1
0.23347427,0
0.3378243,1
0.28724322,0
0.2262997,1
0.38237843,0
0.28329784,1
0.33208635,0
0.28721297,0
0.32107425,0
0.31324905,1
0.31837118,0
0.3236285,0
0.208101,1
0.31670162,1
0.2554435,0
0.37986314,1
0.17068811,1
0.30624962,0
0.30682796,1
0.31144863,1
0.3115346,0
0.28827304,0
0.2740419,1
0.28475928,0
0.15520301,1
0.2931538,0
0.30036163,1
0.30624396,0
0.29611284,1
0.23902476,1
0.30015016,0
0.31496882,0
0.21433988,1
0.24639204,0
0.3090413,0
0.2583566,1
0.29326278,1
0.15939753,1
0.30686194,0
0.33969837,1
0.26374865,0
0.32054716,0
0.3133745,0
0.25871164,1
0.35175058,1
0.33729282,0
0.30388412,0
0.23357448,1
0.24092299,1
0.3099339,0
0.22656949,1
0.22731172,0
0.26596895,1
0.34592384,0
0.18759212,1
0.23987481,0
0.30470294,1
0.26457912,1
0.27821118,0
0.26067618,0
0.36924148,0
0.3639984,0
0.24883617,1
0.25944048,1
0.34297782,0
0.26796603,0
0.27168143,1
0.2640494,0
0.27471516,0
0.16324665,1
0.29703432,0
0.21406099,0
0.24542144,1
0.2624146,0
0.29535967,1
0.13789105,1
0.27120915,1
0.34143877,0
0.27044624,0
0.2967375,1
0.21488376,1
0.2671402,1
0.20603791,1
0.29599246,0
0.2767288,0
0.32091123,0
0.23047782,1
0.3224615,0
0.305683,0
0.20967157,1
0.33060917,0
0.34490776,0
0.31548947,0
0.32432783,0
0.32746628,1
0.2912949,1
0.17984651,0
0.2509276,0
0.29720977,1
0.29193646,0
0.3274123,1
0.32839993,0
0.2425324,1
0.28019825,0
0.2819889,1
0.34089944,1
0.23812434,1
0.30914602,1
0.28056827,1
0.21886253,0
0.29219708,1
0.33176053,0
0.17947915,1
0.2757845,0
0.30554217,0
0.22496715,1
0.26015157,0
0.3049373,0
0.20963994,1
0.27763784,0
0.29264084,1
0.18265662,1
0.3224373,0
0.2449843,0
0.24723549,0
0.21299101,1
0.2800476,0
0.26802504,0
0.23882756,1
0.32898623,0
0.19101909,1
0.2632369,0
0.21083598,1
0.30419093,1
0.27663016,1
0.29364604,1
0.25687006,0
0.24346018,0
0.3159679,0
0.26017883,0
0.3325601,0
0.336995,0
0.25412914,0
0.2869373,0
0.2928913,0
0.27176064,0
0.30828226,1
0.31493622,0
0.27160725,1
0.3125181,1
0.25517118,1
0.25331968,0
0.30428183,0
0.29749233,0
0.25673494,1
0.2965089,0
0.22808751,1
0.23347658,1
0.31226236,0
0.1925648,1
0.28206894,0
0.32411757,0
0.27326697,0
0.28721014,1
0.3179478,0
0.35250306,0
0.14366195,1
0.28262526,0
0.20982638,1
0.25022176,0
0.2539174,1
0.2678217,1
0.32404456,0
0.28711534,0
0.15446302,1
0.25534785,0
0.30852878,1
0.26636228,1
0.23504236,0
0.27255398,0
0.19148806,1
0.25210062,1
0.24499005,1
0.3125844,1
0.31371978,1
0.26012856,0
0.33187371,0
0.23915029,0
0.34794942,0
0.29298228,1
0.24831873,0
0.35856748,0
0.25507486,0
0.31852165,0
0.30009636,0
0.3163759,0
0.28213975,0
0.3109085,1
0.3168317,1
0.31364754,0
0.3580761,0
0.28558946,1
0.30508336,0
0.31802997,0
0.24582951,0
0.17277128,1
0.2935267,0
0.21450564,1
0.19627872,1
0.19682504,1
0.24923918,1
0.17687382,1
0.32541412,1
0.2283152,1
0.38786632,0
0.26079762,0
0.24781013,0
0.27507403,0
0.2823508,1
0.24585079,1
0.2363357,0
0.38926053,0
0.21052073,1
0.21895245,1
0.35889694,0
0.21866366,1
0.25163645,0
0.2609753,1
0.38669646,0
0.21558625,1
0.3073985,0
0.25551373,0
0.23438291,1
0.31302935,1
0.2925951,0
0.30532846,0
0.28085643,0
0.3046556,0
0.36663032,0
0.22059485,1
0.31784892,0
0.3427025,0
0.2857128,0
0.2261154,1
0.3154862,1
0.06852153,1
0.36378428,1
0.2900188,1
0.24517342,1
0.28664392,1
0.25622886,0
0.28206962,0
0.37275806,1
0.2905872,0
0.35337418,0
0.22616996,1
0.34073842,0
0.313133,0
0.2915645,0
0.36524668,0
0.2881109,0
0.28684705,1
0.25386742,0
0.20727143,0
0.29081225,0
0.30984163,0
0.26443937,1
0.25454402,0
0.28798828,0
0.22011825,1
0.21195255,1
0.28099447,1
0.24490339,1
0.19520527,1
0.30910623,0
0.25188348,0
0.27787608,0
0.262561,1
0.2555719,0
0.23097281,0
0.20933868,1
0.3231002,0
0.33821347,0
0.25384986,1
0.29315704,1
0.28100318,0
0.26608276,1
0.32449916,1
0.2828309,0
0.20903942,0
0.29687974,0
0.35265023,0
0.24455205,1
0.19658385,1
0.19917288,1
0.3226462,0
0.28969246,0
0.31848478,0
0.2627508,1
0.1675128,1
0.245451,1
0.22267225,1
0.32280362,0
0.27040514,1
0.2323102,1
0.233194,1
0.29262716,0
0.3238184,0
0.28152102,0
0.30429715,1
0.20955324,1
0.3441176,0
0.36420196,1
0.18713789,0
0.32096794,0
0.2494696,0
0.20940492,1
0.16914669,1
0.27146938,1
0.30997324,0
0.19550562,1
0.29756573,1
0.2633353,0
0.29317558,1
0.24449329,0
0.27349207,0
0.3408204,1
0.29039836,0
0.38999417,1
0.32133305,0
0.22414218,0
0.31719244,0
0.25236446,0
0.20966539,1
0.26345992,0
0.30251896,0
0.2694991,1
0.29302338,0
0.28488123,1
0.33968762,0
0.28119612,1
0.32882917,1
0.3193159,1
0.36437467,1
0.21425647,1
0.33314034,0
0.31052536,0
0.30207458,0
0.3082176,0
0.3190973,0
0.2694551,0
0.27046084,0
0.26577294,0
0.32135928,0
0.29606456,1
0.3125971,0
0.32946038,0
0.2682797,1
0.26096356,0
0.27081752,1
0.25392598,1
0.28175753,0
0.20433517,1
0.24967055,0
0.27071,0
0.2425401,1
0.24764135,0
0.30549923,1
0.3018664,0
0.27663007,0
0.30405012,1
0.24254598,0
0.25977537,1
0.21481729,1
0.2227659,1
0.30358255,0
0.17574927,1
0.25526285,0
0.11737016,1
0.21290395,1
0.28347743,0
0.34776354,0
0.2617762,1
0.3249633,0
0.257177,1
0.3213539,1
0.19329557,1
0.27432758,0
0.25549555,0
0.29056442,0
0.31768218,0
0.41755462,0
0.23312387,1
0.32337633,0
0.22970198,1
0.28714913,0
0.25657466,1
0.31893057,0
0.17159396,1
0.22719818,1
0.3137049,1
0.27711976,0
0.3336898,0
0.23567206,1
0.270436,1
0.289011,0
0.26880616,1
0.25221306,1
0.29278284,0
0.22028185,0
0.11080147,1
0.1269724,1
0.15399994,1
0.24924402,1
0.1955803,1
0.30709964,0
0.3117404,0
0.25408036,1
0.3282932,0
0.14639458,1
0.3230795,0
0.2900071,0
0.2844916,1
0.21033135,0
0.33858225,0
0.27024978,1
0.27651554,1
0.3499092,0
0.33569673,0
0.22659442,1
0.27084887,0
0.26119196,1
0.24237405,1
0.25171497,1
0.28397715,1
0.21546052,1
0.3413487,0
0.27965364,0
0.33704537,1
0.27808076,1
0.28072762,0
0.24082771,1
0.3121565,0
0.24120931,0
0.31315696,0
0.19802327,1
0.15227963,1
0.32713646,0
0.2601175,1
0.28880015,1
0.27178067,0
0.3569207,1
0.2917174,0
0.266148,1
0.29884845,0
0.2849087,1
0.21134295,1
0.28035834,1
0.23540843,0
0.31016937,0
0.29660478,0
0.23011702,1
0.27296668,1
0.22149855,1
0.26112288,1
0.29104352,0
0.3305375,0
0.2537633,1
0.3688727,0
0.24438858,0
0.32729402,0
0.2823152,0
0.26640052,0
0.15325347,1
0.2956698,1
0.31813556,0
0.31421196,1
0.3285194,1
0.19240806,1
0.38491,1
0.31497198,1
0.20060286,0
0.22091387,0
0.29151875,1
0.34026456,0
0.20919666,1
0.3284564,0
0.34372374,0
0.2940691,0
0.2747183,0
0.23535044,1
0.2830542,0
0.25366378,1
0.36616844,0
0.29928526,0
0.30723202,0
0.31730768,0
0.34574798,0
0.24348134,0
0.34654716,0
0.26148912,1
0.36022303,0
0.24116234,1
0.1782276,0
0.3991242,0
0.3099678,0
0.2686808,1
0.35486335,0
0.33482647,0
0.32130122,0
0.23473151,1
0.31818947,1
0.30367187,0
0.33786833,1
0.2468926,0
0.18442509,1
0.2970523,0
0.20098196,0
0.32302827,0
0.28799468,0
0.35351267,0
0.3087489,0
0.31505033,1
0.19115417,1
0.28370818,0
0.18859246,0
0.28326234,0
0.36124828,1
0.35607457,1
0.28811854,1
0.2992939,1
0.22624989,1
0.31300902,0
0.34804603,1
0.20283005,1
0.26376677,0
0.28454977,0
0.21679617,0
0.22917518,1
0.25241852,1
0.24475569,1
0.3455847,0
0.3334536,0
0.13849661,1
0.28708228,1
0.21380351,0
0.26139453,1
0.3038231,1
0.3289943,1
0.28153488,0
0.26757088,0
0.31181473,1
0.2617468,1
0.2996177,0
0.3224936,0
0.2501701,1
0.32355493,1
0.18654501,1
0.26700616,1
0.28471047,0
0.26446462,0
0.28881508,0
0.28692746,1
0.1915012,1
0.26334417,0
0.20044997,1
0.1768124,0
0.22162071,1
0.32996482,1
0.30471247,1
0.24629822,0
0.28575316,0
0.3464949,1
0.2780886,1
0.34888774,1
0.31338048,0
0.31484467,0
0.29729515,0
0.2196012,1
0.23984547,0
0.24448577,1
0.30899516,0
0.23587838,1
0.34540927,0
0.20627321,1
0.29691893,0
0.3161909,1
0.31052548,0
0.29940766,0
0.27037996,1
0.26833165,1
0.3213817,0
0.2565606,1
0.28751642,0
0.260584,0
0.35634238,0
0.19136995,1
0.3275653,0
0.38089675,1
0.30748886,0
0.23935503,1
0.30742604,0
0.19381885,0
0.288217,0
0.38724217,0
0.29040277,0
0.3404135,0
0.14621723,1
0.23122497,0
0.3010142,0
0.25553328,0
0.25563848,1
0.30829445,0
0.2728587,1
0.30051446,1
0.2464383,0
0.27362782,0
0.32367,0
0.18901281,1
0.20571676,1
0.31280288,0
0.26858062,1
0.25520992,0
0.30724686,1
0.28830004,0
0.2622191,1
0.31623277,0
0.24543023,0
0.3564649,0
0.20030528,1
0.2982409,0
0.19540402,1
0.28461987,0
0.25671437,1
0.24330693,1
0.3247704,0
0.27497056,0
0.2135385,1
0.24310601,1
0.26860133,1
0.29191166,0
0.26354676,1
0.26378924,1
0.2918162,1
0.29678965,1
0.25760716,1
0.27252716,0
0.33906013,0
0.32233164,1
0.3244831,1
0.2552667,1
0.13353215,1
0.17056005,1
0.20684232,1
0.30966264,1
0.27680504,0
0.23623046,0
0.29331675,0
0.27282962,0
0.15835041,1
0.21963829,1
0.29573518,0
0.31512225,0
0.31494775,1
0.31939623,0
0.25599986,1
0.35710216,0
0.32703114,0
0.3260933,0
0.3399259,0
0.2910153,0
0.2975356,0
0.3133998,0
0.28287232,0
0.2634044,0
0.2582474,1
0.33810943,0
0.32641786,1
0.20406707,0
0.2825703,1
0.36540914,1
0.19754463,1
0.2209287,0
0.28008223,0
0.23851112,0
0.29326975,1
0.25505865,0
0.27048314,1
0.25259736,1
0.247644,1
0.2266081,0
0.2835821,1
0.25593352,1
0.31765863,0
0.2720996,0
0.31776386,0
0.3641366,0
0.26202497,1
0.24787498,1
0.21922508,1
0.2619269,0
0.19574061,1
0.34006378,1
0.22959033,1
0.36885184,0
0.29729903,0
0.32358927,0
0.1821227,0
0.19659528,1
0.23340051,0
0.13202663,1
0.3577207,0
0.25379804,0
0.31065547,0
0.28051108,0
0.29986644,0
0.23003265,1
0.3372981,0
0.28714105,0
0.312756,0
0.28644514,0
0.28086513,1
0.26764184,0
0.23169066,1
0.3523559,0
0.26953426,0
0.2898151,0
0.36057287,0
0.24230757,0
0.2998551,0
0.35753942,1
0.26650554,0
0.28434432,1
0.24863571,1
0.16251847,1
0.26223442,0
0.18426725,1
0.35009617,0
0.35024914,0
0.3307969,0
0.27468252,1
0.29280537,0
0.32509002,0
0.278242,1
0.2709445,0
0.24747229,0
0.32843912,1
0.2518109,1
0.32034153,0
0.29957452,0
0.26542932,1
0.3162722,1
0.23047563,1
0.2383222,1
0.16632792,1
0.22595352,0
0.29731768,0
0.30757505,0
0.23820001,1
0.19630702,0
0.32342935,1
0.3003134,0
0.3113463,0
0.3071465,0
0.29950643,0
0.25695595,0
0.26657373,1
0.19515435,0
0.29852012,0
0.1825786,1
0.25639287,1
0.24379438,1
0.22430001,0
0.27367806,1
0.19321525,1
0.31521863,1
0.3658674,1
0.29236048,0
0.3386311,1
0.16422093,0
0.17223468,1
0.20338574,1
0.2827983,1
0.27570713,0
0.2819193,1
0.31459457,1
0.31066358,0
0.28682435,1
0.2884369,1
0.2800566,0
0.30598545,0
0.32992142,0
0.19334307,1
0.259988,0
0.2059626,1
0.3465053,0
0.27512658,0
0.3272633,1
0.26202902,1
0.23137693,1
0.29741678,0
0.2192013,1
0.32100606,0
0.33511806,0
0.27201748,0
0.28302503,1
0.30920514,1
0.24082404,1
0.30428287,0
0.25824586,1
0.15610608,1
0.296521,0
0.31166297,0
0.29046488,0
0.33271468,0
0.36356443,0
0.28737387,0
0.24282855,0
0.22612983,1
0.26538977,0
0.2314732,1
0.302175,0
0.33314312,0
0.40024966,0
0.301008,1
0.2607308,1
0.30716962,0
0.2773044,0
0.33213055,0
0.28918797,0
0.23467188,1
0.19166191,1
0.25816175,0
0.18753631,1
0.27630976,0
0.2907045,0
0.23079771,1
0.28058454,1
0.33341506,0
0.31608522,0
0.2510796,1
0.26261237,1
0.28072333,0
0.30306065,1
0.25267896,1
0.29412767,0
0.36295035,0
0.34082365,1
0.4005578,0
0.24989474,1
0.28461376,1
0.22754607,1
0.33279026,0
0.19094789,1
0.30357653,1
0.30960655,0
0.27325875,0
0.20403618,1
0.28964823,0
0.2284686,0
0.31757355,1
0.31498516,0
0.35306132,0
0.17058516,1
0.32249355,1
0.31946984,1
0.30645895,1
0.27282214,0
0.21277678,1
0.38260695,1
0.26467252,0
0.28790373,0
0.18893328,1
0.18634573,1
0.23996653,1
0.30491784,1
0.25924864,0
0.28739858,0
0.3131374,0
0.2910074,0
0.26948097,1
0.30927506,0
0.19347917,1
0.27170566,0
0.17672642,0
0.33404195,0
0.22555009,1
0.28081113,0
0.23013853,1
0.28948772,0
0.25137198,1
0.32006288,0
0.3242889,0
0.27408773,0
0.2626453,1
0.26128343,1
0.34568596,0
0.20397463,1
0.17324547,1
0.22429152,0
0.28342575,0
0.23144574,1
0.31121594,1
0.26146224,0
0.28699476,0
0.2516713,1
0.29861563,0
0.3012195,0
0.25926125,1
0.20078194,1
0.2194302,1
0.2513508,0
0.2280584,0
0.2326392,0
0.18446311,1
0.34556842,1
0.33515716,0
0.30922326,0
0.22134317,0
0.29244167,0
0.30803046,0
0.2930883,1
0.2906321,0
0.26746935,0
0.29628712,0
0.23170707,1
0.19757286,0
0.25171968,0
0.24738206,0
0.31532544,0
0.25648707,1
0.34745333,1
0.3057043,1
0.24492943,1
0.28965443,0
0.31324673,1
0.3028416,0
0.18131095,1
0.30054015,1
0.26733834,0
0.3625324,0
0.3151672,0
0.2589913,0
0.25490704,1
0.27697152,0
0.22651502,1
0.33811718,0
0.37295222,0
0.26979265,0
0.2734147,0
0.3158239,0
0.24700165,0
0.19276424,1
0.37755182,0
0.21903414,1
0.2605357,0
0.30643633,1
0.28770489,0
0.30350804,0
0.29594678,0
0.22704044,0
0.30256343,0
0.31335762,0
0.25970325,0
0.28116238,0
0.2922712,0
0.21837611,0
0.21218204,1
0.21159537,1
0.34801507,1
0.28954327,0
0.2751248,1
0.3296584,1
0.16730721,1
0.24168119,1
0.26809344,0
0.34089124,0
0.20554802,1
0.22616115,1
0.19515933,1
0.2742608,1
0.30166388,0
0.32117367,1
0.2469616,1
0.21773693,1
0.32677132,1
0.2757626,0
0.34239414,0
0.30707937,0
0.24773088,0
0.3150965,1
0.20992541,1
0.25001186,1
0.20674157,1
0.31578818,0
0.30529952,0
0.2830518,0
0.20114851,1
0.3050611,0
0.19558531,1
0.2729386,1
0.25290948,0
0.29892993,0
0.35024792,0
0.31732383,0
0.2661457,0
0.16368163,1
0.1989267,1
0.31916648,1
0.27942795,0
0.32621408,1
0.29012424,0
0.32422405,0
0.28604966,0
0.24028584,1
0.30307657,1
0.26001066,1
0.24594884,0
0.35879663,0
0.25969273,1
0.17425215,1
0.23505443,1
0.22199225,1
0.29456413,0
0.30429167,0
0.2868706,0
0.2943135,0
0.26461622,0
0.16864571,1
0.36384243,0
0.35497195,0
0.2558369,1
0.29628772,0
0.28536725,0
0.31885755,1
0.16856411,1
0.28425652,0
0.3074917,0
0.30838636,1
0.33103737,0
0.25640088,0
0.2722594,1
0.2440396,1
0.2041424,1
0.2933104,0
0.21352062,1
0.1968562,1
0.3058429,0
0.3015245,1
0.29487306,0
0.31215858,0
0.2431682,0
0.27625442,0
0.23900458,1
0.28859973,1
0.23714821,1
0.32374245,0
0.27462292,0
0.3122373,0
0.2055773,1
0.27700642,0
0.29918727,0
0.2609325,0
0.2855968,0
0.36888903,0
0.2631741,0
0.298914,0
0.24197824,0
0.323542,1
0.28218302,1
0.24090233,0
0.30253083,0
0.2790957,1
0.28510973,0
0.26892817,1
0.2902007,0
0.3368612,0
0.24143317,1
0.34164318,1
0.25683075,1
0.33293784,0
0.28296846,1
0.23360454,0
0.3552811,0
0.20570455,1
0.22854789,0
0.3515036,0
0.23762289,1
0.28630868,0
0.25500837,0
0.26856673,1
0.3059214,1
0.31445363,1
0.29707754,1
0.32277548,0
0.238172,0
0.3078232,0
0.23623116,1
0.22776708,1
0.31188646,0
0.24574262,0
0.310894,0
0.30160615,1
0.3227181,0
0.3104629,0
0.27216914,0
0.23696652,0
0.3075962,0
0.2792787,1
0.35179973,0
0.23987195,0
0.34429687,0
0.29133147,1
0.25936162,1
0.2664302,0
0.2821486,0
0.3870265,0
0.17193891,1
0.20835188,1
0.25676718,1
0.23659673,1
0.2454974,1
0.30348364,0
0.25918975,1
0.25800374,0
0.29888934,1
0.2894246,0
0.2872537,0
0.2241041,1
0.38349062,1
0.27747875,0
0.2725119,1
0.23446205,1
0.1647563,1
0.31850404,0
0.261245,0
0.31580108,0
0.3057172,0
0.36031824,1
0.37652475,1
0.3078495,1
0.25526664,1
0.27365744,1
0.29462934,0
0.2425134,0
0.30108815,1
0.26623544,0
0.26655433,0
0.29819041,0
0.23054826,0
0.32423973,0
0.25163186,0
0.34815884,1
0.31933707,0
0.31281716,0
0.33331743,0
0.25398886,0
0.373546,0
0.2854273,1
0.2923661,0
0.2772419,0
0.31529683,0
0.25000006,1
0.25292817,0
0.29319885,0
0.2686069,0
0.37024662,0
0.2618816,0
0.1423037,1
0.31267834,0
0.24436486,0
0.3297694,0
0.25746778,1
0.20367694,0
0.33682856,0
0.29758817,1
0.24725527,0
0.30453515,1
0.18919572,1
0.28801113,0
0.328464,0
0.2603087,0
0.27912644,0
0.25312728,1
0.28743762,0
0.33707535,1
0.2779366,1
0.29184648,1
0.33558887,0
0.23846492,1
0.2370761,1
0.2727536,0
0.32242596,0
0.3311159,0
0.2849455,1
0.26612866,1
0.34703714,0
0.31615755,0
0.27318418,0
0.2628286,1
0.2793561,0
0.30185956,0
0.29826045,1
0.2870363,0
0.3558703,0
0.28351814,0
0.30746013,1
0.3147887,0
0.21990523,1
0.30640674,1
0.19538638,1
0.30360043,1
0.32398063,0
0.20940615,1
0.31378946,1
0.2586673,0
0.2941021,0
0.2149023,1
0.2147891,0
0.27546084,0
0.25368518,0
0.2982201,0
0.33779266,0
0.3466878,1
0.24349526,1
0.24983987,1
0.35354877,1
0.1845095,0
0.30619168,0
0.25883254,1
0.26003498,1
0.23688412,0
0.36123773,0
0.26124188,0
0.21677649,0
0.35424295,0
0.24375062,1
0.24556965,1
0.31981596,1
0.36043,0
0.18235245,1
0.34986922,1
0.32156926,1
0.25639096,1
0.23427814,0
0.23063129,0
0.2993329,0
0.21817783,1
0.19332811,1
0.3439053,1
0.23796555,1
0.2933196,0
0.27332574,0
0.40905607,1
0.36391357,0
0.32721615,1
0.28826886,0
0.1720685,1
0.21752435,1
0.17009225,1
0.23689619,0
0.25107044,0
0.29687226,0
0.28406236,0
0.24742195,1
0.2843543,1
0.3766805,0
0.27687785,1
0.24693939,1
0.25086716,0
0.24194428,1
0.25254402,1
0.2643184,1
0.20052056,0
0.28589663,1
0.30651757,1
0.22215085,1
0.30555618,0
0.36919615,0
0.32144076,1
0.35792798,1
0.22159125,1
0.3287138,0
0.3484968,1
0.24041578,0
0.30231532,0
0.28027,0
0.23870529,1
0.29049635,1
0.24186388,1
0.34847438,1
0.10852097,1
0.31573114,1
0.32353318,0
0.17222604,1
0.25445414,1
0.18081938,1
0.25500584,0
0.200842,1
0.28631538,0
0.28062254,1
0.23269147,0
0.29030752,0
0.25894767,1
0.18255539,1
0.23815112,1
0.30888635,0
0.23316064,1
0.32315063,0
0.27777395,1
0.22724858,1
0.33381492,0
0.36590433,0
0.29527766,0
0.27935392,0
0.2890463,1
0.30341333,0
0.1843242,1
0.19462782,1
0.31724083,0
0.24662074,0
0.25016326,0
0.32395574,1
0.21738714,1
0.22961843,0
0.3499218,0
0.2950785,0
0.2509402,1
0.25065494,1
0.3476972,0
0.30242816,0
0.25742078,0
0.17744145,1
0.3242527,0
0.3766964,0
0.1938737,1
0.28403115,0
0.2500453,0
0.3423172,0
0.19282366,1
0.27928784,1
0.19836552,1
0.26601493,1
0.25290537,0
0.21768995,1
0.17525049,0
0.19336587,1
0.33477896,1
0.30312508,0
0.23625596,1
0.29263875,0
0.2893507,0
0.23107326,1
0.3076744,1
0.21877682,0
0.18325537,1
0.31629747,0
0.3362679,0
0.3277933,0
0.29092616,1
0.2999709,0
0.19926694,1
0.27355754,1
0.26592195,1
0.20991656,1
0.2747506,1
0.30632085,0
0.31630653,1
0.27017784,0
0.3042954,0
0.33701462,1
0.21387799,0
0.32233158,0
0.29227102,0
0.20745902,1
0.37914008,0
0.32485995,0
0.26541683,1
0.33733052,0
0.35947698,0
0.24360904,1
0.31335974,0
0.26567286,0
0.2505175,0
0.24727935,1
0.30345586,0
0.339607,1
0.29904163,0
0.27364644,0
0.17144465,1
0.3032028,0
0.25990614,1
0.32805425,1
0.22828406,1
0.29547393,0
0.2769623,0
0.25210243,0
0.19712153,1
0.2849397,1
0.2724172,0
0.2945627,1
0.14280689,1
0.2937515,0
0.22354019,1
0.35193667,0
0.31110814,0
0.26193732,0
0.32406113,0
0.31363165,1
0.23099856,0
0.34614533,0
0.277147,0
0.23122871,0
0.30942023,1
0.28362703,0
0.29965365,1
0.3329075,1
0.28269246,1
0.325365,0
0.27425197,0
0.21499678,1
0.29088256,0
0.2996592,1
0.30310696,0
0.19418526,1
0.27327448,0
0.36698765,1
0.29918084,0
0.29000184,0
0.3128428,1
0.37595263,1
0.3237271,0
0.32384837,0
0.23768753,0
0.2168418,1
0.27613908,0
0.34873185,0
0.28064004,0
0.24575908,1
0.299901,0
0.26152116,0
0.22690113,0
0.2826752,0
0.23611623,1
0.30800173,0
0.27933598,1
0.33714187,0
0.30870628,0
0.29147667,0
0.31311792,0
0.24135455,1
0.33832616,0
0.26051995,0
0.33282965,0
0.36436132,1
0.17954749,1
0.31795016,0
0.19777544,1
0.3589502,1
0.2841341,1
0.25086567,0
0.26279262,1
0.25875342,0
0.37967482,1
0.350901,0
0.3443553,0
0.26806027,0
0.26488858,0
0.2800187,0
0.31004378,0
0.23633444,1
0.31950337,1
0.3061386,0
0.1774723,1
0.28235474,0
0.2552808,1
0.31686935,1
0.2641224,1
0.16761687,1
0.34193105,0
0.24697536,1
0.3156867,1
0.30724096,0
0.34020814,0
0.3153915,1
0.32706243,1
0.28907368,0
0.31348026,0
0.23167998,1
0.33931604,0
0.35616797,0
0.29252267,1
0.2536907,0
0.33499986,0
0.2992112,0
0.21572082,1
0.15710288,1
0.19307336,1
0.0962739,1
0.2869704,0
0.31287533,1
0.21592477,1
0.26375535,1
0.27036476,0
0.26417476,0
0.25499701,1
0.37926126,1
0.23507039,0
0.379781,0
0.2632531,0
0.32353032,1
0.3211313,1
0.22802563,0
0.3102526,0
0.27509028,0
0.16341056,1
0.28509128,0
0.29201347,0
0.29180294,1
0.3265823,1
0.20487484,1
0.20569894,1
0.3036921,0
0.26041937,1
0.1991974,0
0.28700364,0
0.24166329,1
0.31981647,0
0.27832988,0
0.3218825,0
0.27605838,0
0.1929786,1
0.36328983,1
0.22938152,1
0.2089003,1
0.2877485,0
0.19726841,1
0.33838215,0
0.25514603,0
0.223614,0
0.30475193,1
0.35252124,0
0.32985827,0
0.31761426,0
0.33716726,0
0.29155377,0
0.24851161,1
0.25716567,1
0.2862178,1
0.32171714,0
0.16679566,1
0.31266958,1
0.17370827,1
0.2856578,0
0.23613542,1
0.2720516,0
0.27627453,1
0.27523646,0
0.23152086,0
0.2872938,1
0.27884087,0
0.24389169,0
0.27068707,0
0.2514237,1
0.3243392,0
0.2754807,1
0.2534378,1
0.3108509,0
0.29801863,1
0.30730847,0
0.31324533,0
0.31379318,1
0.27539283,1
0.15816969,1
0.25193375,1
0.28292432,1
0.23433614,0
0.36744365,0
0.33059388,1
0.32125145,1
0.22208612,1
0.28674006,1
0.30012286,1
0.27497256,1
0.31250283,0
0.29347396,0
0.1848918,1
0.3422016,0
0.28799832,0
0.259223,0
0.21125059,1
0.23209113,1
0.26275998,0
0.24580255,1
0.29659,0
0.23400772,1
0.30497748,0
0.24672922,1
0.2560978,1
0.36857677,0
0.22818743,0
0.23924926,1
0.32597888,0
0.2563334,0
0.26248747,0
0.28374636,0
0.32090646,0
0.23976642,1
0.20616853,1
0.33704656,0
0.31246936,0
0.29430407,0
0.19832367,0
0.2822869,0
0.2812214,0
0.19356485,1
0.29485857,0
0.32843018,0
0.2927085,0
0.19750679,0
0.302298,0
0.32836843,0
0.32441926,1
0.25685474,1
0.25989437,1
0.32580793,1
0.29807335,1
0.24458686,1
0.29004076,0
0.2799885,0
0.299417,1
0.27333185,0
0.27011448,1
0.27009797,1
0.27087915,0
0.27751416,0
0.17187242,1
0.30209485,1
0.16132927,1
0.27306697,1
0.23978247,1
0.28675628,0
0.31090426,0
0.3064175,1
0.28398597,0
0.26063758,1
0.34225273,1
0.26389572,1
0.28819716,0
0.37205255,1
0.25823253,1
0.29086477,1
0.2219058,1
0.40506232,1
0.37162364,0
0.18438435,1
0.24647167,1
0.29980436,0
0.25368196,1
0.31911194,0
0.21551451,1
0.20406622,0
0.34324977,1
0.23430881,0
0.34891945,0
0.31550276,1
0.30021486,0
0.2977668,1
0.30083933,0
0.27800894,0
0.18443489,0
0.32880744,1
0.34324762,1
0.17606637,0
0.15788041,1
0.36893585,0
0.29085925,1
0.26376078,0
0.2665903,1
0.27853566,1
0.27448553,0
0.34282428,0
0.23367077,0
0.32647723,0
0.25083187,0
0.3299634,1
0.23523694,1
0.3391282,0
0.29052067,0
0.2834082,0
0.19529665,1
0.3476092,0
0.21798322,0
0.34299284,1
0.34034157,0
0.2718175,0
0.33084807,0
0.32473788,1
0.26481235,1
0.37392145,0
0.18651369,0
0.23842403,1
0.20969017,1
0.28541046,1
0.23338228,0
0.24337596,1
0.17916727,1
0.23979184,1
0.24290612,0
0.3517984,1
0.24996749,1
0.30782533,1
0.27480143,1
0.38065183,0
0.27009815,1
0.3199493,1
0.2115546,0
0.13717195,1
0.28718597,0
0.28253034,1
0.30074358,1
0.3120367,0
0.28819346,0
0.29516,0
0.28052774,0
0.26146758,0
0.23155454,1
0.34455857,0
0.26446533,1
0.29076776,0
0.24970114,0
0.32489008,0
0.2941947,0
0.2861582,0
0.2538033,0
0.2677976,0
0.3024186,1
0.25050083,1
0.27714399,0
0.3626271,0
0.30489165,0
0.2506209,0
0.28107914,1
0.25373304,1
0.25774932,1
0.2731745,0
0.19381511,0
0.23390353,1
0.24219632,1
0.18805566,1
0.32088956,0
0.28793585,0
0.27006397,1
0.19810349,1
0.2803859,0
0.31221634,0
0.27204353,1
0.34433407,0
0.23537934,1
0.31500313,0
0.21070346,0
0.311962,1
0.23044576,0
0.27760157,1
0.30053917,1
0.31081808,0
0.28488398,1
0.23993878,1
0.19530675,0
0.2596997,0
0.3582086,1
0.2746312,1
0.3183346,0
0.20663604,0
0.23409803,0
0.31360006,0
0.30332977,0
0.29814714,0
0.2896952,0
0.2782893,1
0.30582964,0
0.22814283,1
0.17882185,1
0.20689468,0
0.23896751,0
0.28835717,0
0.24161506,1
0.24765648,1
0.2058256,1
0.27864987,1
0.28955963,0
0.24480784,0
0.27632686,1
0.31683382,1
0.22745223,0
0.31073347,1
0.23628663,1
0.22688335,0
0.17990837,1
0.20062245,1
0.23358539,1
0.31701678,0
0.20266652,1
0.26809156,0
0.1851382,1
0.28455025,0
0.33646175,1
0.30921718,0
0.272947,0
0.32070172,0
0.37629604,1
0.13870393,1
0.22233741,0
0.21001646,1
0.29539323,0
0.27509364,1
0.32009476,0
0.31744748,1
0.23292285,0
0.28170335,0
0.27518448,0
0.2800092,0
0.22920507,0
0.28021467,0
0.22128254,1
0.28120276,0
0.3250832,1
0.2058689,1
0.20276794,1
0.27538925,0
0.33060983,0
0.20814902,1
0.36944538,0
0.3701071,0
0.27309602,0
0.37153476,0
0.31001186,0
0.19538902,1
0.29098055,0
0.33593506,1
0.22353749,1
0.30977434,0
0.33511165,0
0.23329815,0
0.27008712,1
0.3554461,1
0.20188396,1
0.33413908,0
0.14440036,1
0.29657656,0
0.31389055,0
0.29063183,0
0.28183565,0
0.16826303,1
0.33608586,0
0.26548335,0
0.3535902,1
0.26482865,1
0.28970897,0
0.30068332,0
0.29744145,0
0.22920111,0
0.2621284,1
0.26636416,1
0.3466848,0
0.18447703,0
0.29558948,0
0.2992195,1
0.25314063,1
0.28259456,1
0.31594637,0
0.15357782,1
0.25663742,0
0.29309252,0
0.29754037,0
0.22993,1
0.25225082,1
0.2911533,1
0.28203863,1
0.2600333,1
0.345547,0
0.27804235,1
0.28779107,1
0.26011884,0
0.257284,0
0.26069823,0
0.27711174,0
0.32940978,0
0.3972001,1
0.31770638,0
0.32481998,0
0.25833738,1
0.3323453,0
0.32381976,0
0.14959607,0
0.27036136,0
0.2903319,0
0.21759123,1
0.24640808,1
0.21520685,1
0.29981613,0
0.3401118,0
0.20255813,1
0.19268882,1
0.24827816,0
0.28399715,0
0.28808075,0
0.2821276,0
0.28341055,0
0.34019673,1
0.29546538,0
0.30481365,0
0.24457145,0
0.27179605,0
0.31497437,0
0.31313208,1
0.31165564,1
0.24684957,1
0.29812664,1
0.2788096,0
0.24307476,1
0.28503934,0
0.32098728,1
0.3241075,0
0.26475132,0
0.283242,0
0.25393194,0
0.33071995,1
0.29748264,0
0.2782121,1
0.29921305,0
0.32150912,0
0.18621379,1
0.15363908,1
0.3284979,0
0.38470733,0
0.2995968,0
0.28738844,1
0.20132595,1
0.32334864,0
0.20043078,0
0.29296988,0
0.18764743,1
0.26231927,0
0.30404222,0
0.35335344,0
0.1664726,1
0.3463939,0
0.23872007,0
0.14082722,1
0.23996046,1
0.30393922,1
0.23507866,1
0.28397113,0
0.22220977,1
0.26589262,0
0.31004745,0
0.255044,0
0.32134944,1
0.27579546,1
0.23712328,1
0.36740917,0
0.28805923,1
0.19924904,1
0.34703588,1
0.30185753,1
0.29679728,1
0.19329605,1
0.309937,0
0.3573322,0
0.24404769,1
0.21118616,1
0.31382143,1
0.27943498,0
0.35817063,1
0.3401082,0
0.29924884,0
0.27902585,0
0.3542555,0
0.35023248,1
0.22758043,1
0.37731403,0
0.33645877,0
0.16318956,1
0.17816687,1
0.27937692,0
0.27685028,0
0.23541535,1
0.2659602,1
0.33839297,0
0.29414302,0
0.2604161,1
0.29351813,0
0.34634858,0
0.23871747,1
0.20499939,1
0.23212554,0
0.28253162,1
0.35603806,0
0.29941627,1
0.32655203,0
0.32413292,0
0.28961408,1
0.3273909,0
0.3378954,0
0.23871496,1
0.18886067,1
0.33458382,0
0.17274953,1
0.21823378,1
0.14012843,1
0.35031897,1
0.23177226,1
0.31442827,0
0.24314106,1
0.33818942,1
0.26298296,0
0.293889,1
0.24782905,1
0.18499593,1
0.3304696,0
0.2532676,0
0.29411936,1
0.35251907,0
0.27822554,1
0.30238175,0
0.33747178,0
0.35358053,0
0.30271733,0
0.19586986,0
0.2941483,0
0.30449748,0
0.2666425,1
0.2449367,1
0.21588866,1
0.14415464,1
0.2320903,1
0.16601901,1
0.31467286,0
0.24565229,0
0.32128155,1
0.25326467,1
0.34016913,0
0.3659821,0
0.3299345,0
0.22799487,0
0.19955847,1
0.31384403,1
0.36320788,1
0.3368743,0
0.32988822,0
0.3259864,0
0.2873543,0
0.3258897,0
0.24053542,0
0.25026542,0
0.28043538,0
0.30303937,1
0.22438607,0
0.30574137,1
0.31683207,1
0.19752517,1
0.21819478,1
0.3397249,0
0.31347683,0
0.24245992,0
0.2373908,0
0.34757584,0
0.20626128,1
0.17782032,1
0.1820451,1
0.21206006,1
0.36689168,0
0.2521905,0
0.29127645,0
0.2976914,0
0.21705467,1
0.29697302,1
0.24021286,0
0.24956146,1
0.30149832,1
0.3251087,0
0.3002386,1
0.32343766,0
0.29397413,1
0.26921985,1
0.28420132,1
0.24479917,0
0.20379686,1
0.25904348,0
0.31080616,0
0.25666472,0
0.25463188,1
0.30185795,0
0.24754499,1
0.18354699,1
0.3209096,0
0.31098557,0
0.32435456,0
0.22374025,1
0.2641927,0
0.24244773,1
0.33334845,0
0.3307466,0
0.23649906,0
0.31438392,1
0.30657256,0
0.24535736,1
0.33760583,0
0.19726892,0
0.34103882,1
0.2310721,1
0.30144393,1
0.26825237,0
0.32419467,1
0.2983259,0
0.22942677,0
0.3937657,1
0.2657585,0
0.28928646,0
0.22001402,1
0.29553714,0
0.33911878,0
0.31120953,0
0.21234146,1
0.3063092,1
0.28494757,0
0.37305987,1
0.3422979,0
0.34056467,0
0.27520946,1
0.1920883,0
0.19281924,1
0.30781692,1
0.28410032,0
0.3373375,0
0.22174396,1
0.32827768,0
0.33112425,0
0.21200892,1
0.22586073,1
0.19159621,1
0.252435,1
0.3043158,0
0.2461099,0
0.27430773,0
0.19420233,0
0.33841562,1
0.2755543,1
0.3245564,1
0.34987748,0
0.3567084,0
0.34143993,0
0.30751926,0
0.3214745,1
0.24200493,1
0.33883697,0
0.25921005,0
0.32738012,0
0.31097138,0
0.26235366,0
0.2535748,1
0.28720042,1
0.3303638,1
0.32158718,1
0.27511576,0
0.305529,0
0.28149524,0
0.26705825,0
0.26427132,1
0.36793828,0
0.16838111,1
0.2774445,0
0.1527473,1
0.32319248,0
0.13631164,1
0.23690626,1
0.30062464,1
0.29285452,0
0.2711298,0
0.23528191,0
0.28928375,1
0.19573809,1
0.33904135,0
0.2707381,0
0.28904614,0
0.31064433,0
0.31459308,0
0.23212664,1
0.30842447,1
0.1809258,1
0.3340308,1
0.278969,1
0.3654325,0
0.2705842,1
0.16407122,1
0.31815684,1
0.2189,1
0.26784286,0
0.33678883,1
0.25463742,1
0.2761953,0
0.30467504,0
0.2491534,0
0.2923736,1
0.31803352,0
0.33062404,0
0.32914367,1
0.35514778,1
0.2595744,1
0.25818416,1
0.31071338,0
0.32520568,0
0.31938586,0
0.28866917,1
0.2861932,0
0.28402725,0
0.3160364,0
0.30377564,0
0.2400398,0
0.3147302,0
0.2660219,1
0.3410942,1
0.26127088,1
0.30170262,0
0.26918378,1
0.25798142,1
0.37635994,0
0.2848621,1
0.3290968,0
0.28542638,0
0.17788295,1
0.26872742,0
0.2935171,0
0.2359058,1
0.27618605,0
0.25485757,0
0.32228607,1
0.32469356,0
0.18014196,1
0.3345218,0
0.34049642,1
0.28610653,1
0.37233865,0
0.32594043,1
0.1862351,0
0.27163067,1
0.24709332,0
0.31030598,0
0.27142525,0
0.25150177,1
0.21428803,1
0.30309403,1
0.2495307,1
0.3084189,0
0.32797498,1
0.26430285,1
0.18338966,0
0.32883674,1
0.3169362,0
0.22144386,1
0.34931928,0
0.31562746,0
0.3128168,0
0.30569574,0
0.1931338,0
0.252729,1
0.24920627,0
0.26372495,1
0.28658283,0
0.18206832,1
0.34421277,0
0.28446138,0
0.286609,0
0.24491297,1
0.25395513,0
0.2819612,0
0.23306401,1
0.31199306,0
0.19016606,1
0.28391594,1
0.27976328,0
0.36149225,0
0.24347514,0
0.3051707,1
0.24510428,1
0.2707229,0
0.24442068,0
0.17956561,1
0.20950015,0
0.23985152,1
0.273574,1
0.3310954,0
0.33286482,0
0.33066934,1
0.36821824,0
0.29708463,1
0.2309581,0
0.31672433,0
0.3401235,0
0.21480592,1
0.28426647,0
0.2351312,0
0.3225333,0
0.30054647,1
0.3453409,0
0.18059115,1
0.24811131,1
0.32092693,1
0.2194747,0
0.1346049,1
0.3791959,0
0.2819668,0
0.20084164,0
0.2888894,0
0.29549858,0
0.34095046,0
0.25259936,0
0.29954007,0
0.30916852,0
0.2030049,1
0.37116176,0
0.3506816,0
0.2972613,0
0.2587897,1
0.18467519,1
0.30852646,1
0.2814359,0
0.31880605,0
0.2174176,1
0.32923132,0
0.3272532,0
0.32618046,1
0.34181356,0
0.3201657,1
0.18544255,1
0.3310824,0
0.34066153,1
0.23185545,1
0.3147385,0
0.19255951,1
0.29482007,0
0.25008896,1
0.360626,1
0.2563454,1
0.25356317,1
0.19130404,1
0.31516173,1
0.23583281,1
0.26982573,1
0.2660089,0
0.22853169,1
0.3538106,0
0.334015,0
0.2647782,0
0.31957704,1
0.22505933,0
0.22316968,1
0.36899072,0
0.2657817,1
0.30132625,0
0.2605719,1
0.1378122,1
0.2788841,0
0.18551528,0
0.19985308,0
0.32749155,1
0.34888393,1
0.28848192,0
0.329731,0
0.30988896,0
0.24726966,0
0.23981646,1
0.2816411,0
0.27241796,0
0.19124687,1
0.35698882,1
0.32811022,0
0.16782936,1
0.1912758,1
0.21367785,1
0.24420467,1
0.26754168,1
0.25855738,0
0.24455631,1
0.31568724,0
0.18399486,1
0.24569155,1
0.329604,0
0.20863172,1
0.32883862,0
0.22616532,1
0.21239918,1
0.28801015,1
0.33314723,0
0.31196362,1
0.2205093,1
0.31241703,0
0.19885316,0
0.3172339,0
0.38623756,1
0.26873785,1
0.23757122,1
0.2999912,0
0.20422308,1
0.31326002,0
0.32155967,0
0.34660846,1
0.30990463,1
0.26830912,0
0.29267246,1
0.30923694,0
0.2701168,0
0.27487567,1
0.36559176,0
0.21874717,1
0.27141848,1
0.32935333,0
0.32934594,0
0.32648742,0
0.3356412,1
0.17615852,1
0.30154437,0
0.20392083,1
0.2912545,0
0.32297906,0
0.33314472,0
0.18886605,1
0.24149585,1
0.3177447,0
0.25061327,1
0.27056393,0
0.34464034,0
0.20000297,1
0.25224495,0
0.37959453,0
0.27129534,0
0.2801366,0
0.30176124,0
0.25911456,0
0.29467747,1
0.17162481,1
0.20951825,1
0.29722166,1
0.34678352,1
0.27824894,1
0.32419002,0
0.2555329,0
0.32633802,0
0.20374845,1
0.2444761,1
0.31605315,0
0.28506142,0
0.33870777,0
0.20440906,1
0.2175864,1
0.21454144,1
0.25491482,0
0.33503193,0
0.31247777,0
0.27296424,0
0.20587601,0
0.23256658,1
0.30069375,0
0.230974,1
0.25125098,1
0.18001644,1
0.2716851,0
0.27672398,0
0.34682262,1
0.27327114,0
0.35542828,0
0.22326559,1
0.29604247,1
0.22642548,1
0.3002994,1
0.20305058,1
0.24770293,0
0.2626341,0
0.3154648,1
0.28502935,1
0.26667845,0
0.29317972,1
0.1900151,1
0.31879148,0
0.2920987,0
0.31809747,0
0.3128058,0
0.24927887,1
0.14242199,1
0.3723454,0
0.30864775,1
0.23697704,0
0.23251612,1
0.21910186,1
0.21283972,1
0.2615146,1
0.28629947,0
0.2873212,1
0.21435529,1
0.3173971,0
0.29899856,0
0.26046753,0
0.3442604,0
0.20993693,0
0.28755754,0
0.23180787,1
0.2731821,1
0.28412485,0
0.19104935,0
0.18459912,1
0.26739484,1
0.22265655,1
0.32398242,0
0.14705986,1
0.3237907,1
0.3271071,0
0.29437897,1
0.27642497,0
0.1988498,1
0.3118923,1
0.26401812,1
0.20424609,1
0.27304295,0
0.24103962,1
0.31413972,0
0.2428796,0
0.22498944,1
0.24490295,1
0.29689586,1
0.27553695,0
0.27664754,0
0.2590482,0
0.33013475,0
0.29064992,0
0.22240227,1
0.24056128,1
0.2686378,1
0.2709407,1
0.26992938,0
0.15379235,1
0.2815414,1
0.29080027,1
0.32524467,0
0.2924224,0
0.34159344,0
0.3369259,0
0.2820037,0
0.28635195,0
0.2928395,1
0.29370272,0
0.22757149,1
0.20151949,1
0.24977592,1
0.31177855,0
0.28506875,0
0.22334948,1
0.32888848,0
0.23529467,1
0.13050607,1
0.3635956,0
0.35644692,0
0.2977504,1
0.28991002,1
0.3085913,0
0.30763662,0
0.30611414,0
0.29645813,0
0.34141722,1
0.33424038,0
0.2648756,1
0.31254673,0
0.3138485,0
0.27485633,0
0.2887894,0
0.2448829,1
0.19036737,1
0.26672283,0
0.16716403,1
0.26334858,0
0.25394958,1
0.19971794,1
0.2911176,0
0.19036373,1
0.29673672,0
0.23256317,1
0.24126822,0
0.2901251,0
0.30511212,0
0.3011067,0
0.34071377,0
0.391011,0
0.22272384,1
0.21860938,1
0.22394861,1
0.29319403,0
0.29680538,0
0.29829258,1
0.38419077,0
0.27924255,0
0.39837003,0
0.2985315,1
0.3112713,1
0.27603513,0
0.2871608,0
0.3420664,1
0.24158287,0
0.17671858,1
0.3024001,0
0.30873406,0
0.16649072,1
0.3099529,0
0.2937712,0
0.281623,0
0.20111611,1
0.2980252,0
0.2538305,1
0.28237164,1
0.3080284,1
0.25331354,1
0.3573593,0
0.21787614,1
0.2664129,1
0.24565789,1
0.3123464,0
0.2537132,0
0.12975642,1
0.29424495,0
0.30976906,0
0.24422085,0
0.1983903,1
0.32544345,0
0.2691646,1
0.20556192,1
0.25686494,0
0.34129947,1
0.3257696,1
0.32812047,1
0.322285,1
0.36420783,0
0.2454817,1
0.3030616,0
0.26869696,1
0.2900493,0
0.290735,0
0.25470975,0
0.28560162,1
0.31440538,1
0.30229145,0
0.32411867,0
0.25988722,1
0.25917673,1
0.26598436,0
0.2968966,0
0.32299852,0
0.16904001,1
0.17191625,1
0.21571992,1
0.28516892,0
0.24234374,1
0.32804152,0
0.26217967,1
0.29385662,0
0.2904132,0
0.29519525,0
0.22189118,1
0.35057843,0
0.30688554,0
0.2982604,0
0.25415322,0
0.29863933,1
0.3419069,1
0.27793407,1
0.18639082,1
0.20231849,0
0.2833681,0
0.19070601,1
0.2566864,0
0.32178074,0
0.27904624,0
0.19903146,1
0.26305407,1
0.2922324,0
0.33846468,1
0.31899986,0
0.26747078,0
0.3113875,0
0.29172444,1
0.2522869,0
0.18656068,1
0.26196006,1
0.20393755,1
0.31324476,0
0.29298785,1
0.3377709,1
0.31200504,0
0.30521756,0
0.21046618,1
0.24877596,1
0.30993962,0
0.23970255,1
0.34000087,0
0.33073047,1
0.26498446,0
0.29508573,0
0.33915657,0
0.28190875,1
0.2664862,1
0.30429024,1
0.26224014,1
0.3138368,0
0.34059727,1
0.26471537,1
0.2366536,0
0.3353117,0
0.28684378,0
0.3058891,0
0.24960932,1
0.18957025,1
0.24950862,0
0.20478563,1
0.3052435,0
0.23894377,1
0.25975144,1
0.27465922,1
0.29349846,0
0.29103184,0
0.27103403,1
0.26628947,1
0.32542008,1
0.18362814,1
0.21596591,1
0.17807454,1
0.27235618,0
0.29805508,0
0.34934634,0
0.18764022,1
0.29148215,0
0.37427253,1
0.2443202,1
0.37314826,0
0.26195043,0
0.248672,0
0.31311858,0
0.2393151,1
0.32237658,1
0.27141577,1
0.2587272,1
0.2879491,0
0.18083017,1
0.21809535,1
0.3047446,0
0.23367742,1
0.27323046,0
0.27096784,0
0.3615888,1
0.33720034,0
0.21000475,1
0.18697299,1
0.37931716,0
0.20695512,1
0.2616466,1
0.28800792,0
0.3388548,0
0.1808651,1
0.22108263,1
0.27574474,0
0.25371382,0
0.31691325,0
0.21680938,1
0.3016116,0
0.2455028,1
0.31538558,0
0.35362655,0
0.31737533,1
0.2662604,1
0.2784378,0
0.272289,0
0.294873,0
0.33580256,1
0.28402385,1
0.2063421,1
0.34407294,1
0.2566085,1
0.23906904,1
0.27729154,0
0.32080466,0
0.24940655,0
0.21957648,1
0.131762,1
0.3111202,0
0.20546675,1
0.3114052,0
0.25899065,0
0.18580577,1
0.24680296,1
0.32834226,1
0.23897941,1
0.30900064,0
0.25519365,1
0.29131448,1
0.2636521,0
0.24842286,1
0.30399808,0
0.1937491,1
0.3144119,0
0.30256236,0
0.26615793,1
0.31246644,0
0.29572144,1
0.2510466,0
0.3235942,1
0.30825555,1
0.31178886,0
0.31128567,1
0.3019374,0
0.273188,1
0.14422688,1
0.23400357,1
0.31993142,1
0.31330237,0
0.17995785,1
0.28495264,0
0.3366348,1
0.30567032,0
0.21007898,1
0.2887713,0
0.24265033,0
0.19848973,1
0.31146848,0
0.19276157,1
0.36098278,1
0.23366533,0
0.3388912,1
0.2942553,1
0.34234816,0
0.264817,1
0.36643025,0
0.29268113,0
0.2320484,1
0.19317184,0
0.23118171,0
0.17240989,1
0.29897007,0
0.2843745,0
0.31565586,0
0.27722138,0
0.28108954,0
0.21131943,1
0.24343105,1
0.33961046,0
0.27025342,0
0.2551135,1
0.2965818,0
0.30441093,0
0.31526622,1
0.28253105,0
0.23930842,1
0.23732333,1
0.22173122,1
0.24903722,1
0.30246192,0
0.2565325,1
0.19783553,1
0.21298812,0
0.15383318,1
0.29252684,1
0.29256475,0
0.29486144,1
0.2648203,0
0.30339545,1
0.27329692,0
0.34196234,0
0.38824505,0
0.37474903,0
0.30134344,1
0.28576052,0
0.30641368,1
0.22393821,1
0.2978323,0
0.26930025,1
0.27045274,1
0.1818213,1
0.32182896,1
0.21430486,1
0.2396513,0
0.2807306,1
0.32856178,0
0.3013181,0
0.2885473,0
0.25151718,1
0.28514224,0
0.31670755,0
0.25958094,1
0.34553835,0
0.272421,0
0.16092677,1
0.21971828,1
0.2928934,0
0.33230335,0
0.18562922,1
0.29475492,1
0.27573088,1
0.22804168,1
0.2327716,1
0.33705592,1
0.17331678,1
0.23561463,1
0.3465514,0
0.2560579,0
0.23855323,1
0.25698188,1
0.33823436,0
0.20406507,1
0.34604603,0
0.33840305,1
0.15488502,1
0.23151489,1
0.33110815,0
0.2552399,0
0.3260311,1
0.25473362,1
0.22732905,1
0.26357734,0
0.28060812,0
0.32852614,0
0.31913358,0
0.24418329,1
0.32671916,1
0.26930088,0
0.36381197,0
0.2460511,0
0.28870988,0
0.20640081,1
0.3065807,0
0.30027574,0
0.3234092,0
0.3312319,1
0.29311264,0
0.29709876,0
0.26507488,1
0.3519836,0
0.25301808,1
0.33318794,0
0.23648323,1
0.24195457,1
0.17612882,1
0.2947169,1
0.32470036,0
0.30737853,0
0.29043135,0
0.22399859,0
0.30492225,0
0.28001565,0
0.18280539,1
0.28605634,0
0.32053035,1
0.3436029,0
0.30485696,1
0.2235386,1
0.24447547,1
0.16367479,1
0.30455205,0
0.16029143,1
0.3056342,0
0.19887629,1
0.3136947,0
0.30520004,1
0.22404636,1
0.24817125,0
0.2497999,1
0.30399722,0
0.3048261,0
0.21491721,1
0.32524642,0
0.31006077,1
0.28702277,1
0.29276273,0
0.31505817,0
0.25791708,0
0.42508525,0
0.23269072,1
0.2599955,0
0.25609002,1
0.29175532,1
0.35711533,1
0.28917253,1
0.34734106,1
0.27231622,1
0.17422809,1
0.23097712,0
0.26180908,1
0.28933626,0
0.25112614,1
0.3278039,0
0.21802264,1
0.32864943,0
0.21557194,1
0.23401597,0
0.24411988,1
0.3214349,1
0.2018567,1
0.30222404,1
0.29526684,0
0.31322807,1
0.20774493,1
0.29081768,0
0.24252725,1
0.27863243,1
0.1905252,1
0.23228312,1
0.3280326,0
0.3125459,0
0.31402618,0
0.28050503,0
0.31800252,0
0.20568612,1
0.3070622,0
0.3244926,1
0.34078842,0
0.20693485,1
0.26085213,1
0.27802014,0
0.32508454,0
0.28730965,1
0.22230344,0
0.25978374,0
0.27819687,1
0.28161803,0
0.37461567,0
0.32766008,1
0.32646972,0
0.2889892,0
0.24488243,0
0.4666847,0
0.32734644,0
0.19374953,1
0.24211147,1
0.2629655,0
0.26383632,0
0.28270832,1
0.30167827,0
0.37533557,1
0.17485473,1
0.32918188,1
0.27434933,0
0.302694,1
0.21009484,1
0.29510152,0
0.24245659,1
0.34451962,0
0.2618124,0
0.33760077,1
0.29184285,0
0.26866966,0
0.21102202,0
0.3879407,0
0.30197307,1
0.22556056,1
0.268244,1
0.29015702,1
0.23770931,1
0.21248905,0
0.2728356,1
0.20000961,1
0.31978983,0
0.32966605,0
0.31657052,0
0.35413218,1
0.27702028,0
0.24396057,0
0.32119128,0
0.26196525,1
0.3221314,0
0.30229908,0
0.3380513,1
0.2733147,1
0.27424318,0
0.28554636,0
0.3165452,0
0.29836124,0
0.25804707,1
0.273104,0
0.285848,0
0.31387734,0
0.2996593,0
0.27633393,1
0.27937227,1
0.20188336,1
0.25392708,0
0.2170777,1
0.26335746,1
0.28192577,0
0.280191,0
0.28260884,1
0.29082823,0
0.30736363,0
0.21446274,1
0.3320852,0
0.26402962,0
0.24857745,1
0.19726054,1
0.1841486,1
0.31752512,0
0.21290267,1
0.22650623,1
0.17494419,1
0.25936165,0
0.31586725,1
0.28222716,0
0.27899632,0
0.22351515,1
0.29103,0
0.27217337,0
0.21094538,1
0.3125776,1
0.22850305,0
0.30005074,1
0.3073385,0
0.284688,1
0.24696693,1
0.26122588,1
0.31496322,1
0.31529588,0
0.26611775,0
0.31094956,0
0.26437417,1
0.23341689,1
0.26198894,0
0.2770239,1
0.22941871,1
0.3311112,0
0.2521137,1
0.32599562,0
0.2783587,0
0.36310565,0
0.29394916,1
0.24360448,1
0.29947412,0
0.26168743,1
0.2997553,0
0.28646833,0
0.2943958,1
0.29031718,0
0.34416056,0
0.29786116,0
0.13716376,1
0.15963149,1
0.23642017,0
0.36267906,1
0.2472626,0
0.24584769,1
0.19159153,1
0.23651716,1
0.2247102,1
0.27372748,1
0.29667515,0
0.3033974,0
0.28719103,0
0.32308584,0
0.20494777,1
0.21608832,0
0.28152347,1
0.33220452,1
0.2578947,0
0.2910226,0
0.2519759,0
0.3092864,1
0.3162071,0
0.31400704,0
0.34420666,0
0.2610054,1
0.14541377,1
0.20991108,1
0.301089,0
0.30266938,1
0.30164143,0
0.3246193,1
0.26790062,0
0.2521373,1
0.27830338,0
0.25846854,0
0.27115077,1
0.281974,0
0.26801413,0
0.22938427,1
0.2570728,0
0.322891,0
0.21654269,0
0.27884242,0
0.25562578,1
0.2858415,0
0.31038964,1
0.31650525,0
0.32728428,1
0.37502086,1
0.29853415,0
0.305133,0
0.31758815,1
0.27105343,1
0.27163216,0
0.29404655,0
0.35674262,0
0.2800921,1
0.21838376,1
0.24845976,1
0.31885773,0
0.24789654,0
0.31806517,1
0.345034,0
0.22617221,1
0.22199287,1
0.1868279,1
0.25436082,0
0.31231505,0
0.26715958,0
0.29877457,1
0.20591268,1
0.30850482,0
0.2515295,0
0.3077975,0
0.27774012,1
0.2781843,0
0.32183173,0
0.32461122,0
0.24126723,0
0.31827983,0
0.25638172,1
0.28077567,1
0.32307285,1
0.23362543,1
0.21104941,1
0.28839898,0
0.29868847,1
0.2849931,1
0.26240477,0
0.28498685,0
0.21685652,1
0.28300017,0
0.32518035,1
0.2907042,1
0.25514707,0
0.30651087,1
0.1819945,1
0.23938768,1
0.34145328,0
0.26461247,1
0.32119876,0
0.276617,0
0.28247142,0
0.3398884,0
0.2827418,0
0.3001377,1
0.33624357,0
0.21041946,0
0.24053001,1
0.20209995,1
0.3089267,1
0.3353336,0
0.2718732,1
0.32610095,1
0.30768287,1
0.29016742,0
0.34544796,0
0.25040102,0
0.18555784,1
0.35167858,0
0.26955062,1
0.26656464,1
0.28306386,0
0.25841963,0
0.23110743,0
0.32617304,1
0.2009358,1
0.36788976,1
0.2694689,0
0.32850865,0
0.27026823,1
0.29251972,0
0.30780998,0
0.28661075,1
0.29928076,0
0.33039683,0
0.23778279,0
0.19057372,1
0.26645482,0
0.2572056,0
0.3084159,0
0.33612347,0
0.1702431,1
0.29666,0
0.23132172,1
0.29957277,1
0.18844703,1
0.25291127,0
0.25985354,1
0.29987752,0
0.34020635,1
0.28848112,1
0.2318184,1
0.21143377,1
0.2319533,1
0.30244827,0
0.255368,0
0.24325414,1
0.28411248,0
0.2692542,1
0.2786775,0
0.23487008,1
0.26180732,0
0.20824404,1
0.2887049,0
0.34448764,0
0.31075102,1
0.28903702,0
0.33769622,0
0.23264566,0
0.29761052,1
0.32606572,0
0.29191974,1
0.33508614,0
0.27525336,0
0.3334039,1
0.21155399,1
0.2707491,1
0.26658747,0
0.3847474,0
0.30727062,0
0.27275833,0
0.25963977,1
0.3041438,0
0.24785456,0
0.3126393,0
0.33479047,0
0.21133777,0
0.24785814,1
0.28642207,0
0.26498458,0
0.31253412,1
0.19472535,1
0.312669,0
0.19081351,0
0.3188721,0
0.24613717,1
0.34339094,0
0.26246744,1
0.2224758,1
0.2805787,0
0.31736377,0
0.25726646,0
0.2587361,0
0.34870344,1
0.2773019,0
0.32158923,0
0.29996127,0
0.3051605,1
0.3560639,0
0.22004618,1
0.26111758,1
0.19756827,1
0.34658146,0
0.27284807,0
0.32497734,1
0.29388052,1
0.20967564,1
0.33932382,0
0.2023145,1
0.32159227,1
0.24846031,1
0.30424505,1
0.20256516,0
0.29391986,0
0.23946783,0
0.26016337,1
0.21803108,1
0.2691173,1
0.3159877,1
0.28379104,0
0.32423338,0
0.2636756,0
0.3338267,1
0.30123624,0
0.26371413,1
0.19793133,1
0.30678457,1
0.27144074,0
0.21872967,1
0.242675,1
0.20675972,1
0.17510921,1
0.24423714,1
0.28870946,0
0.34122348,1
0.3254793,1
0.28805372,0
0.35293442,0
0.29127252,0
0.24261594,0
0.2655378,1
0.21823062,0
0.21509491,1
0.31751907,1
0.28075463,1
0.42092565,0
0.31887028,1
0.3152867,0
0.28577965,0
0.3288727,0
0.26936424,1
0.32351324,0
0.32404548,1
0.33464336,1
0.25029305,1
0.3188309,0
0.27382693,1
0.3208024,0
0.30333102,0
0.261258,1
0.23081616,1
0.2954873,1
0.16547313,0
0.29460824,0
0.3316376,1
0.17301452,1
0.33231726,0
0.31954268,1
0.28285766,0
0.30475658,1
0.25418004,1
0.3529523,0
0.3639543,0
0.25867036,1
0.25840455,1
0.3191813,0
0.23570886,0
0.33363903,0
0.20768766,1
0.19175903,1
0.18083116,1
0.22687143,1
0.2025843,1
0.2512735,1
0.23425555,1
0.31606808,0
0.2902711,0
0.24770786,0
0.2541516,1
0.2581396,0
0.33794934,1
0.24248664,0
0.18894899,0
0.28738776,0
0.3359947,1
0.24014205,1
0.24358621,0
