clip_sim,gate,is_fake
0.22102061,0.4917765,0
0.33633763,0.5117189,0
0.3428354,0.49365675,0
0.2644042,0.49243048,0
0.28395042,0.503076,1
0.3101138,0.48779526,0
0.3307138,0.48101068,0
0.36299053,0.482852,0
0.21827006,0.49251994,1
0.35922486,0.48571268,0
0.31631324,0.4929656,0
0.3008498,0.48825446,0
0.28550655,0.49861598,0
0.40662628,0.5006947,1
0.281576,0.48837173,0
0.29843733,0.49031338,0
0.2832716,0.48172927,0
0.26367038,0.4796749,0
0.2748629,0.51808375,1
0.36068732,0.5209441,1
0.24079056,0.49122062,0
0.28399894,0.4806002,0
0.24248433,0.49623084,1
0.33743382,0.49706435,0
0.30622488,0.48936626,1
0.2611896,0.5002543,0
0.27907127,0.4891571,0
0.26932186,0.5032689,1
0.3368874,0.49761507,0
0.28720474,0.49424657,0
0.23178944,0.4963998,1
0.2714433,0.4868116,0
0.3378391,0.50257206,0
0.32368883,0.49238613,0
0.20984751,0.4860302,1
0.38277483,0.5073118,1
0.24208626,0.4849056,1
0.30945936,0.48333642,0
0.21710226,0.48824295,1
0.18674703,0.49683204,1
0.2709582,0.49299207,0
0.19974867,0.49655214,1
0.33199984,0.49688652,1
0.3526671,0.49289206,0
0.30155808,0.49067387,0
0.24041685,0.4760883,0
0.1831956,0.49645343,0
0.287155,0.4969174,0
0.26889798,0.49903712,0
0.2543456,0.49869886,1
0.32770526,0.49885496,0
0.2968927,0.48586574,0
0.19330253,0.49490824,1
0.23911941,0.50002366,1
0.31897622,0.49389777,0
0.25771886,0.5128939,1
0.2640118,0.48416653,0
0.31728804,0.49005255,0
0.29242373,0.5163416,1
0.26416487,0.4808403,0
0.28575706,0.50147146,1
0.19506937,0.4889749,1
0.27537924,0.49692217,0
0.28340906,0.5025202,1
0.3419143,0.48397553,0
0.2561604,0.49443856,0
0.24434906,0.511599,1
0.3265592,0.488614,1
0.27506033,0.500858,0
0.2605633,0.5015769,1
0.27203313,0.5040917,1
0.33159986,0.51359135,1
0.28416413,0.5147452,1
0.2349141,0.50163335,1
0.2931723,0.4877182,0
0.22845009,0.50225353,1
0.32592,0.49169245,0
0.20244989,0.515243,1
0.30733502,0.497429,1
0.33043817,0.4976565,0
0.2947974,0.49135813,0
0.33410978,0.4996455,1
0.20998487,0.48983368,0
0.24032317,0.5151698,1
0.15055293,0.4991677,0
0.16162634,0.5092885,1
0.29482353,0.4951872,0
0.30050176,0.49476016,1
0.22254834,0.48903143,1
0.29711667,0.5010024,0
0.32056922,0.49103427,0
0.2615322,0.49341965,0
0.32085246,0.48629427,0
0.37514102,0.49878868,1
0.25746906,0.49840486,1
0.27736604,0.4910002,1
0.2606418,0.4884318,0
0.32955176,0.4791707,0
0.2602995,0.4969906,1
0.26672393,0.48963824,0
0.3459111,0.5035635,0
0.30093855,0.5095239,1
0.2768259,0.4887847,0
0.26768893,0.48216307,1
0.27666703,0.49733713,0
0.25214577,0.4932891,1
0.1760339,0.4980801,1
0.23987684,0.49542794,1
0.29157805,0.49874732,0
0.2626611,0.49456668,0
0.28444785,0.5087364,1
0.31744844,0.50401634,0
0.31043532,0.4951568,1
0.29670465,0.5068839,1
0.25784028,0.5049431,1
0.2979496,0.48482004,0
0.33238453,0.49245286,0
0.19221981,0.49500498,1
0.31503302,0.49736142,0
0.31439942,0.48880813,0
0.25596753,0.50084203,0
0.3025024,0.4997406,0
0.30144227,0.4966272,1
0.28850287,0.48495245,0
0.2660708,0.49176392,1
0.31120044,0.508387,1
0.2849155,0.48101762,0
0.27565652,0.49138203,1
0.34270415,0.49554715,0
0.3178444,0.49072084,0
0.3278153,0.50019664,1
0.33462912,0.5041287,1
0.20918012,0.49856925,1
0.31860024,0.49879536,0
0.22360176,0.4869193,1
0.33934587,0.49124515,0
0.27617514,0.50076455,1
0.27112192,0.4796774,0
0.3078387,0.48189113,0
0.30285084,0.4931302,1
0.3388751,0.5052988,0
0.2085649,0.49896136,1
0.27301854,0.49697623,1
0.3270153,0.5122269,1
0.2207467,0.48939085,1
0.33177215,0.5099051,1
0.30131042,0.49542975,0
0.24380213,0.4971203,1
0.31096342,0.496802,1
0.31973904,0.5181079,1
0.357031,0.4910159,0
0.26386917,0.4999467,0
0.24871798,0.49981228,1
0.31904876,0.48903838,0
0.1702264,0.49702492,1
0.29383665,0.52257013,1
0.32565773,0.4902172,0
0.26514253,0.49775147,1
0.30563453,0.496456,0
0.1961479,0.49668643,1
0.25438386,0.50230056,1
0.26236632,0.50882906,1
0.29088742,0.48586264,0
0.31675678,0.49784306,0
0.2198059,0.4877584,0
0.30148458,0.4969833,0
0.27472264,0.48842165,1
0.3748238,0.4891189,1
0.27927554,0.5011888,0
0.29418087,0.49800658,0
0.30311674,0.48815247,0
0.33946127,0.51176745,1
0.3440918,0.5069431,0
0.3166276,0.4941876,0
0.28233021,0.49745545,0
0.14871803,0.49521032,1
0.25503254,0.4771856,0
0.26705068,0.50708747,1
0.26890516,0.49888623,0
0.29242936,0.50061244,1
0.28928536,0.49424562,0
0.25606626,0.49391294,1
0.28868595,0.5142409,1
0.25602007,0.5037289,1
0.18860656,0.49406898,1
0.3076194,0.50635034,1
0.34532842,0.5116511,1
0.3068148,0.4900265,0
0.31349134,0.4952258,0
0.2415638,0.49677408,0
0.30208173,0.5009118,1
0.26873413,0.4970633,0
0.26281056,0.5232639,1
0.32405385,0.5065244,0
0.27932057,0.49482715,0
0.25228107,0.5019595,1
0.23383251,0.48817936,0
0.30167443,0.5104682,1
0.28006208,0.503677,0
0.290992,0.49353114,1
0.20954596,0.49879214,1
0.25080502,0.49573818,0
0.33089685,0.49948668,0
0.28278005,0.5134692,1
0.2601392,0.49477777,0
0.35269767,0.4983714,0
0.2815487,0.4929708,0
0.17818588,0.49575028,1
0.32465386,0.47887155,0
0.33223242,0.49748573,1
0.1830473,0.49128377,1
0.16246715,0.49387428,1
0.27863574,0.49547228,0
0.2804052,0.48498237,0
0.30378547,0.49949825,0
0.104463756,0.4911952,1
0.33014122,0.4922813,0
0.32339007,0.4987543,0
0.28471604,0.5161291,1
0.32472628,0.49826065,0
0.36413378,0.4947997,0
0.2994517,0.4919919,0
0.32674024,0.49785364,0
0.26559606,0.48895916,0
0.19513069,0.49994555,1
0.32873487,0.4929448,0
0.25437123,0.49969935,1
0.28992122,0.500987,0
0.2479674,0.49929687,1
0.28112984,0.5013538,1
0.36943996,0.49662748,0
0.2598471,0.48878583,0
0.18570538,0.49564365,1
0.2913145,0.48328987,0
0.17450956,0.48454753,0
0.116470836,0.4916482,1
0.21951377,0.48621687,1
0.1989752,0.494408,1
0.2985477,0.5040379,1
0.19850262,0.5047801,1
0.25244683,0.49768123,1
0.22953975,0.49144223,0
0.30970877,0.49798962,0
0.31702894,0.49926734,1
0.36245078,0.49294266,1
0.29410142,0.48484775,1
0.30706546,0.5060881,1
0.28334564,0.5007984,0
0.3025148,0.47916687,0
0.20190766,0.4964637,1
0.2122695,0.50400895,1
0.3128487,0.48923954,0
0.24541827,0.48747718,0
0.24349369,0.50461113,0
0.3250602,0.49419653,0
0.18645874,0.49415612,1
0.23751977,0.49760196,1
0.29011965,0.49426103,0
0.31490326,0.49058697,0
0.37695646,0.49264097,0
0.28381073,0.49558043,1
0.28269917,0.48019204,0
0.2565453,0.49761996,0
0.14564691,0.49500576,1
0.30872118,0.4861547,1
0.29674095,0.48542628,0
0.2861646,0.49037752,1
0.24464032,0.5052858,1
0.25631982,0.5016554,1
0.20224622,0.49798822,1
0.2531399,0.4809995,0
0.33231336,0.49087575,1
0.22684285,0.5147913,1
0.30319342,0.49214768,0
0.26115966,0.4889721,0
0.22883032,0.49248716,1
0.25466287,0.50206214,1
0.27577987,0.491549,0
0.19874674,0.50840884,1
0.36034593,0.49444842,0
0.35497546,0.5036459,0
0.26981437,0.4900746,0
0.3541738,0.48140755,0
0.34846795,0.4916626,1
0.3096708,0.49515426,0
0.23238316,0.5050582,1
0.32431567,0.49309602,0
0.29213715,0.5051351,0
0.35121506,0.48336458,0
0.2408332,0.50113094,1
0.30887228,0.5014069,0
0.28900063,0.5087216,0
0.28393435,0.4963087,1
0.3043826,0.50050586,0
0.22654998,0.4963664,1
0.32858598,0.49855182,0
0.35106722,0.5175099,1
0.2120867,0.4993483,1
0.28724766,0.4980724,0
0.20971738,0.48884344,0
0.22088815,0.49956465,0
0.2337441,0.49184498,0
0.3341208,0.4913802,0
0.1532293,0.49551272,1
0.31220236,0.47686407,0
0.25060338,0.49952903,1
0.3090185,0.4925398,0
0.32087827,0.5014884,1
0.24442348,0.5002366,1
0.2901266,0.5096302,1
0.1960312,0.5035756,1
0.30559516,0.5091741,1
0.1214723,0.49863902,0
0.3166573,0.50303185,0
0.22766015,0.49308297,0
0.27527225,0.50238323,1
0.33333528,0.50316876,1
0.2367906,0.502809,0
0.37767702,0.49197873,0
0.2703274,0.49146017,0
0.27245986,0.48130056,0
0.24892265,0.4984094,1
0.30496976,0.4855771,0
0.35565782,0.50898486,1
0.27034825,0.48517832,0
0.36194956,0.5028309,0
0.3485601,0.5071297,1
0.26927778,0.47038826,0
0.2899356,0.48351717,0
0.25639156,0.5053945,1
0.18947773,0.49826804,1
0.30713546,0.48747793,0
0.3228249,0.49452722,0
0.29189157,0.48940063,0
0.25377512,0.49041858,0
0.3193463,0.5035611,0
0.29210132,0.4751059,0
0.29494327,0.4920229,0
0.29525632,0.50310403,0
0.31981176,0.4899231,0
0.19869378,0.49219456,0
0.28563038,0.5025708,1
0.24387854,0.49609935,0
0.3208295,0.49869743,1
0.2456429,0.49566993,1
0.25492704,0.48826787,0
0.28663874,0.50124246,1
0.33338004,0.49538028,0
0.24748522,0.48715258,1
0.24743824,0.49502087,0
0.30284923,0.49868044,0
0.2799192,0.49219278,0
0.2205618,0.48315033,0
0.35203987,0.49205995,0
0.2163697,0.49042156,0
0.16241924,0.49662998,1
0.22892617,0.49778804,1
0.23626488,0.5083708,1
0.20906916,0.48151818,0
0.2981354,0.4947277,1
0.36086124,0.5141373,1
0.27963442,0.49550185,1
0.304438,0.48015556,0
0.26332504,0.5081695,1
0.22463489,0.4974698,1
0.3059416,0.49960676,0
0.33469296,0.5041707,0
0.30278155,0.49813262,0
0.30411917,0.49610484,1
0.27144957,0.49347043,0
0.31666347,0.49024916,0
0.24769288,0.50057876,1
0.2676222,0.47986305,0
0.28681824,0.47723034,0
0.27555567,0.49341002,1
0.18157122,0.4881226,1
0.2384506,0.48901367,0
0.35823333,0.5030074,1
0.29019865,0.50204116,1
0.27595088,0.4896505,0
0.18195237,0.49879774,1
0.28570122,0.5127228,1
0.28737193,0.51418024,1
0.23759112,0.50134856,1
0.3179779,0.48650703,0
0.25510678,0.48938552,1
0.24627104,0.5134806,1
0.24983954,0.48570895,0
0.30823654,0.49825835,0
0.27982527,0.47811568,1
0.23276836,0.4989811,1
0.31229055,0.5085574,1
0.24810806,0.49681735,1
0.35697454,0.49554083,0
0.2186458,0.500154,1
0.20791224,0.48650852,1
0.33235323,0.4911503,0
0.2832339,0.49150681,1
0.38373303,0.5162497,1
0.1335133,0.50614357,1
0.2970213,0.4807558,0
0.29347154,0.49660936,0
0.31175655,0.4963713,0
0.2913893,0.49374866,0
0.25817114,0.5087757,1
0.3349518,0.5004268,1
0.3158432,0.50439703,0
0.3582042,0.49539432,0
0.24891649,0.4930582,0
0.14479314,0.49595806,1
0.29268584,0.49813977,1
0.30760366,0.50227094,1
0.31627175,0.48499298,0
0.29074657,0.48973933,0
0.26024783,0.49171647,0
0.28572965,0.47619596,0
0.3094192,0.5003841,1
0.2081144,0.49883255,1
0.26720762,0.5156031,1
0.33189976,0.50365317,1
0.26939726,0.4957323,0
0.12377815,0.4918356,1
0.34850526,0.5195597,1
0.29341784,0.49228773,0
0.33182335,0.5078246,0
0.2907768,0.498795,0
0.25080028,0.50201446,1
0.28451887,0.48307988,1
0.20827594,0.4920093,1
0.29438406,0.5102587,1
0.2825296,0.49105406,0
0.25821328,0.5036006,1
0.30902612,0.4906262,0
0.28797364,0.49277994,0
0.27357548,0.49960247,0
0.27599517,0.49476838,0
0.24540646,0.49016488,1
0.2797807,0.495808,0
0.30557546,0.5193586,1
0.27853572,0.49551597,0
0.20935255,0.49887204,1
0.21964946,0.49304995,0
0.33139965,0.49647638,0
0.26950568,0.499645,1
0.23274703,0.49521887,1
0.1683253,0.4910438,0
0.2571751,0.49634758,0
0.26767457,0.51661444,1
0.3004586,0.49474478,0
0.25223482,0.4941125,1
0.2955643,0.49147856,0
0.21717149,0.49713317,1
0.24496748,0.5048365,1
0.2979785,0.48660746,0
0.222086,0.49028552,1
0.2803344,0.4848872,0
0.25634757,0.509826,1
0.29116383,0.478788,0
0.2753268,0.5019825,1
0.3197625,0.50059396,0
0.29520476,0.49856183,0
0.2860975,0.50359124,0
0.2977817,0.5175748,1
0.29759914,0.50768733,1
0.31672573,0.4975488,0
0.34258825,0.4980271,0
0.16977037,0.48919484,1
0.25426984,0.49401632,0
0.22682892,0.4934547,1
0.30918828,0.50332147,0
0.30147302,0.49145508,0
0.21901283,0.47589743,0
0.28442207,0.4904245,0
0.18648335,0.4879342,0
0.29766265,0.5013883,0
0.15247522,0.49675044,1
0.25218263,0.50268817,1
0.18841553,0.4864389,0
0.27197778,0.49814653,1
0.35194087,0.49158636,0
0.29199064,0.49315616,1
0.22976017,0.5034781,1
0.30302742,0.4806985,0
0.25323695,0.4924291,0
0.2449538,0.50553674,0
0.31561118,0.49216315,1
0.21860301,0.4945341,0
0.31839514,0.50161576,0
0.26716462,0.4817494,0
0.28762233,0.4906025,0
0.27160755,0.48134634,0
0.32492584,0.49081898,1
0.29438582,0.49753213,1
0.2957213,0.4938153,0
0.2311765,0.48943794,1
0.321154,0.49721146,0
0.23887345,0.48918787,0
0.24275362,0.4997169,1
0.23110995,0.4914976,1
0.19403872,0.4934751,1
0.33950073,0.504934,0
0.2265147,0.51580554,1
0.19007385,0.5008717,1
0.2884423,0.4963491,1
0.29219973,0.4898809,0
0.23453277,0.49302247,0
0.22896257,0.49202204,1
0.19101529,0.4955821,1
0.33778006,0.49281618,0
0.17316514,0.48097166,1
0.21289489,0.49712864,1
0.35465634,0.51846105,1
0.15427834,0.49540555,1
0.28430486,0.49171296,0
0.22675371,0.4900436,0
0.2826823,0.49966142,0
0.19932558,0.5071888,1
0.2536875,0.51480734,1
0.27066392,0.4954172,0
0.27873427,0.48789406,1
0.27576655,0.49919224,0
0.29303247,0.4867699,0
0.21980925,0.50000215,1
0.3110771,0.4959874,1
0.3472939,0.49710703,1
0.29004505,0.499444,0
0.29568148,0.48697898,0
0.3551339,0.5119781,1
0.28854185,0.48816147,0
0.2782403,0.46702278,0
0.2604515,0.48228025,0
0.28733015,0.510999,1
0.24032134,0.5018596,1
0.23633464,0.5017535,0
0.2892208,0.49340808,0
0.3345353,0.50208825,0
0.35610396,0.49206838,0
0.30756035,0.48873472,0
0.21015139,0.49443862,1
0.2948258,0.5000221,0
0.2851324,0.5207434,1
0.1906003,0.49362028,0
0.2507757,0.49288794,1
0.30365804,0.4963696,0
0.36273003,0.49880996,0
0.22497216,0.4924555,0
0.25331628,0.5029073,1
0.3280173,0.4855578,0
0.34295878,0.49933973,0
0.33646792,0.48136225,0
0.30624482,0.50478,1
0.25140676,0.4928706,1
0.32337752,0.4958048,0
0.34075356,0.49917427,0
0.33858123,0.49768224,0
0.3274966,0.5015807,1
0.33293343,0.49471954,0
0.22521845,0.49922523,0
0.18916205,0.49015963,0
0.3223434,0.49649236,0
0.34037656,0.49850166,0
0.27628124,0.5131541,1
0.25060424,0.50268763,1
0.2188681,0.4908379,0
0.3592381,0.49393395,1
0.29685962,0.49397588,1
0.28313148,0.48027804,0
0.21172297,0.4847047,0
0.27737436,0.47916362,0
0.25857782,0.49093327,0
0.24275011,0.49256265,0
0.28135508,0.499061,0
0.31954592,0.49249318,0
0.21130744,0.49996433,1
0.21059214,0.50242156,1
0.21025579,0.4935038,1
0.30090275,0.50207233,1
0.27570918,0.4883093,0
0.29305482,0.49470118,0
0.30783135,0.4915457,0
0.26192582,0.49992034,0
0.20851941,0.4979496,1
0.26338983,0.51000273,1
0.22670403,0.50007015,0
0.27308795,0.48766983,0
0.30972493,0.48462495,0
0.3180303,0.49472627,0
0.30850977,0.4905906,0
0.116323255,0.4912776,1
0.33060944,0.47891346,0
0.2797421,0.4978312,0
0.25036553,0.4995024,0
0.27605045,0.49116158,0
0.2821099,0.49339393,1
0.34311557,0.50241494,0
0.27473402,0.48788837,0
0.23359905,0.50243896,1
0.28636348,0.4843832,0
0.38493297,0.48740283,1
0.31911537,0.49318764,0
0.2547011,0.5055922,1
0.26586586,0.48969647,1
0.4012779,0.5057707,0
0.29266682,0.48598537,0
0.33026695,0.49878612,1
0.2510435,0.50265265,1
0.13503662,0.4928836,1
0.29439062,0.48573732,0
0.29071847,0.50261664,0
0.31201902,0.5011676,1
0.23709068,0.49627814,1
0.33552006,0.49784985,0
0.2725053,0.4886159,0
0.29638296,0.5033069,0
0.28953555,0.48853746,0
0.24324796,0.492493,1
0.29772195,0.5055786,0
0.28175092,0.507339,1
0.28165442,0.4819943,0
0.31688213,0.4994018,0
0.39310095,0.4944092,1
0.255835,0.49210998,0
0.35522762,0.4965147,0
0.34411278,0.4965907,0
0.33805674,0.49747357,0
0.32867393,0.4964805,0
0.27398616,0.48992494,0
0.21308208,0.49712035,1
0.31631702,0.4968787,0
0.25314623,0.496339,0
0.31753027,0.49614,0
0.33874795,0.49708948,0
0.2974015,0.48396745,0
0.3104604,0.49279353,0
0.29986933,0.49179134,0
0.27452356,0.49455085,1
0.29032558,0.50015587,1
0.20158139,0.4952662,1
0.22159933,0.5017407,1
0.25495833,0.5079958,1
0.25790507,0.48990205,1
0.26005512,0.49790534,0
0.35484087,0.5086727,1
0.13933025,0.49138126,1
0.38743573,0.4922131,0
0.3523708,0.50675076,1
0.22138697,0.50802046,1
0.29004827,0.5001796,1
0.3200443,0.49189937,0
0.28620917,0.4925902,0
0.3082466,0.5036892,0
0.22366902,0.5068155,1
0.27807224,0.48897478,0
0.2714356,0.49292192,1
0.33331674,0.50451106,1
0.3507058,0.49765858,0
0.31240097,0.4904388,0
0.29936594,0.4863577,0
0.24840316,0.49722472,1
0.27506804,0.48802057,0
0.3117035,0.49105906,0
0.3164564,0.4947753,0
0.21551469,0.4938631,1
0.20840698,0.49698117,1
0.30295536,0.49364686,0
0.2655955,0.5003142,1
0.2880314,0.5016153,1
0.31027007,0.5156366,1
0.3481044,0.49908957,1
0.3363447,0.4923179,0
0.22824505,0.5013594,1
0.3075482,0.4995693,0
0.24109909,0.4977992,0
0.22448273,0.48122606,1
0.2632007,0.49456486,0
0.331191,0.49640247,0
0.33221465,0.48163083,0
0.2821645,0.4943346,0
0.21889691,0.4998474,1
0.34621537,0.5078538,1
0.22224511,0.49626037,1
0.3523971,0.49255562,1
0.3124542,0.4824337,0
0.28186083,0.48527232,0
0.25118238,0.49217167,1
0.20643385,0.50326604,0
0.2148339,0.5014337,1
0.18487833,0.49238858,1
0.31185105,0.5021433,0
0.30819646,0.50237006,1
0.3116962,0.48441473,0
0.2698421,0.4972551,1
0.2501319,0.49722704,0
0.20462471,0.49910223,1
0.2533525,0.48695683,0
0.3259923,0.49373576,0
0.302337,0.5046275,1
0.27297196,0.5049541,1
0.21247861,0.4980378,1
0.31958532,0.5099878,1
0.28692204,0.4923097,0
0.24964634,0.482015,0
0.21984911,0.4966692,1
0.27897012,0.5022929,0
0.25756925,0.50223726,1
0.3412873,0.5024064,1
0.11798127,0.4930534,1
0.2980308,0.4886967,0
0.42327595,0.4958895,0
0.29140395,0.48170635,0
0.37194988,0.5066623,1
0.38656777,0.5030649,1
0.34467113,0.49108684,0
0.3118833,0.50027794,1
0.33650655,0.49801978,0
0.31474203,0.48912778,0
0.27242282,0.5010576,0
0.38905132,0.4886384,0
0.2811201,0.49335444,0
0.2664652,0.5009655,1
0.28725135,0.5204198,1
0.32133508,0.49267593,0
0.20012695,0.50004387,1
0.28722164,0.50737864,1
0.26647922,0.4861578,0
0.2529468,0.47906694,0
0.306886,0.5155421,1
0.21693507,0.5075162,1
0.34621704,0.5213114,1
0.31215212,0.4930482,0
0.26116896,0.49580166,0
0.20197052,0.49691486,1
0.33819193,0.51363665,1
0.33777675,0.4908458,1
0.24424681,0.4838436,1
0.29898053,0.49736238,0
0.2761442,0.5081726,1
0.30635747,0.49069455,0
0.30589658,0.4971466,0
0.3317889,0.49532136,0
0.29855415,0.4953377,0
0.2486383,0.49115673,0
0.2789466,0.49377796,0
0.26945537,0.48697814,0
0.29737538,0.48782024,0
0.20902458,0.50222665,1
0.15812661,0.49388024,1
0.2529475,0.5029627,1
0.2805793,0.50515753,1
0.26149333,0.516705,1
0.3189556,0.49928698,0
0.24946854,0.50249267,1
0.31926024,0.48783112,0
0.3107214,0.49231896,0
0.2618797,0.50172186,1
0.3363832,0.49857453,0
0.28978097,0.49045643,0
0.23741278,0.5026633,1
0.23025058,0.5025525,1
0.23286887,0.4856923,1
0.3036536,0.49672762,0
0.35562906,0.5036223,1
0.30918792,0.505977,1
0.2737683,0.49369916,0
0.3414649,0.49809054,0
0.34087762,0.51579887,1
0.22556327,0.5048341,1
0.3126931,0.49420968,0
0.25305057,0.49573478,0
0.29910368,0.50174123,0
0.28101528,0.49295202,0
0.26154605,0.47855473,1
0.25087762,0.49858233,0
0.36179948,0.5031645,0
0.24308006,0.48426995,0
0.2348027,0.49879265,1
0.2964505,0.5011588,1
0.32759535,0.48889306,1
0.27692434,0.48567343,0
0.22926119,0.4923915,1
0.29771364,0.48745903,0
0.25237143,0.49500182,1
0.2524486,0.49225983,1
0.33170936,0.49775028,1
0.28772485,0.4816846,0
0.22948983,0.49637344,0
0.21624786,0.49815118,1
0.29036826,0.4937649,0
0.31855655,0.49605593,1
0.24992976,0.49099013,1
0.33202899,0.4890144,0
0.22477368,0.50266653,1
0.3559636,0.5003862,0
0.282853,0.48490754,0
0.3025732,0.50065154,1
0.32280147,0.49479046,1
0.32977438,0.49801823,0
0.30412713,0.49513212,0
0.2419707,0.5045884,0
0.19091603,0.49618173,1
0.32326394,0.5000934,0
0.3675913,0.4845294,0
0.32113484,0.48860952,0
0.26595876,0.49841595,1
0.25588235,0.49568877,1
0.24347557,0.4982109,0
0.29306316,0.49767485,0
0.39397094,0.49996176,0
0.26600462,0.49872187,1
0.26784784,0.49874878,1
0.34657297,0.5045127,1
0.34011137,0.50084025,1
0.31608942,0.5016277,1
0.37896138,0.5012102,1
0.33058345,0.50092316,0
0.3542207,0.49656466,0
0.3048089,0.479611,0
0.22359973,0.5147136,1
0.349523,0.48935708,0
0.23987299,0.47944605,1
0.2994259,0.49308786,0
0.28930882,0.497699,0
0.28876647,0.4943844,0
0.100105435,0.50002104,0
0.35227486,0.5013293,1
0.12450391,0.49865636,1
0.24173406,0.49935535,0
0.14878324,0.4905343,1
0.23956294,0.5034415,1
0.34652534,0.4901736,0
0.25854304,0.49320996,1
0.20710959,0.5065616,1
0.30871117,0.49322757,0
0.22523944,0.503593,1
0.27595899,0.4911109,0
0.21492416,0.49318132,1
0.3331766,0.48600778,0
0.3239048,0.49384275,0
0.1984118,0.5068235,1
0.28051952,0.49099323,0
0.24193355,0.49462876,0
0.33112344,0.49706602,0
0.3271016,0.48226675,0
0.21160293,0.5008714,1
0.19931987,0.49974903,1
0.27618176,0.49755588,1
0.3614357,0.49034265,0
0.19100712,0.4946742,1
0.30411106,0.49197412,0
0.17755333,0.50149024,1
0.20988232,0.5039709,1
0.28722242,0.5057674,0
0.34276342,0.49960136,0
0.2715726,0.49248624,0
0.2906304,0.49415788,1
0.34674573,0.49981824,0
0.26160473,0.50301015,0
0.32431272,0.50071114,1
0.22901449,0.4883617,1
0.33099037,0.49501672,0
0.13253672,0.4902698,0
0.28423876,0.49916092,1
0.360489,0.50765747,1
0.26810157,0.5040332,1
0.29455,0.49219966,0
0.292516,0.50091475,0
0.26231304,0.5047321,1
0.3360533,0.49335325,0
0.31297755,0.49854174,0
0.22075525,0.49633026,1
0.33761674,0.49915552,0
0.27913797,0.5006847,1
0.2969499,0.5154464,1
0.38951254,0.50939995,1
0.1980394,0.50027806,1
0.19345728,0.49230304,0
0.30794522,0.500473,1
0.3159208,0.4991993,0
0.22396366,0.49334452,1
0.2839051,0.49318036,0
0.24111156,0.47984704,0
0.20429882,0.49342895,1
0.21700796,0.49774858,1
0.23865405,0.5016096,1
0.2427328,0.49846825,1
0.20770177,0.4861151,1
0.1705576,0.5058715,1
0.31020543,0.49717388,1
0.21681906,0.5059895,1
0.2755248,0.49513522,0
0.19025981,0.49280283,1
0.3205564,0.49940005,0
0.32829612,0.5091783,1
0.31883818,0.4813132,0
0.24540427,0.49449944,1
0.25452718,0.49724677,1
0.17197211,0.49318442,1
0.3040471,0.50007653,0
0.30750307,0.5068832,1
0.25390938,0.50709444,1
0.30011782,0.4868008,1
0.30793354,0.49626485,0
0.30896452,0.48620775,0
0.23333868,0.49897638,1
0.33530003,0.49207428,0
0.2882906,0.5028164,1
0.2251629,0.48514333,0
0.31610292,0.489634,0
0.27371144,0.48414373,0
0.2727081,0.5102561,1
0.3114683,0.4828948,0
0.33722723,0.49395713,0
0.38804784,0.49438176,0
0.20681326,0.49519205,1
0.33838454,0.50901514,1
0.21421506,0.5038917,1
0.3149234,0.49502814,0
0.32816988,0.49525213,0
0.2818639,0.49264136,0
0.3081925,0.49583113,0
0.24784307,0.48721138,0
0.4010547,0.52225393,1
0.32628423,0.49203,0
0.3304924,0.48582044,0
0.21654601,0.4821504,1
0.29151616,0.49703217,0
0.20983066,0.4927955,0
0.21952482,0.4985925,1
0.23958534,0.50572246,1
0.32221228,0.49458098,0
0.18454228,0.48320004,1
0.25510278,0.50427574,1
0.27813593,0.5036679,1
0.2414918,0.4917889,1
0.33523786,0.49116847,0
0.31338465,0.48945117,0
0.30159107,0.49410403,0
0.2500133,0.48979965,1
0.2874069,0.49129483,0
0.2395933,0.4972843,1
0.2903908,0.50182885,0
0.34305537,0.49067092,0
0.1755934,0.48936367,0
0.34493956,0.5036778,0
0.27099976,0.4916688,0
0.236252,0.48954287,1
0.2901463,0.49197102,0
0.24512325,0.4833851,1
0.26154044,0.5042955,0
0.25012404,0.49718332,1
0.30043095,0.490522,0
0.30540437,0.50309736,1
0.23066677,0.5056374,1
0.35115355,0.49605945,0
0.3149114,0.49404207,0
0.20249456,0.49873042,1
0.16026813,0.503073,1
0.25068617,0.49518967,1
0.3381268,0.499204,1
0.31312275,0.49503818,0
0.26160902,0.5046964,0
0.3244282,0.49670935,0
0.2609437,0.4849287,1
0.31283265,0.49982777,1
0.20398994,0.4959621,1
0.21266401,0.50015676,1
0.29974794,0.4930261,0
0.34897798,0.5013748,1
0.2940498,0.49884978,0
0.2543643,0.50485146,1
0.11303823,0.4894978,1
0.29148856,0.5162534,1
0.36147934,0.5220904,1
0.3114038,0.49128997,0
0.2776902,0.49603808,0
0.29622048,0.49592003,0
0.30376264,0.51608616,1
0.2623492,0.5058188,1
0.26876092,0.48741284,0
0.18093088,0.4905716,1
0.30281007,0.485469,0
0.31069025,0.5170285,1
0.26641646,0.50425524,1
0.25656182,0.49516913,1
0.20729883,0.50404364,1
0.2674259,0.49641624,1
0.28876865,0.4889985,0
0.20902191,0.50081784,1
0.31947827,0.49304852,0
0.28981793,0.48500514,0
0.27700818,0.5027198,1
0.24325636,0.4942017,0
0.25877485,0.516742,1
0.26274616,0.50899214,1
0.34862477,0.5029823,1
0.36522552,0.51092297,1
0.263411,0.49841142,0
0.33906394,0.5047819,1
0.28713274,0.49646258,0
0.20583762,0.490442,1
0.2524509,0.5001531,1
0.298193,0.50022596,0
0.157684,0.48777986,1
0.25567162,0.49353138,0
0.16558674,0.49127832,0
0.26710385,0.4955351,0
0.38635463,0.49762186,0
0.15037197,0.5048233,1
0.26493138,0.49554178,0
0.30216706,0.49412477,0
0.17057243,0.5005717,1
0.20443358,0.4980276,1
0.3011651,0.50640464,1
0.19233221,0.49556956,1
0.19003844,0.4922173,1
0.31152838,0.4939232,0
0.23382086,0.507479,1
0.16125415,0.49705672,1
0.30033273,0.50320053,0
0.13545051,0.5020655,1
0.2530307,0.4892389,1
0.29087472,0.50388724,1
0.20596343,0.49571362,1
0.27472448,0.49897337,0
0.18510026,0.48452017,0
0.23410171,0.48815086,1
0.2070207,0.4952526,1
0.29763895,0.49920082,1
0.24879858,0.48529804,0
0.30996445,0.4926126,0
0.25025958,0.5059319,1
0.3874425,0.5163217,1
0.30075133,0.5226304,1
0.35561395,0.5081064,0
0.3129183,0.48765874,0
0.34225157,0.51908064,1
0.23020366,0.4972142,1
0.20573765,0.5111659,1
0.18344203,0.4878818,1
0.26322585,0.48998168,0
0.2779438,0.4959352,0
0.29252845,0.49128366,0
0.24997184,0.5011614,1
0.14023356,0.4946812,1
0.2876665,0.49222645,0
0.24953379,0.50938207,1
0.28043193,0.50295275,0
0.2391376,0.5058186,1
0.30808777,0.49376306,0
0.22477093,0.48573264,0
0.28122073,0.48666966,0
0.26627344,0.505233,1
0.2568171,0.49825993,1
0.29933217,0.49764526,0
0.30427042,0.50835294,1
0.28557867,0.4992071,1
0.3088311,0.49625793,0
0.27000472,0.48331583,0
0.29711884,0.4952999,0
0.17689082,0.49772322,1
0.29608658,0.493632,0
0.28523648,0.4968535,0
0.28752607,0.49171352,1
0.22699645,0.5064363,1
0.2877307,0.49065948,1
0.19490495,0.49934578,1
0.33922908,0.4916019,1
0.27916238,0.5047334,1
0.25469276,0.4836174,0
0.18475232,0.49408635,0
0.27477515,0.49200502,1
0.20043594,0.50466657,1
0.31870118,0.48118103,0
0.36192176,0.50353795,1
0.31346506,0.5030957,0
0.30172658,0.49522552,0
0.17870954,0.48589456,1
0.27234071,0.47621378,0
0.27450985,0.5091974,1
0.23251592,0.49709776,0
0.23599148,0.5177793,1
0.19200993,0.49506426,1
0.25959486,0.50184375,0
0.28144902,0.4924709,0
0.322479,0.49934745,0
0.31660435,0.48970544,0
0.39755884,0.506347,1
0.16546904,0.5068019,1
0.30895323,0.4867796,0
0.29672593,0.4878792,0
0.30759263,0.4943796,0
0.17897353,0.49848792,1
0.32066673,0.5175276,1
0.31194177,0.49132314,0
0.33706722,0.49488822,0
0.25651085,0.49590316,1
0.25603107,0.5021805,1
0.28509468,0.50855494,0
0.33641312,0.5127136,1
0.28573292,0.5032354,1
0.33910525,0.483058,0
0.24289379,0.5180902,1
0.34907997,0.5167573,1
0.3187375,0.49087155,1
0.25988907,0.49260366,0
0.2669039,0.4951428,0
0.35037923,0.5089676,1
0.41720307,0.51786613,1
0.33464196,0.52745134,1
0.2551518,0.4837127,0
0.22901069,0.4885347,1
0.30807644,0.49894777,1
0.23990256,0.49156007,1
0.3483018,0.4905332,0
0.23486757,0.48435307,0
0.28969657,0.50912255,1
0.27574122,0.50120944,1
0.24326062,0.49960625,1
0.29228932,0.4922131,0
0.23493776,0.4925562,1
0.32856527,0.48261893,0
0.21359116,0.497558,0
0.30599064,0.49102506,1
0.2569471,0.500874,0
0.27029744,0.48042783,0
0.26275325,0.48034438,0
0.23952721,0.5038838,1
0.31647566,0.49588063,0
0.26185888,0.4867146,0
0.27954775,0.48604095,0
0.33843255,0.4910647,0
0.22124577,0.4792091,0
0.30032963,0.4808816,0
0.29781237,0.4842416,0
0.09104462,0.4791083,1
0.3181134,0.49911007,0
0.2934788,0.49128518,0
0.24442902,0.5072096,1
0.19764727,0.48866782,0
0.23962441,0.50764686,1
0.32311925,0.5030147,0
0.2528243,0.4881362,0
0.30324337,0.49649808,1
0.34984076,0.52146965,1
0.27442724,0.49159536,1
0.29124534,0.49391517,0
0.29639167,0.4794061,0
0.28252953,0.50206494,1
0.31228963,0.49545062,1
0.24497183,0.5064248,0
0.18094274,0.49896404,1
0.31523952,0.49442005,0
0.2296888,0.48279953,0
0.2068761,0.488831,1
0.30846718,0.5001373,1
0.3522322,0.50071573,0
0.29153472,0.512161,1
0.28942525,0.49521494,0
0.31379122,0.49804306,0
0.25127572,0.491611,0
0.27054155,0.51687247,0
0.36788782,0.50871,1
0.31534117,0.48535952,0
0.30988616,0.49154663,0
0.27263293,0.49692318,1
0.23726311,0.4882175,1
0.2257944,0.4973437,0
0.41527814,0.49941108,0
0.20390949,0.49780083,1
0.34142286,0.49511704,1
0.29432893,0.49178886,0
0.3298942,0.49466702,0
0.31016672,0.5125779,1
0.3201071,0.50195104,1
0.19780305,0.49582878,1
0.20324385,0.49927568,0
0.26035407,0.4895638,0
0.21640882,0.49890193,0
0.21564427,0.49573293,1
0.29001525,0.48396397,1
0.2480663,0.5010992,0
0.27059886,0.49374756,0
0.32455432,0.48983225,0
0.30216,0.49344262,0
0.32285693,0.50314593,1
0.2886288,0.48803166,0
0.38526258,0.49715343,1
0.18339308,0.4916166,1
0.296941,0.49543345,0
0.28569424,0.486432,0
0.31177592,0.49826947,1
0.29958603,0.5085265,1
0.19124049,0.49553105,1
0.3243044,0.4955196,0
0.29823032,0.4930768,1
0.3811533,0.50906473,1
0.24385433,0.49847683,0
0.25856218,0.48855996,1
0.32614577,0.4955304,0
0.28385496,0.513593,1
0.28503677,0.4961333,0
0.2794803,0.4943764,0
0.3120323,0.5079459,1
0.28262368,0.49420515,1
0.31099665,0.49388137,1
0.3351331,0.49354672,0
0.31024975,0.48798776,0
0.2825476,0.5170829,1
0.29105645,0.5014569,0
0.2847612,0.49415728,0
0.24975803,0.50133824,1
0.34595203,0.4934043,0
0.21952158,0.50125456,1
0.256142,0.50360733,1
0.33611584,0.492594,1
0.29558042,0.48835704,0
0.32455906,0.48393273,0
0.24758226,0.49530825,0
0.18318406,0.47730145,1
0.26147875,0.5037306,1
0.264812,0.51498836,1
0.27597833,0.48906717,0
0.317399,0.5205201,1
0.2826411,0.4894555,1
0.22702572,0.4911941,0
0.27741697,0.49762225,1
0.2754304,0.48100463,0
0.31987548,0.4980738,1
0.3178333,0.488809,0
0.27443925,0.49113002,0
0.28558013,0.4877976,0
0.31006634,0.4924401,1
0.33064404,0.4967557,0
0.33725062,0.497408,0
0.25581494,0.5021661,1
0.22397949,0.50649065,1
0.19198471,0.48935673,0
0.31427455,0.48430887,0
0.2864252,0.4976867,0
0.33675534,0.4957042,1
0.25746176,0.49861455,1
0.28691548,0.4906291,0
0.2934424,0.48648325,0
0.29893404,0.49939632,1
0.2454549,0.512064,1
0.33108252,0.508764,1
0.26589772,0.4955447,1
0.2541731,0.50588226,1
0.26869607,0.49356624,0
0.24347588,0.4945883,0
0.36681187,0.5028456,0
0.23435682,0.49605766,0
0.268109,0.49948654,0
0.31687605,0.50692284,1
0.21417849,0.4862316,1
0.32151952,0.5006257,1
0.28760433,0.48639902,0
0.246101,0.4969568,1
0.29326212,0.5029209,1
0.30597603,0.49229002,0
0.2642524,0.4943428,0
0.23344997,0.49184582,0
0.26551712,0.4877616,1
0.29517514,0.5011224,1
0.4050568,0.49669322,0
0.28306177,0.51094484,0
0.22670676,0.5029471,1
0.2765015,0.48710313,0
0.20092872,0.49339342,1
0.19469285,0.49012136,1
0.15319446,0.50422454,1
0.28618503,0.4972639,0
0.22978878,0.49502468,0
0.2061338,0.49129644,1
0.24336204,0.49161318,1
0.3065397,0.5120427,1
0.23148802,0.49552405,0
0.23325975,0.5016025,1
0.26813334,0.50340545,0
0.31701922,0.49636593,0
0.3600542,0.49863446,1
0.26714194,0.48655513,0
0.33459952,0.49427292,0
0.22849548,0.49855074,1
0.20507,0.50285316,1
0.23261997,0.48571143,1
0.25970253,0.49047852,0
0.40898275,0.5173926,1
0.20977756,0.50090164,1
0.24434574,0.50117785,1
0.2700693,0.49081993,0
0.2556823,0.49280897,0
0.27778566,0.4945177,0
0.26570866,0.49562612,1
0.34859502,0.48342776,0
0.36281517,0.4939852,1
0.31745574,0.4972038,1
0.31371754,0.4969041,0
0.18572384,0.49456015,1
0.29653263,0.50137824,1
0.1821906,0.4960736,1
0.20394066,0.4935783,1
0.2049554,0.49548617,0
0.36763966,0.50008166,1
0.3030377,0.48798004,0
0.2801766,0.49447665,0
0.19240949,0.49999556,1
0.30783176,0.48180246,0
0.21040677,0.4934769,1
0.25994432,0.49195108,0
0.30275002,0.49733028,0
0.28798497,0.48862693,0
0.16965894,0.49201486,1
0.34021977,0.4954706,0
0.283514,0.5076204,1
0.21786714,0.50100684,1
0.34277976,0.4916896,0
0.12622952,0.48489085,1
0.29198945,0.48781136,0
0.21378532,0.495078,1
0.23370162,0.49200332,0
0.32416326,0.47501925,0
0.30021355,0.49585173,1
0.17669727,0.48450568,1
0.14626154,0.49381068,0
0.17506805,0.49969408,1
0.30202287,0.5015891,1
0.3320021,0.4952562,0
0.31708616,0.4877294,0
0.19910023,0.49786553,1
0.30101424,0.48719195,1
0.38480055,0.49805534,0
0.3235065,0.49315527,0
0.31427127,0.5039815,1
0.30532038,0.49584427,0
0.23297729,0.47832587,1
0.32507056,0.50657636,1
0.27840662,0.4955664,1
0.29978922,0.5086666,1
0.21331963,0.49285746,1
0.35881475,0.49740246,0
0.26734668,0.4841392,1
0.2506367,0.5057679,1
0.3100117,0.4895465,0
0.3197826,0.48732862,1
0.31989965,0.49146882,1
0.2501188,0.4855169,1
0.27502102,0.49922994,0
0.21182235,0.4929379,1
0.2619951,0.49577126,1
0.31109142,0.51122516,1
0.29151782,0.49013212,1
0.30790675,0.48612782,0
0.18592905,0.49280563,1
0.2050218,0.4841512,1
0.32530385,0.50265294,1
0.22501665,0.5021465,1
0.2614203,0.47267446,1
0.30314642,0.5003078,1
0.3454718,0.50672275,1
0.3348348,0.49496496,1
0.20660368,0.49618885,1
0.17008848,0.49873218,1
0.24283956,0.4998498,1
0.2319633,0.50135416,1
0.32903406,0.49143222,0
0.25962853,0.51756305,1
0.27218255,0.48494318,0
0.33460787,0.4932975,0
0.29660895,0.48791566,0
0.3099427,0.4876348,1
0.2537545,0.4964856,1
0.35697958,0.49726233,0
0.30088323,0.49239945,1
0.31092852,0.49597207,1
0.21498936,0.4954691,0
0.39061022,0.49319252,0
0.35881376,0.51892555,1
0.21975636,0.47890005,1
0.32107985,0.51056415,1
0.32564777,0.50577563,1
0.2643867,0.5024588,1
0.26687473,0.50516194,1
0.3048269,0.5064282,1
0.21675554,0.5012639,1
0.3270397,0.49368203,0
0.30186877,0.5000972,0
0.3442173,0.49849343,1
0.32043886,0.51266676,1
0.2955107,0.50086266,1
0.22385049,0.49620458,1
0.26852617,0.4953295,0
0.25189602,0.48286906,0
0.2254228,0.5028385,1
0.18884447,0.5017963,1
0.30881807,0.5040073,1
0.3039565,0.49323806,0
0.2858386,0.5128796,1
0.2174008,0.48997036,1
0.24700692,0.49995264,1
0.24946928,0.49416545,1
0.34556898,0.49931124,0
0.30090496,0.4871088,0
0.3258693,0.48153076,0
0.22946516,0.4958726,0
0.26045802,0.5033397,1
0.30502665,0.51465046,1
0.31866884,0.506543,0
0.24724129,0.49930584,0
0.19638449,0.4922547,1
0.2828276,0.49842003,0
0.33061248,0.49512783,0
0.324444,0.5037836,1
0.3287354,0.4976476,0
0.285164,0.4985455,0
0.29764968,0.49630275,0
0.32079983,0.493018,0
0.30775818,0.49613968,0
0.3038183,0.49619043,1
0.2362274,0.5023577,1
0.33330345,0.49072957,0
0.28315237,0.49535728,1
0.34842563,0.49764165,0
0.2978641,0.4874251,0
0.30680978,0.48209748,0
0.34427658,0.48822737,0
0.24582563,0.49854434,1
0.29694203,0.5029966,0
0.32554445,0.49327588,0
0.31619966,0.50695753,1
0.3557526,0.5041557,0
0.34080037,0.4965495,0
0.30640835,0.49994394,0
0.2316829,0.50003415,1
0.27094066,0.5119074,1
0.2170856,0.4999083,1
0.2910486,0.50506383,0
0.3053546,0.4964198,1
0.33843875,0.49157453,0
0.2862206,0.48547116,0
0.28740624,0.49077034,0
0.3287292,0.4921117,0
0.2451445,0.50587374,1
0.26828527,0.50667673,1
0.30816984,0.4905227,0
0.25373358,0.48975125,0
0.31015664,0.49004507,1
0.29167178,0.48842514,0
0.25172558,0.49569514,0
0.2780162,0.50232625,1
0.26121554,0.5042054,1
0.20159695,0.506646,1
0.27863598,0.4893115,0
0.26817304,0.4825083,0
0.29644433,0.49246943,0
0.24882753,0.51559407,1
0.16617562,0.5017097,1
0.29099834,0.49937454,1
0.23449884,0.49273935,1
0.32859296,0.4977965,0
0.25637597,0.49312449,0
0.32167214,0.490472,0
0.188923,0.50323725,1
0.25237736,0.48312554,0
0.292291,0.50273085,0
0.26719016,0.4835856,0
0.22789402,0.4834065,0
0.31745684,0.4904604,0
0.26775816,0.50511307,1
0.21999268,0.47966155,1
0.31582832,0.4856429,0
0.22266552,0.49487925,1
0.32651365,0.4911221,0
0.2570133,0.5052097,1
0.28612655,0.4920782,1
0.28593606,0.48873425,0
0.27402657,0.50140756,0
0.31081453,0.50002784,1
0.24766183,0.5106442,1
0.2946753,0.4941081,1
0.31210673,0.49988076,1
0.31566614,0.4982806,1
0.24547884,0.5020072,1
0.33099514,0.50925046,1
0.33280635,0.4985659,1
0.30747497,0.48830327,0
0.22741938,0.5065972,1
0.28502205,0.49834213,0
0.19498852,0.49669528,1
0.36610758,0.49550223,0
0.2665728,0.49224806,0
0.18848269,0.50150245,1
0.23689952,0.49434182,1
0.3008068,0.50177646,1
0.28571147,0.49458405,0
0.30670732,0.49208084,1
0.3080594,0.50045556,1
0.15097821,0.5018847,1
0.26539797,0.48722282,1
0.33164966,0.4962964,1
0.23181897,0.5041482,1
0.29466707,0.4972298,0
0.31132782,0.48681083,0
0.2533862,0.48770177,0
0.24955365,0.49984375,0
0.30971158,0.49529567,1
0.22692305,0.49377045,1
0.18234442,0.50073045,1
0.33364666,0.5124281,1
0.34723037,0.5038775,1
0.27682,0.4925917,0
0.31138307,0.49231258,0
0.27198523,0.51022965,1
0.29835656,0.49927917,0
0.23900047,0.48846984,1
0.2689569,0.4995691,0
0.31243035,0.48758176,0
0.28173482,0.5041831,0
0.30154777,0.5104242,1
0.3327614,0.50244516,0
0.40788454,0.4867113,0
0.23034899,0.48386738,0
0.34309125,0.4977921,0
0.26325977,0.48429692,0
0.34526283,0.49357152,1
0.18547563,0.4978299,1
0.32394126,0.48860383,0
0.30184382,0.5214774,1
0.31373084,0.49915603,0
0.23965645,0.4975407,1
0.28865018,0.50312656,0
0.29922903,0.5016641,0
0.35499758,0.4895443,0
0.29812843,0.48970306,0
0.37383327,0.49103746,0
0.25219592,0.50961846,1
0.28913575,0.49661812,0
0.24634686,0.4935405,1
0.19885658,0.5053815,1
0.16017403,0.49841,1
0.26538467,0.49065343,1
0.35523772,0.5135872,1
0.23228532,0.5059862,1
0.36011893,0.4882822,0
0.18387803,0.50428635,1
0.28037405,0.48990354,0
0.28968638,0.5029202,1
0.30954036,0.516462,1
0.21573488,0.48986098,1
0.3388188,0.49420628,0
0.32628033,0.52096194,1
0.2881804,0.5046857,0
0.31742698,0.49405515,0
0.30356282,0.4914477,1
0.22680888,0.5009641,1
0.27224928,0.49787092,1
0.21502051,0.5031784,1
0.3040951,0.50522184,1
0.31048062,0.4935175,1
0.21174715,0.48943678,0
0.34131604,0.49402156,0
0.3400436,0.4948795,1
0.19907884,0.49815378,1
0.23888344,0.5029686,1
0.21063772,0.49609938,1
0.23769894,0.48957098,1
0.29684728,0.49276543,0
0.28926265,0.49362585,0
0.28389457,0.49006867,0
0.21585816,0.4954749,1
0.24349782,0.4822136,0
0.32699758,0.4978597,0
0.3024004,0.49114263,0
0.28350753,0.49537933,0
0.20334566,0.5034446,1
0.2752726,0.49533382,1
0.28704065,0.49423793,0
0.36181402,0.50947136,1
0.3220145,0.49509177,0
0.30627245,0.5085011,1
0.2205238,0.50110763,1
0.25734985,0.5011177,0
0.17433192,0.4982092,1
0.29122907,0.48502132,1
0.32240605,0.5079313,1
0.31172946,0.5009219,0
0.3785175,0.49837318,0
0.24418804,0.5001659,1
0.2532735,0.48536053,1
0.2392113,0.50532407,1
0.2768794,0.50576967,1
0.31498504,0.49641356,0
0.21875955,0.49902984,1
0.28624427,0.48709628,0
0.32122368,0.5034995,0
0.3051958,0.49916872,1
0.18979639,0.50762993,1
0.23183078,0.5053335,1
0.26669353,0.48709193,0
0.2326335,0.49636483,0
0.23489302,0.49361095,1
0.2666153,0.48217687,1
0.19013771,0.48871353,0
0.28581673,0.4875432,0
0.22814642,0.5014777,1
0.31812984,0.49524698,0
0.21269703,0.492776,1
0.28301382,0.48767188,0
0.25763193,0.4940095,0
0.33315733,0.49759555,1
0.39077234,0.49874148,0
0.31394723,0.49589217,0
0.32729,0.4953741,0
0.17294347,0.49502197,1
0.2778951,0.5004425,1
0.31110525,0.4798499,0
0.20970508,0.49754277,0
0.36735368,0.4905233,0
0.20630887,0.5034805,1
0.30867928,0.48687053,0
0.32312468,0.51082754,1
0.14869988,0.48181424,1
0.23838873,0.4904116,1
0.34937352,0.4858067,0
0.17614262,0.49221876,1
0.32679018,0.482157,0
0.16319332,0.49945736,1
0.2441333,0.49107853,1
0.26010585,0.4912156,0
0.31007326,0.49132073,0
0.2837454,0.49246588,0
0.29659247,0.49090108,0
0.35383007,0.4927123,0
0.28016376,0.5090853,1
0.3104589,0.5038453,1
0.37170258,0.49944866,0
0.28915188,0.49020696,0
0.196693,0.49958053,1
0.22153302,0.49911585,1
0.24873146,0.48029587,1
0.32656747,0.48781082,1
0.31687856,0.48841667,1
0.30981147,0.48701748,0
0.25830555,0.4927425,1
0.3280171,0.4905479,0
0.25915176,0.48148552,0
0.34057364,0.48335552,0
0.3293117,0.49125883,0
0.29691386,0.50061244,1
0.30005193,0.49695373,0
0.30088216,0.50356966,1
0.3170812,0.49474445,0
0.37190956,0.48664212,0
0.24208018,0.49273324,0
0.24989073,0.49250278,1
0.24684128,0.48686492,0
0.2814547,0.5016177,0
0.23445016,0.50384,1
0.2908861,0.4966239,1
0.31522307,0.49601206,0
0.18651181,0.5004971,1
0.084796555,0.49985135,1
0.3378966,0.48915443,0
0.19346991,0.5088029,1
0.24501845,0.50138116,1
0.31415218,0.49667716,0
0.25540528,0.51724845,1
0.32565528,0.50743914,1
0.25310165,0.49352396,0
0.3165366,0.48229495,0
0.36250147,0.5029742,0
0.31204587,0.5060494,0
0.38009292,0.5049532,1
0.36246443,0.49822488,1
0.28267878,0.4839058,0
0.29149592,0.49479425,0
0.34498048,0.49418128,0
0.31286556,0.48422477,0
0.26038754,0.5018368,1
0.21801658,0.49549258,1
0.27102003,0.5108805,1
0.28055385,0.50481546,1
0.27433896,0.5075168,1
0.30450255,0.49961296,0
0.20352022,0.49298778,0
0.21047811,0.500387,1
0.23175839,0.4846603,0
0.2381531,0.5003517,1
0.2720475,0.48699334,0
0.23685503,0.51762944,1
0.2942025,0.50035864,1
0.2788216,0.5211431,1
0.2826749,0.5033857,0
0.2530381,0.49740326,1
0.25008214,0.4940455,0
0.21225801,0.493673,0
0.34487617,0.4998921,0
0.25940633,0.49997315,1
0.30532736,0.48441187,0
0.26692146,0.47888651,0
0.2542272,0.5046763,0
0.2145285,0.48462477,1
0.2653809,0.496037,1
0.30532643,0.5095216,1
0.27393115,0.4933363,0
0.30701745,0.5050326,1
0.36371565,0.50197226,0
0.27472642,0.48424563,0
0.27441353,0.5020291,1
0.34968328,0.5176613,1
0.3401661,0.4949743,1
0.22821763,0.48528925,1
0.30820423,0.49724755,1
0.2763045,0.5003687,0
0.30023926,0.491907,0
0.29487076,0.49050167,0
0.30279443,0.50911736,1
0.17636712,0.50111026,1
0.24290279,0.49247453,1
0.30047518,0.480752,0
0.3233977,0.49734655,0
0.26716447,0.50592786,1
0.21565339,0.4897221,0
0.28541988,0.50136894,1
0.24352688,0.5020924,0
0.27509457,0.51093656,1
0.24061096,0.48599017,0
0.35407418,0.49737382,0
0.31222737,0.5013339,1
0.21022278,0.496954,1
0.29498687,0.4980936,0
0.28228354,0.49811995,0
0.24085909,0.4976729,0
0.25095606,0.49336645,0
0.25991073,0.48788568,0
0.28703713,0.49334,0
0.27651507,0.49404383,0
0.29148608,0.48673573,1
0.29311368,0.51168936,1
0.25136584,0.49590638,0
0.22760907,0.5028572,0
0.19623822,0.4881314,0
0.20692894,0.5003139,1
0.37668186,0.48695612,1
0.23421411,0.4997983,1
0.23100215,0.4996443,1
0.25371158,0.49846432,1
0.33015627,0.515775,1
0.2695844,0.50438833,1
0.3056621,0.48517963,0
0.18058023,0.48064032,0
0.20826885,0.49597427,1
0.29617575,0.48687568,0
0.23547643,0.5120771,1
0.2522707,0.495773,0
0.24351853,0.49062213,0
0.25954792,0.49678227,1
0.29112363,0.50472414,1
0.30097356,0.50802344,1
0.2504477,0.49214688,0
0.28379983,0.49058834,0
0.29070458,0.49106875,0
0.22269288,0.49071336,0
0.2315902,0.49397382,1
0.27286744,0.48586687,0
0.27936426,0.49526033,0
0.20719078,0.49242043,1
0.2248504,0.502222,1
0.3189227,0.4912304,0
0.22220176,0.4924477,0
0.32578096,0.49526605,0
0.31222978,0.49224114,0
0.3265279,0.49462402,0
0.32626784,0.48562488,0
0.30740428,0.49513236,0
0.3021094,0.5059153,0
0.21921507,0.50337166,1
0.32471845,0.50301385,0
0.21814364,0.49024498,1
0.23606676,0.4867572,0
0.28967252,0.48942018,0
0.24903941,0.49942407,0
0.24301967,0.50099736,1
0.29366532,0.48932543,0
0.2742608,0.48934495,1
0.34932172,0.4974656,0
0.30411366,0.49206066,0
0.30342388,0.48922643,0
0.2612052,0.48623157,1
0.30824068,0.48199877,0
0.20443754,0.5022959,1
0.21728685,0.50061244,0
0.24501503,0.50973624,1
0.24587029,0.50394136,1
0.3193153,0.50040984,1
0.23520736,0.49099532,1
0.22657526,0.50625485,0
0.34311417,0.4943988,0
0.2458711,0.49365553,1
0.17277108,0.5001218,1
0.35098848,0.49728814,0
0.2610328,0.49277535,0
0.25123715,0.5073859,1
0.33503243,0.49413148,1
0.30983126,0.5214613,1
0.36021614,0.5078508,1
0.31586814,0.5000475,1
0.1732897,0.5026401,1
0.19585782,0.4963136,1
0.31055588,0.500758,0
0.30722284,0.5022581,0
0.26981384,0.49884614,0
0.20750694,0.50214154,1
0.22631183,0.49095425,1
0.3123438,0.4917693,0
0.22809955,0.50895125,1
0.3149389,0.4869642,0
0.32310557,0.49215126,0
0.2442065,0.5032204,1
0.34145284,0.4924952,0
0.27456027,0.5046894,1
0.3225776,0.49067354,0
0.28959656,0.49822178,0
0.27915704,0.4922081,0
0.31021017,0.49254906,0
0.28633496,0.49074522,0
0.28409803,0.5036995,1
0.31269908,0.4904467,0
0.294899,0.49414262,0
0.22271892,0.49896097,0
0.24089625,0.51239914,1
0.28654194,0.49698517,0
0.3336532,0.48326805,0
0.1884059,0.49429688,1
0.23157585,0.5089402,1
0.31281802,0.49750736,0
0.3955226,0.49057707,0
0.3181625,0.49752995,1
0.27615216,0.49095348,1
0.32464537,0.49606073,1
0.26759177,0.49907508,0
0.24316895,0.4987153,1
0.21519917,0.50085825,1
0.27835494,0.49800298,0
0.33359766,0.49325863,0
0.37868398,0.49933687,0
0.18327811,0.49059722,1
0.2978332,0.4901313,0
0.3010574,0.4925166,0
0.27696693,0.48740706,0
0.3260079,0.49384308,0
0.24991152,0.5033711,1
0.31319228,0.48878226,0
0.2687238,0.4902549,1
0.16852625,0.5094307,1
0.22664064,0.50284845,1
0.30058652,0.49307278,0
0.3590715,0.50058705,1
0.28707522,0.50548303,0
0.30343223,0.49693847,1
0.28504735,0.46878138,0
0.3136983,0.501814,1
0.14315346,0.48861203,1
0.26681605,0.49195656,1
0.25812784,0.49632406,1
0.2923601,0.4983565,0
0.31045377,0.5051425,0
0.27415058,0.4949346,0
0.2490038,0.48421726,0
0.19073443,0.48470616,0
0.36852592,0.48869872,0
0.33873147,0.4999918,0
0.22958532,0.48560166,0
0.3113343,0.49575052,0
0.28964615,0.4862658,0
0.2303609,0.50289214,0
0.31494978,0.4992702,1
0.33014485,0.49832883,1
0.23936173,0.49154392,1
0.32720977,0.5016255,0
0.18094271,0.500964,1
0.3129326,0.49897137,0
0.39116704,0.5106291,1
0.38460556,0.50996286,1
0.27608037,0.49443734,1
0.20565951,0.5008691,1
0.19606933,0.5014321,1
0.22935304,0.49997926,1
0.19654654,0.5019788,1
0.26192662,0.49405846,0
0.23578666,0.5031359,0
0.27766126,0.4949502,0
0.17973137,0.49611676,1
0.3004369,0.48854926,0
0.24990489,0.49677804,1
0.27220455,0.49053058,0
0.2593134,0.4975172,1
0.19597219,0.49202347,1
0.26091737,0.5082445,1
0.3146327,0.50804216,0
0.26000068,0.4956472,0
0.2822848,0.50299126,1
0.27371246,0.4983231,1
0.3001848,0.49785328,1
0.19722459,0.49662614,1
0.31194213,0.48337308,0
0.22923821,0.48206678,1
0.24794067,0.49843132,1
0.3226319,0.51801944,1
0.25112247,0.4907875,1
0.29309875,0.5054727,1
0.3133213,0.49527955,0
0.292675,0.49639735,0
0.31995064,0.5022578,1
0.26106322,0.50477964,0
0.2952322,0.50758344,1
0.31252584,0.5157593,1
0.33576298,0.4878099,0
0.2593243,0.50590485,1
0.25384542,0.49164888,1
0.3282414,0.49328294,0
0.21377733,0.48981872,1
0.31384546,0.4962286,0
0.2133524,0.50221634,1
0.26255864,0.49003693,0
0.27045077,0.4960482,0
0.18827878,0.49189773,1
0.31727707,0.5003192,1
0.18853332,0.4959819,0
0.17448263,0.48781523,1
0.2160016,0.4950079,0
0.3142656,0.49955717,0
0.22103086,0.49431482,1
0.36609846,0.4865578,0
0.37384254,0.48606396,0
0.33760715,0.5056024,1
0.27082494,0.50653434,1
0.3021178,0.4997503,1
0.2713859,0.4933455,0
0.27648708,0.5125569,1
0.26451942,0.50011355,1
0.25832415,0.49552393,0
0.26302788,0.4825627,0
0.28393835,0.4883717,0
0.21218568,0.49204764,1
0.2959955,0.48851147,0
0.3155673,0.4938474,0
0.33702216,0.5098976,1
0.22237396,0.49842915,0
0.30447668,0.50234705,1
0.17525873,0.50806993,1
0.22190575,0.49601957,1
0.1993221,0.49255714,1
0.2277514,0.49622563,1
0.25569552,0.49964407,0
0.38060963,0.4963658,0
0.3145336,0.5021404,1
0.39091557,0.5038335,1
0.26059967,0.49760532,1
0.3258624,0.48971686,0
0.29487318,0.4946086,0
0.31348705,0.49476305,0
0.2815826,0.50291246,1
0.29570636,0.52558464,1
0.2847972,0.5079476,1
0.26382735,0.5005052,0
0.33039013,0.48693672,1
0.24889281,0.49492785,1
0.2610643,0.49510583,0
0.31952694,0.48642504,0
0.29442275,0.4983289,0
0.19369918,0.49469683,0
0.30067623,0.50208086,1
0.31788892,0.49756503,1
0.28544846,0.4906838,0
0.277682,0.48864293,0
0.3116199,0.5050636,0
0.18244755,0.5002114,1
0.2694073,0.47850144,0
0.2896081,0.47856805,0
0.27455524,0.49857807,1
0.29698944,0.50298953,1
0.25731623,0.4943054,1
0.3068746,0.49714985,0
0.24443433,0.4905467,0
0.2862947,0.49746737,0
0.19517876,0.48669267,1
0.25182244,0.49267578,0
0.33524618,0.4951075,1
0.2513904,0.51741713,1
0.30371583,0.49603918,0
0.28832057,0.49166894,0
0.23305714,0.49589965,1
0.17831555,0.49796045,1
0.34655374,0.5182498,0
0.21566197,0.4976212,1
0.338015,0.49954352,1
0.28454095,0.5039732,1
0.3256955,0.49859992,0
0.22527604,0.49470687,1
0.19033885,0.49538028,1
0.28788745,0.4788277,0
0.3033326,0.48743,0
0.35428947,0.49612617,0
0.15857536,0.49329364,1
0.23538288,0.49260786,0
0.32457614,0.49248695,0
0.29815954,0.49759614,0
0.25444797,0.49530172,0
0.35713625,0.5011373,0
0.25444537,0.50018686,0
0.19730435,0.49270558,1
0.30726188,0.49184167,1
0.3160764,0.501525,0
0.2755339,0.50005674,1
0.33316317,0.49986112,0
0.28360233,0.49854818,0
0.33852273,0.4866728,0
0.14903358,0.4974687,1
0.36888555,0.49992213,0
0.22206694,0.4982907,1
0.21154402,0.4948223,1
0.1954791,0.49342594,1
0.34194684,0.5059398,0
0.33439106,0.52162915,1
0.28317332,0.49155828,0
0.24063325,0.5011869,1
0.2678972,0.49150828,1
0.21553224,0.5032527,1
0.28636816,0.5070449,1
0.32304776,0.49813962,0
0.19856352,0.48901927,1
0.34143198,0.4954121,1
0.30977014,0.49783012,1
0.14643407,0.5029822,1
0.27922744,0.48452774,0
0.28231525,0.49561134,1
0.27330714,0.49275863,0
0.23742805,0.49883902,1
0.24049859,0.4945383,1
0.20142251,0.49876943,1
0.32700568,0.4947079,1
0.22939827,0.49437034,0
0.29569286,0.49118868,0
0.27526116,0.50380576,1
0.28830272,0.5009284,1
0.27020323,0.50745505,1
0.2587936,0.50869244,1
0.32117632,0.49701223,0
0.19533302,0.4945854,1
0.16616754,0.49582914,1
0.28780344,0.49962267,0
0.284756,0.5040734,1
0.3722549,0.5113887,1
0.19762549,0.4914422,1
0.29859573,0.4913496,0
0.33647993,0.49998894,0
0.28712648,0.49548247,1
0.21191451,0.50492364,0
0.32668108,0.49924,0
0.3135453,0.48913077,0
0.33493203,0.5122605,1
0.22294316,0.5038156,1
0.35168928,0.49307168,1
0.26204342,0.48581132,0
0.31594074,0.50879264,0
0.32510436,0.48118708,0
0.23612338,0.5000016,0
0.17707494,0.4820169,1
0.28427604,0.48773432,0
0.29083228,0.4997443,0
0.25958687,0.46059322,0
0.14730267,0.5078141,1
0.24158645,0.50405115,1
0.18390945,0.50191754,1
0.32242256,0.49568534,0
0.28977507,0.5097702,1
0.29326266,0.48800263,0
0.2745454,0.49552074,1
0.29137918,0.49860513,1
0.18108365,0.49986926,1
0.3545777,0.4978877,0
0.15326618,0.50416625,1
0.33589703,0.48663762,1
0.27625325,0.5208113,1
0.34017256,0.48949707,0
0.27777174,0.48529276,0
0.20133348,0.5059971,1
0.3397511,0.4939582,0
0.26092806,0.48671138,0
0.22358349,0.49793258,1
0.29569733,0.49693358,1
0.27629757,0.4984219,0
0.28812137,0.5043144,0
0.20332986,0.48655066,1
0.23388451,0.5016705,1
0.2684411,0.48487023,0
0.30465955,0.49146095,0
0.30649954,0.49927783,0
0.28945276,0.49947047,1
0.2799526,0.500016,0
0.29757264,0.48544857,0
0.28722683,0.48078048,0
0.35237843,0.49499783,0
0.23774728,0.4861392,0
0.32639545,0.49575627,0
0.2858186,0.49464855,0
0.33985382,0.47997665,0
0.20301005,0.4955863,1
0.28123322,0.49746367,0
0.26403847,0.50542855,1
0.2681248,0.5029733,0
0.31070334,0.4911457,0
0.35096556,0.5079498,1
0.31207192,0.5018494,0
0.34196603,0.5072015,1
0.28336388,0.48924598,0
0.24979281,0.49643612,1
0.28845167,0.5055501,1
0.30064416,0.48604074,0
0.28498134,0.4942942,0
0.30068943,0.4995807,0
0.29954875,0.5075774,1
0.20773378,0.49913847,1
0.24705774,0.5136278,1
0.284338,0.50022584,0
0.28970972,0.49255583,0
0.30083355,0.4995235,1
0.2731322,0.5075199,0
0.2973339,0.49696052,0
0.3301972,0.49946383,0
0.3054225,0.51228625,1
0.21635243,0.4951593,1
0.31257266,0.5029095,1
0.27862862,0.4897233,0
0.31940934,0.49471167,0
0.2579556,0.48659754,1
0.20265476,0.4999497,1
0.25351506,0.49206403,0
0.27164894,0.48524705,0
0.3031233,0.48674175,0
0.2936517,0.48554564,0
0.3257536,0.48696306,0
0.3256935,0.48686108,0
0.35856465,0.49777672,0
0.23935665,0.49581754,1
0.22902015,0.50222033,1
0.3094988,0.488834,0
0.29315704,0.50130653,1
0.34250444,0.5114297,1
0.23988435,0.48734888,0
0.32912073,0.49425122,1
0.30411243,0.4968904,0
0.29860196,0.49687624,0
0.22437108,0.48509312,1
0.28820732,0.4936595,0
0.32948992,0.5032441,0
0.30373824,0.49070334,0
0.18082228,0.49915317,1
0.3003822,0.48897767,0
0.36310136,0.49485454,0
0.29323286,0.4931971,0
0.18573155,0.4966414,1
0.24930847,0.4968071,1
0.268094,0.49708483,0
0.28946728,0.49263978,0
0.1944459,0.4958489,1
0.32336518,0.51743597,1
0.32105148,0.49215937,1
0.30744702,0.49414036,0
0.35930312,0.5001109,0
0.33263886,0.49018228,0
0.2818281,0.4917986,1
0.2460767,0.49427375,1
0.23243797,0.49453148,1
0.30210152,0.49841222,0
0.20036986,0.48991737,1
0.28622198,0.5132672,1
0.2005378,0.48859343,1
0.38922408,0.48067987,0
0.29324153,0.49891207,0
0.19184211,0.5056271,1
0.25217032,0.5000913,0
0.29348952,0.48914647,1
0.24502353,0.49872863,0
0.29825974,0.49029085,0
0.31609935,0.5156703,1
0.30857366,0.52074844,1
0.3281941,0.50551224,0
0.3514427,0.48899183,0
0.3476537,0.49386394,0
0.34839264,0.50417656,0
0.2650438,0.4825102,0
0.24990748,0.49286985,0
0.24339777,0.50168556,1
0.25408417,0.48890933,1
0.2989687,0.5118936,1
0.21796083,0.4917055,0
0.25506338,0.49878612,0
0.2771507,0.5022959,1
0.32266596,0.49622014,1
0.30514383,0.4823517,0
0.29536337,0.48397112,0
0.25414893,0.4995319,1
0.32733428,0.48936367,0
0.2705109,0.4865545,0
0.31886262,0.48511687,0
0.29170838,0.5175709,1
0.295793,0.49716887,0
0.31489876,0.48569682,0
0.20522898,0.49072564,1
0.24360108,0.48968577,0
0.31077385,0.48888505,0
0.33953434,0.50937253,1
0.28252855,0.48179957,0
0.30225295,0.49969605,1
0.34836537,0.49783882,0
0.1842578,0.49507514,1
0.17633122,0.4843284,1
0.26263803,0.50128675,1
0.26729295,0.50655067,1
0.3011493,0.49191368,0
0.31474566,0.50933665,1
0.31411558,0.50201666,0
0.24551457,0.502182,1
0.2525184,0.49977127,1
0.22966641,0.49314594,1
0.21790576,0.48523536,1
0.28746697,0.49315047,0
0.31689307,0.49758998,0
0.34833485,0.49636188,0
0.29679394,0.49485326,1
0.23779243,0.49289957,0
0.29278344,0.50131017,0
0.28258997,0.494056,0
0.37955755,0.49636206,0
0.27620602,0.48928645,1
0.27997217,0.490072,0
0.2734302,0.4920846,0
0.2592576,0.488722,1
0.2593627,0.4905045,1
0.30189797,0.4844403,0
0.23489663,0.4992957,1
0.2722833,0.5036152,1
0.29164934,0.50884515,1
0.34373897,0.4903864,0
0.25470456,0.48488072,0
0.28642324,0.49068323,0
0.2472969,0.50145864,0
0.30609235,0.5067941,1
0.31617364,0.4901704,0
0.319727,0.49671713,1
0.31376427,0.49967146,0
0.22242215,0.49956003,1
0.30188727,0.49806324,0
0.34531403,0.49976,1
0.33232033,0.5104905,1
0.3227241,0.48276913,0
0.35982025,0.5141013,1
0.2892882,0.49593663,0
0.30332607,0.4948442,0
0.26096293,0.50326467,0
0.28144124,0.49440208,1
0.20806715,0.50316375,1
0.21257254,0.50243324,1
0.16029522,0.5023144,1
0.21095611,0.49608883,1
0.2080548,0.4880253,0
0.30783015,0.5136797,1
0.24812424,0.48628953,0
0.26901346,0.49199438,0
0.29027495,0.48787203,0
0.24814856,0.49055657,0
0.30459648,0.4886415,0
0.22814566,0.4982365,1
0.2663461,0.4939959,0
0.30197805,0.49047026,0
0.300407,0.507701,0
0.31958872,0.48181975,1
0.28418043,0.49709764,0
0.34663475,0.48549163,0
0.3215577,0.51659656,1
0.26830256,0.4851891,0
0.2924192,0.4900303,1
0.23074043,0.4949452,1
0.22843374,0.4952692,1
0.2897699,0.50429964,1
0.33902717,0.49137715,0
0.32213742,0.48941135,0
0.2585513,0.48890957,0
0.32853165,0.4969457,0
0.25866738,0.50133866,0
0.27947685,0.48735216,0
0.24837753,0.5025345,1
0.21279252,0.4918042,1
0.31699073,0.4930788,0
0.2645977,0.4929515,0
0.27191037,0.49102557,0
0.23587948,0.49502277,1
0.23429549,0.49045503,1
0.21020995,0.4939971,1
0.33678997,0.49965858,1
0.29544547,0.50078905,1
0.31028932,0.509568,1
0.24941318,0.48247948,0
0.304179,0.5037981,1
0.26912987,0.49554047,0
0.34687468,0.5041754,1
0.17189746,0.50199145,0
0.32635587,0.50753313,1
0.26217863,0.4951291,0
0.37400594,0.51681596,1
0.32967898,0.49822083,0
0.31452483,0.48747337,0
0.3050847,0.4933301,0
0.3621976,0.50765926,1
0.25682554,0.4884161,1
0.30533692,0.49148306,1
0.26310575,0.50296587,1
0.3055793,0.4979281,0
0.3194387,0.48497605,0
0.15656593,0.48654404,1
0.2806642,0.49797782,1
0.2159589,0.5001356,1
0.29495585,0.4987562,1
0.22720546,0.4960507,1
0.27462047,0.49420536,1
0.22736102,0.5007509,1
0.3841227,0.495208,0
0.2761411,0.49868456,1
0.33028144,0.50274444,0
0.3372613,0.50781345,1
0.20020783,0.50659794,1
0.2710868,0.49551782,1
0.24865805,0.49428162,1
0.30956873,0.48977494,1
0.23106134,0.5001485,1
0.3005907,0.4897449,0
0.21373537,0.48237672,1
0.33827534,0.4878148,0
0.23810625,0.49114096,0
0.27664688,0.49283984,0
0.22867845,0.48717007,1
0.3323416,0.49808803,0
0.23503426,0.5051444,1
0.30184376,0.4883833,0
0.26297873,0.52460164,1
0.19819382,0.49309492,1
0.2553293,0.48672876,0
0.33978245,0.49061188,0
0.27904072,0.5052404,0
0.32299975,0.51000595,0
0.2957344,0.4825083,0
0.22133464,0.48643526,1
0.2534053,0.5042077,1
0.14933936,0.48444805,1
0.26427,0.50013226,1
0.2820152,0.5037127,1
0.31457803,0.5046064,1
0.31080312,0.5029354,1
0.32014132,0.4937112,0
0.19469154,0.50063133,1
0.17324701,0.5000041,1
0.25223744,0.49215212,0
0.30154413,0.5023752,1
0.33667704,0.4929388,0
0.30931586,0.5040986,1
0.21595994,0.49523032,0
0.30176982,0.50188047,1
0.27190465,0.49555895,0
0.2963526,0.49811998,0
0.3006652,0.49806568,1
0.35605448,0.50795454,1
0.34412217,0.5059994,1
0.20742685,0.49885404,1
0.14508446,0.5009536,1
0.29477125,0.5079009,1
0.2777693,0.49402487,0
0.3134489,0.50149834,1
0.21839245,0.4947151,1
0.2976488,0.4867564,0
0.31152374,0.4951729,0
0.27829367,0.49442968,0
0.31159252,0.52011013,1
0.2880556,0.5004809,1
0.21984443,0.48622262,0
0.31173527,0.48859322,0
0.2905115,0.50311,0
0.1654355,0.50368065,1
0.3269318,0.49889863,0
0.2577662,0.49726042,0
0.24734823,0.48829785,0
0.27548033,0.4907235,0
0.33774197,0.50056046,0
0.2959226,0.51013535,1
0.17424113,0.49912754,1
0.29132393,0.49849644,0
0.292404,0.49114418,0
0.26846737,0.48105463,0
0.34567532,0.49517527,1
0.34178326,0.49342307,0
0.2899145,0.49152276,0
0.298724,0.48029342,0
0.25406092,0.4979343,0
0.3342981,0.49833548,0
0.32425678,0.4904336,0
0.22262067,0.5125025,1
0.37116528,0.49688888,1
0.30460137,0.48674822,0
0.29800403,0.49049166,1
0.3112718,0.49948394,0
0.23704861,0.50155395,1
0.3244567,0.5015978,0
0.30730024,0.50217867,0
0.30299664,0.50573176,0
0.37732857,0.5103083,1
0.25204086,0.49087837,0
0.3684223,0.4983697,0
0.27090204,0.4930857,1
0.28630912,0.5021994,0
0.28130397,0.50179094,1
0.29195014,0.49260166,0
0.23873572,0.49962863,1
0.18477133,0.50039494,0
0.23137492,0.49156177,0
0.3145329,0.4842361,0
0.3187324,0.49021682,0
0.3171268,0.4902514,0
0.3680388,0.492964,0
0.34407353,0.49998093,0
0.34062904,0.49927005,1
0.32503253,0.48151287,0
0.29940313,0.5017267,0
0.29728952,0.48951432,0
0.23938826,0.49077415,0
0.3237159,0.49439582,0
0.32778233,0.48827496,0
0.25072318,0.50757426,1
0.33122295,0.4936159,1
0.26229373,0.49781147,0
0.3740731,0.51801276,1
0.2968018,0.47923028,0
0.29518968,0.49630305,0
0.33155572,0.48840678,1
0.30114937,0.49324402,0
0.2553003,0.4985461,1
0.2542067,0.50121266,0
0.28603745,0.4981257,0
0.34312394,0.48500118,0
0.3123208,0.4843454,0
0.30895996,0.4928693,0
0.15341693,0.48387194,1
0.28992105,0.48363015,0
0.367247,0.51694113,1
0.18874738,0.48469552,0
0.28003192,0.4938921,1
0.2651317,0.5000668,0
0.33193967,0.52197677,1
0.2935099,0.4927529,0
0.3052623,0.49418226,0
0.2271137,0.5031915,1
0.2848512,0.5107786,1
0.30931956,0.49583682,0
0.25850317,0.48855984,0
0.2635586,0.49863955,0
0.2679803,0.48689532,0
0.26554638,0.5056339,1
0.2123709,0.5016425,1
0.37259716,0.49284467,0
0.23485766,0.49353957,1
0.18669245,0.48499903,1
0.27808905,0.4940175,1
0.20808083,0.4999695,0
0.23862557,0.4962542,1
0.2774213,0.48978758,0
0.23660822,0.4901618,0
0.3188558,0.49534023,1
0.22239596,0.48835778,1
0.24384287,0.48710647,1
0.35508892,0.48777887,0
0.28586644,0.47834036,0
0.3285761,0.4908997,1
0.26089668,0.50535005,1
0.2994163,0.50242114,1
0.2857129,0.50029427,0
0.3064176,0.4874568,0
0.22791782,0.5009543,1
0.3269478,0.51869553,1
0.28317323,0.49284872,0
0.20562153,0.5004372,1
0.2896161,0.49703038,0
0.3551795,0.49164757,0
0.31972367,0.4890367,0
0.3133819,0.49034166,0
0.2826472,0.48264554,0
0.34207404,0.49625114,1
0.26625115,0.48905554,0
0.3305453,0.515231,1
0.27691326,0.4896046,1
0.36726975,0.50525784,1
0.24453416,0.49777076,1
0.24946113,0.5053045,0
0.32021144,0.5027435,0
0.20100224,0.50381845,1
0.34785813,0.50073093,0
0.29235524,0.50708956,1
0.27342552,0.4978994,0
0.2845994,0.48700273,0
0.21589448,0.49882188,1
0.23967132,0.4982529,1
0.27847752,0.49612656,0
0.26939797,0.5061106,1
0.18326469,0.47588286,0
0.27524912,0.47928265,0
0.33318037,0.5007282,0
0.22421205,0.50412637,1
0.29042792,0.5164774,1
0.26038274,0.4900798,1
0.31851745,0.48450842,0
0.28267872,0.50533074,1
0.2596892,0.49486563,1
0.28917223,0.49124953,0
0.28817952,0.48688564,1
0.28775698,0.48050296,0
0.23559186,0.48533082,0
0.34970713,0.49342036,0
0.12312115,0.5000325,1
0.29292205,0.49161363,0
0.38199526,0.4932804,0
0.21092352,0.4935896,1
0.30019236,0.4911653,0
0.29546237,0.492609,0
0.18877998,0.48851314,1
0.16653192,0.4959866,1
0.2371335,0.4958184,1
0.26988965,0.49737537,1
0.32813412,0.48972103,0
0.29669693,0.5077688,0
0.17907235,0.49854,1
0.34298655,0.5127973,1
0.31859392,0.5023467,0
0.20301254,0.50061154,1
0.26019546,0.50402516,1
0.31027326,0.48591796,0
0.32803535,0.4926028,0
0.23398834,0.502827,1
0.3580079,0.48798084,0
0.29889038,0.48707834,0
0.24159282,0.49739766,0
0.26702848,0.49036503,0
0.3582664,0.4949728,0
0.30114347,0.48273107,0
0.34995025,0.4905598,1
0.22753753,0.4968454,1
0.36304986,0.5056937,0
0.28171322,0.48882282,0
0.34814608,0.4908397,1
0.28782162,0.49074256,0
0.23377326,0.495051,1
0.30856788,0.49735823,0
0.34450555,0.48714486,0
0.28806388,0.49440506,1
0.2104901,0.5000441,1
0.1936047,0.4905719,1
0.3471701,0.4959923,0
0.23152794,0.49854887,1
0.32997203,0.4977139,0
0.23635596,0.4936001,1
0.29617923,0.49608842,1
0.2690793,0.49565098,1
0.317386,0.49989644,1
0.18417053,0.49416658,1
0.28832537,0.4914879,0
0.25716627,0.50253147,1
0.2521249,0.5052977,1
0.2323504,0.50585383,1
0.30135578,0.49882725,0
0.2875524,0.5060637,0
0.29534698,0.49475792,0
0.23715183,0.4894681,1
0.16787457,0.50545543,1
0.20551473,0.49691916,1
0.23613727,0.48484293,0
0.2347664,0.49088693,0
0.21968994,0.4837706,0
0.2793225,0.49121824,0
0.2648684,0.48706976,0
0.38667274,0.5168846,1
0.18664196,0.4966445,1
0.25781605,0.5111664,1
0.33673579,0.5063294,1
0.32658553,0.49421766,0
0.23942524,0.49630693,1
0.29402682,0.49456182,1
0.30238026,0.5009336,1
0.15906513,0.49555472,0
0.24462612,0.502505,1
0.2760852,0.4982597,1
0.21988688,0.49842373,1
0.30237457,0.49061608,0
0.2591907,0.50163525,1
0.35236317,0.5038487,1
0.21210545,0.49501276,1
0.18961143,0.50062984,1
0.3514465,0.50613457,0
0.19427377,0.4874514,1
0.30134383,0.50254303,1
0.20467763,0.49368176,1
0.28438592,0.49651098,1
0.23391694,0.49017012,1
0.27206075,0.48610958,0
0.17263187,0.49791956,1
0.2981973,0.4929284,0
0.337071,0.49735186,0
0.28215832,0.5093435,1
0.3059619,0.48962256,0
0.27607855,0.48582968,0
0.34898347,0.49796292,0
0.25416067,0.48960197,0
0.23032522,0.49700573,0
0.28077832,0.48549166,0
0.25502753,0.49450088,0
0.28720063,0.49216804,0
0.24244359,0.48988,1
0.19929592,0.5059767,1
0.32467782,0.49725142,0
0.34519124,0.50105375,0
0.17438726,0.49298263,1
0.33161694,0.51120585,1
0.20580322,0.48605013,0
0.20092236,0.5016212,1
0.29904884,0.49893692,1
0.3301981,0.4980427,0
0.29801622,0.49089518,0
0.24461326,0.503071,1
0.2819565,0.4955472,0
0.22509906,0.48935413,1
0.17786269,0.48414055,1
0.23854217,0.49911937,0
0.26508752,0.49928233,0
0.25405028,0.5031998,1
0.29905367,0.5171223,1
0.250662,0.511466,1
0.31254244,0.48714355,0
0.26722234,0.49964777,0
0.39599556,0.5005,0
0.37132144,0.4940165,0
0.23891643,0.49779752,1
0.26083204,0.5060016,0
0.27350968,0.49160743,0
0.1973105,0.4947337,1
0.3030394,0.5017073,0
0.31220317,0.49854076,1
0.2992562,0.49435616,1
0.28918892,0.49392465,0
0.2277044,0.48184562,0
0.28564984,0.4958178,0
0.21687156,0.49423432,1
0.2673667,0.4949373,0
0.23309699,0.50289935,1
0.23797563,0.49591407,1
0.32978678,0.49973774,0
0.28491235,0.5006313,0
0.27443486,0.50482947,1
0.27830145,0.4990064,0
0.29822809,0.49470735,0
0.2094969,0.5012877,1
0.2175324,0.5020437,0
0.3744279,0.5052471,0
0.26095992,0.50014275,0
0.26330423,0.49067006,0
0.33870217,0.4986285,0
0.25587493,0.50006676,1
0.2084311,0.48218653,1
0.24637547,0.49887243,1
0.3350618,0.50114757,0
0.21203119,0.5001343,1
0.2699993,0.51131827,1
0.20740844,0.5018821,1
0.2974738,0.4898795,1
0.2649981,0.49695587,1
0.25225556,0.49864247,0
0.22929338,0.49884674,1
0.34268275,0.5029692,0
0.27093253,0.50451493,0
0.30752686,0.49576315,0
0.32567072,0.4965411,0
0.25594085,0.50299233,1
0.2931122,0.49186364,0
0.30852908,0.4974065,0
0.28345114,0.4982363,0
0.37434545,0.48817825,0
0.2215619,0.4987497,0
0.3359252,0.5074931,1
0.2789537,0.50433826,1
0.33777195,0.49694166,0
0.24658725,0.5023324,1
0.22570574,0.48930964,1
0.2304883,0.47977027,0
0.21274528,0.5009345,1
0.32998508,0.51427466,1
0.26842767,0.5103262,1
0.27802536,0.50621384,1
0.24625053,0.4905386,1
0.23666598,0.490021,0
0.32953745,0.48509553,0
0.25643206,0.50047785,1
0.34586924,0.49112475,0
0.3342043,0.50701356,1
0.20589754,0.49926603,1
0.33722746,0.50716585,1
0.27859992,0.49701202,1
0.26541966,0.50508744,1
0.22423916,0.49301973,0
0.3297913,0.49387798,1
0.3100024,0.49937114,0
0.2983135,0.50550413,1
0.22777234,0.48740268,1
0.2594144,0.4938098,1
0.18800575,0.5038932,1
0.23598549,0.49313807,1
0.21656653,0.48973116,1
0.25483155,0.49278975,1
0.3212229,0.4825885,0
0.32622814,0.52057934,1
0.22901869,0.49543092,1
0.3407445,0.4989744,0
0.23848148,0.49634138,1
0.3238985,0.49864617,0
0.2373486,0.49436817,1
0.32162145,0.50207555,1
0.31489348,0.4951332,0
0.27184737,0.5057266,1
0.29376978,0.5012307,0
0.22363546,0.5052927,1
0.31039006,0.49994287,0
0.28847563,0.49710068,0
0.30810922,0.49989113,0
0.3362152,0.50973296,1
0.32769042,0.4931021,0
0.29636136,0.52042764,1
0.21436411,0.49667087,1
0.29142743,0.5090914,1
0.3269639,0.50120085,1
0.23716862,0.49334732,0
0.18870518,0.50374967,1
0.27927193,0.49758282,0
0.24511386,0.4934462,1
0.30788618,0.4977728,0
0.29875892,0.51124907,1
0.12776057,0.49424672,1
0.24021521,0.4991432,1
0.22124314,0.5015544,1
0.3152567,0.4989101,1
0.16073899,0.50467986,1
0.22559679,0.497188,0
0.31754923,0.49185452,1
0.25334144,0.48062897,0
0.34181046,0.49842522,0
0.29546016,0.49163947,1
0.26529175,0.4974387,0
0.32145083,0.49325475,1
0.29429185,0.5035818,1
0.31384498,0.4801375,0
0.27645937,0.5099447,1
0.2365253,0.49612367,1
0.34754252,0.49656752,0
0.15172634,0.5065191,1
0.24093358,0.49763247,1
0.26599285,0.4977857,0
0.2574191,0.50053877,1
0.19986859,0.49395594,1
0.27495083,0.50198096,0
0.34136787,0.5141971,1
0.33513314,0.49305806,0
0.309103,0.48615217,0
0.38703614,0.49566987,0
0.32818663,0.5050741,1
0.28690463,0.48448694,0
0.2653162,0.49384224,1
0.34049863,0.48831806,0
0.30616152,0.49496663,0
0.22035286,0.49534687,1
0.29353225,0.49132934,0
0.28566802,0.49629375,0
0.2838831,0.48794058,0
0.25809672,0.5013727,1
0.22112066,0.50258803,1
0.17981455,0.4886166,0
0.28163254,0.49655557,1
0.27182332,0.4851459,0
0.23427507,0.49447212,1
0.19738418,0.5004763,1
0.2990113,0.4956267,0
0.34378183,0.49099374,0
0.26364812,0.4975276,0
0.20022394,0.4921231,1
0.301097,0.5010755,0
0.26210982,0.5050213,1
0.2642789,0.47957978,0
0.36403778,0.5172991,1
0.20855883,0.4993372,1
0.2849903,0.49319553,0
0.30072147,0.48984572,1
0.30810714,0.49598,0
0.3090827,0.48913065,0
0.26723385,0.4996654,0
0.24793023,0.50181645,1
0.27343982,0.49845314,0
0.3039772,0.4852526,0
0.3134628,0.50313693,1
0.29692885,0.49808374,0
0.18228802,0.49964872,1
0.17248309,0.48932233,1
0.30680484,0.4932941,0
0.24470162,0.48737884,0
0.30648613,0.5024006,0
0.20694366,0.48817983,1
0.29244822,0.4929751,1
0.28251022,0.4838756,0
0.2948524,0.4960824,0
0.2612474,0.47973546,1
0.2826627,0.49373356,1
0.2267434,0.5030863,1
0.33755052,0.5043037,1
0.30092743,0.4931331,1
0.18708807,0.50186896,1
0.22049712,0.49719796,1
0.25213072,0.4960074,1
0.23340574,0.49797678,1
0.2612993,0.48846337,0
0.20559369,0.48919463,1
0.14659356,0.48938265,1
0.34051713,0.5046751,1
0.20896935,0.4946476,1
0.30210257,0.49081147,1
0.23436637,0.4989489,1
0.23706526,0.49885312,1
0.27620077,0.4960257,1
0.23017292,0.4753212,0
0.31759733,0.5001859,0
0.325006,0.4985323,0
0.18757468,0.4945152,0
0.18135487,0.49223313,1
0.28093147,0.49220523,0
0.28666762,0.49140868,0
0.27222812,0.5044973,0
0.20278981,0.480055,1
0.27641144,0.48458079,0
0.3193794,0.5077125,1
0.16340083,0.49932578,1
0.24547946,0.49217033,0
0.22467202,0.49267575,1
0.26558942,0.51219773,1
0.19423255,0.4802978,1
0.2223962,0.49969864,1
0.20102558,0.48923063,1
0.3394588,0.49930337,0
0.22606118,0.48319772,1
0.3411656,0.49070844,0
0.22375399,0.49600163,1
0.27046612,0.49840477,0
0.21512611,0.49888995,1
0.22568747,0.4830533,0
0.3649571,0.4956763,1
0.2657961,0.5028355,0
0.2729723,0.48195672,0
0.31579304,0.49492204,0
0.18957862,0.49735275,1
0.34931198,0.49308112,0
0.3112887,0.4891931,0
0.20131046,0.4977359,1
0.3314736,0.49704206,0
0.25166118,0.49065915,0
0.29797107,0.50473493,1
0.2245138,0.5033136,1
0.24644071,0.48591638,0
0.23720022,0.49048075,1
0.25471264,0.5041256,0
0.28306997,0.49650142,0
0.28576875,0.4970716,0
0.3175987,0.49219322,0
0.38408464,0.5136903,1
0.23306103,0.4977031,1
0.27071393,0.49138692,0
0.29315946,0.48255658,0
0.3155206,0.49500564,1
0.21083926,0.49649432,1
0.2898284,0.49712527,0
0.31762084,0.4895248,0
0.17933525,0.50022167,1
0.24230723,0.4919118,1
0.26829123,0.47824287,0
0.29487827,0.50530154,1
0.23507662,0.5013781,1
0.30964506,0.5002772,0
0.14018987,0.4987173,1
0.34500235,0.49088585,0
0.18541747,0.5045689,0
0.35818097,0.49802765,0
0.31053153,0.48845032,0
0.34430325,0.50245064,0
0.20568085,0.4974197,0
0.3365389,0.4995552,0
0.3206914,0.49432698,1
0.26103914,0.49328756,1
0.280621,0.50378627,0
0.30919832,0.50203246,1
0.30049914,0.49129033,0
0.30598894,0.48437533,0
0.2539229,0.4808878,0
0.3221223,0.50114787,1
0.33596653,0.51330346,1
0.25635064,0.50008607,1
0.29802695,0.50064,0
0.33117366,0.5014447,1
0.3733804,0.4987793,0
0.33569807,0.4816835,0
0.25493997,0.49288717,1
0.19975597,0.4938214,1
0.26520538,0.48353043,0
0.19929248,0.48890445,0
0.31046724,0.4920975,0
0.3406775,0.5127456,1
0.24894866,0.49683276,1
0.10348355,0.49626532,1
0.19871163,0.50787777,1
0.2862777,0.48996136,0
0.27434343,0.48951077,0
0.20433831,0.4885749,1
0.3873274,0.50135237,1
0.28672567,0.4890895,1
0.33103657,0.49954498,0
0.31546438,0.5040327,0
0.2710387,0.51213914,1
0.28355998,0.50157374,0
0.2612821,0.4962219,0
0.3468452,0.49716535,0
0.20208377,0.49583527,1
0.29808837,0.49689355,0
0.37566662,0.49820992,0
0.13121372,0.4789249,1
0.27044016,0.48848855,0
0.2149939,0.49268946,1
0.30385733,0.48268864,0
0.2790699,0.4967158,0
0.332399,0.49686018,1
0.28930953,0.4936621,0
0.29867968,0.4928123,0
0.24132946,0.4909002,1
0.17870416,0.50350755,1
0.3910962,0.5158884,1
0.3073542,0.498493,0
0.26283658,0.5026072,1
0.21709573,0.4966452,1
0.29431397,0.4968872,0
0.28347498,0.49277195,0
0.2553473,0.4983511,1
0.25293696,0.4989847,1
0.3478427,0.51131785,1
0.29900354,0.50311655,1
0.27293593,0.4957285,0
0.20651612,0.5105381,1
0.30275708,0.51652265,1
0.22770222,0.4807903,1
0.24133632,0.49364984,1
0.26189208,0.48724353,0
0.21686782,0.5024589,1
0.23764455,0.48993874,1
0.23825464,0.48972866,1
0.2871338,0.49165964,1
0.25670195,0.4896357,0
0.31489116,0.49235368,0
0.28583953,0.48529994,0
0.33585227,0.48943463,0
0.1513527,0.491724,1
0.24085966,0.48820224,1
0.28266922,0.50369596,1
0.2787412,0.5030233,0
0.22103706,0.50283986,1
0.33730134,0.48619485,0
0.22122407,0.50112027,0
0.22243918,0.4935151,1
0.18955076,0.49458757,1
0.2635672,0.4913478,0
0.19328856,0.4906046,1
0.20613353,0.49402562,1
0.3282186,0.50288737,0
0.26022694,0.4868504,0
0.24885583,0.49734655,1
0.23784699,0.4963572,0
0.27529043,0.49681854,0
0.26500332,0.5008437,1
0.28857255,0.48579645,0
0.21553887,0.49432215,1
0.33386058,0.4804205,0
0.282166,0.49676982,1
0.23836665,0.49601677,1
0.20958757,0.49805436,0
0.1828703,0.4954172,1
0.19520584,0.49665928,1
0.31145823,0.4879072,0
0.1884071,0.49601838,1
0.34135687,0.5079946,0
0.24343011,0.4947326,0
0.23466899,0.49308673,1
0.32849622,0.50131905,1
0.23726451,0.4886888,0
0.31436208,0.5125466,1
0.20489454,0.49939552,1
0.33904606,0.4848919,0
0.21309419,0.5030957,1
0.26094794,0.5008318,1
0.33602452,0.49479496,0
0.27191305,0.5128353,1
0.27391058,0.4885062,0
0.32668257,0.48536432,0
0.32901034,0.48845664,0
0.29638103,0.482121,0
0.34299788,0.5025101,1
0.31319177,0.49786055,1
0.3127766,0.5184609,1
0.12490639,0.49693432,1
0.24594009,0.5009127,0
0.30423537,0.50260824,0
0.29977748,0.49571833,0
0.3023807,0.49619985,1
0.28350577,0.5005095,1
0.33735773,0.48467135,0
0.3203628,0.49030027,0
0.22613025,0.4839294,1
0.29742134,0.5008022,0
0.27784798,0.49749777,0
0.28144786,0.501516,0
0.19982389,0.50615484,1
0.27099907,0.493157,0
0.25910938,0.5050791,1
0.3546546,0.48603138,0
0.27630618,0.49358237,0
0.3314172,0.5179923,1
0.2774315,0.47958747,0
0.2148649,0.49269715,1
0.26145014,0.4988874,0
0.31044757,0.48800766,0
0.21610042,0.49231085,1
0.19379401,0.49486223,1
0.21194215,0.5011901,1
0.2826789,0.5029443,0
0.31316823,0.49541426,1
0.29927522,0.4924736,0
0.28322992,0.48971322,1
0.32611996,0.4933164,0
0.28380787,0.4925079,1
0.27377158,0.5097739,1
0.25575477,0.49943146,1
0.32969788,0.48427925,0
0.3136043,0.49065766,1
0.26414642,0.503588,1
0.22173768,0.49158272,1
0.2635047,0.47527304,0
0.32697397,0.4870622,0
0.21744603,0.4929911,0
0.30405462,0.49451903,0
0.31752497,0.4872191,0
0.21825668,0.4924859,1
0.26658288,0.5025751,1
0.28858745,0.48470953,0
0.24327672,0.49650708,1
0.1583596,0.4951636,1
0.2780887,0.4960012,1
0.26429173,0.50244296,1
0.31284237,0.48162448,0
0.33248085,0.49349496,0
0.15492348,0.49384674,1
0.26894295,0.5011012,1
0.2383075,0.49672493,1
0.29057235,0.50258434,1
0.35763788,0.49220195,0
0.2508853,0.49416092,0
0.312647,0.4777337,0
0.28415945,0.49618328,1
0.30314898,0.49626216,0
0.24972734,0.48550305,0
0.2803208,0.49171814,0
0.34886837,0.49267474,0
0.28988856,0.49938974,1
0.26997784,0.49908575,1
0.29699028,0.50349635,0
0.3074793,0.49191967,0
0.326698,0.5185917,1
0.28640833,0.48535764,0
0.29142874,0.49482942,0
0.3485056,0.490127,0
0.31180698,0.50714153,1
0.31773022,0.50623035,0
0.23382398,0.48945674,1
0.30322218,0.5050091,1
0.33018023,0.4955368,0
0.2957124,0.49090037,0
0.29741153,0.5008166,1
0.22727416,0.4880744,0
0.24536315,0.48220384,0
0.34384426,0.50153273,1
0.2539674,0.49410272,1
0.2016202,0.5000532,1
0.19925186,0.4950746,1
0.30353743,0.48501816,0
0.30602938,0.49513555,0
0.32989937,0.48383045,0
0.28022584,0.4970959,0
0.18663411,0.49154702,1
0.28875825,0.4968704,0
0.30686557,0.4960774,0
0.26977617,0.48575166,0
0.26097354,0.4953786,0
0.3357254,0.5034904,0
0.2634124,0.4775928,0
0.24235286,0.49097753,0
0.24354213,0.5135124,1
0.22359289,0.49435544,0
0.3449283,0.4987067,0
0.2994324,0.49380007,1
0.27740055,0.49568954,1
0.29032463,0.4948611,0
0.21881083,0.5023897,1
0.3046961,0.49886808,0
0.28646985,0.49353054,0
0.3240119,0.49599087,0
0.17911443,0.5049979,1
0.19417854,0.49721172,1
0.31533253,0.5013403,0
0.23759219,0.497552,0
0.33279222,0.4957423,1
0.20565379,0.49723408,0
0.20815566,0.4977022,1
0.14453085,0.49632633,1
0.3040055,0.48983702,0
0.3201664,0.487981,0
0.31118608,0.49979046,0
0.26661092,0.516123,1
0.31861177,0.5122099,1
0.2725176,0.49465036,1
0.33811432,0.50029725,0
0.32574183,0.5027264,1
0.313299,0.48896018,0
0.2333535,0.49340606,1
0.2543981,0.48840714,1
0.28384438,0.48783442,0
0.33562136,0.49335515,0
0.30439794,0.5001016,0
0.22879441,0.5018677,1
0.25817096,0.51114494,1
0.3352756,0.4925014,0
0.3427201,0.49584642,0
0.19243295,0.48589143,1
0.3089462,0.4957057,0
0.23529382,0.4862171,0
0.37832883,0.50752014,1
0.3467763,0.47218323,0
0.2374523,0.49751982,1
0.2648866,0.49583063,0
0.2399957,0.50736463,1
0.26342395,0.49323606,1
0.22550637,0.4963927,1
0.31742698,0.49981055,0
0.2839637,0.48543718,0
0.22177678,0.50316936,1
0.22444344,0.49226618,0
0.3346293,0.49906382,0
0.33376414,0.49560118,0
0.3634527,0.47980967,0
0.30013055,0.4923309,0
0.20374253,0.5001747,1
0.23581293,0.5006602,1
0.31024185,0.5004677,0
0.24931797,0.52207273,1
0.22809145,0.5085452,1
0.27889213,0.49357817,0
0.31916153,0.48763594,0
0.33547413,0.49477792,0
0.2666733,0.49783206,0
0.32779643,0.49379048,0
0.30728126,0.4971695,0
0.25646073,0.48340023,1
0.3062124,0.5083448,1
0.23152873,0.49050412,1
0.33517367,0.49859914,0
0.30152634,0.4990345,0
0.26773798,0.49243903,1
0.22905989,0.4856328,1
0.22940299,0.49852952,0
0.31717908,0.49553135,1
0.19930828,0.49844822,1
0.28988272,0.49196148,0
0.28151876,0.4959456,0
0.325706,0.49195787,0
0.2692489,0.5183509,1
0.29293987,0.48305464,0
0.30761784,0.5188251,1
0.31014985,0.49504757,0
0.27740443,0.5032678,0
0.2878743,0.49660626,0
0.28587884,0.5058349,1
0.3472585,0.5002686,0
0.23830587,0.49793598,1
0.3320939,0.4937644,0
0.33010006,0.49459505,0
0.33865395,0.5132561,1
0.3794893,0.49482107,0
0.23147938,0.4997189,1
0.31929523,0.48869208,0
0.2093106,0.50573826,1
0.3456763,0.5036771,1
0.24849159,0.50472695,1
0.28733563,0.47822252,0
0.3146514,0.48003182,0
0.33425638,0.4896939,0
0.31139785,0.50061136,1
0.26933026,0.49203214,0
0.27790934,0.51092196,1
0.1003599,0.4952866,1
0.27547032,0.502367,1
0.34283617,0.52072257,1
0.28686586,0.50441164,1
0.3324788,0.495824,0
0.30346164,0.50833124,1
0.29644558,0.4875644,0
0.3061238,0.48886573,0
0.34195513,0.49933434,1
0.27826458,0.4835182,0
0.31225914,0.4961346,0
0.22756037,0.49432647,1
0.2782241,0.5021674,0
0.18562996,0.49476016,1
0.30278546,0.47719646,0
0.26885176,0.4950304,0
0.33544534,0.50332785,0
0.31880295,0.49429274,0
0.25899974,0.5019334,1
0.29348946,0.48340383,0
0.2816813,0.49313387,0
0.3626417,0.48870242,0
0.22545601,0.48971978,1
0.24534881,0.48430118,0
0.32483768,0.48367134,0
0.32994884,0.48655382,0
0.32083514,0.5175616,1
0.34208536,0.5035355,0
0.30010402,0.4907639,0
0.3006945,0.49583253,1
0.3534528,0.4883848,0
0.23901679,0.47885588,0
0.34108844,0.5025683,1
0.2104311,0.49822035,1
0.113330215,0.49063936,1
0.3537294,0.4974805,0
0.35383666,0.51563984,1
0.19162288,0.48764017,1
0.20186302,0.48423433,0
0.25457025,0.5103109,1
0.2699699,0.4693859,1
0.261865,0.49808064,1
0.30210888,0.48102522,0
0.3402738,0.49777642,0
0.22783315,0.5010422,0
0.2124282,0.49503115,1
0.27814698,0.49571553,0
0.31421226,0.4908878,1
0.29361123,0.49513444,1
0.19688252,0.489184,1
0.31767356,0.4985012,0
0.3073324,0.51131064,1
0.15302677,0.48321268,1
0.32221997,0.48586774,0
0.26317826,0.51784253,1
0.26346785,0.47786188,0
0.31119716,0.5069311,1
0.21822762,0.4966879,1
0.20173872,0.49771476,1
0.18331626,0.5012455,1
0.22528514,0.47654334,0
0.31922576,0.50722283,1
0.30816767,0.49844053,0
0.2625175,0.50301594,1
0.27687567,0.49701488,1
0.34102786,0.5194319,1
0.3291939,0.50776505,0
0.30632508,0.4946157,0
0.34949538,0.4969139,0
0.3057309,0.4883916,0
0.35729885,0.49493515,0
0.31175765,0.5049821,1
0.20810817,0.49684855,0
0.2984915,0.4912963,0
0.3565964,0.49299896,0
0.22072457,0.49316397,0
0.32814118,0.4953169,0
0.26849496,0.48857307,0
0.23401707,0.5001957,0
0.1595817,0.49496898,1
0.25912836,0.48619413,0
0.2017523,0.49432078,1
0.25073725,0.48264253,0
0.24014935,0.49954128,1
0.256822,0.48647535,0
0.29849285,0.4890801,0
0.258639,0.50324774,1
0.16230391,0.5025828,1
0.29733485,0.49891376,0
0.30338216,0.49271306,0
0.29354864,0.48944822,0
0.32722324,0.50701094,1
0.29793167,0.49295697,0
0.3109663,0.501691,1
0.26573393,0.4964832,0
0.23005846,0.49569336,1
0.2834526,0.4968911,1
0.32372385,0.50318044,0
0.22853494,0.5035823,1
0.159888,0.5003318,1
0.2669314,0.47951683,0
0.29874048,0.48145512,1
0.30384248,0.50038046,1
0.24889654,0.5039039,1
0.3550165,0.5010957,0
0.25135124,0.50540954,1
0.33618975,0.4980348,1
0.18026917,0.49838784,1
0.32168064,0.49513793,0
0.22754227,0.49093208,0
0.29423034,0.49423805,0
0.24688593,0.5045825,1
0.21175471,0.50758696,0
0.31358564,0.5042141,1
0.24554098,0.49591097,1
0.37886184,0.504324,0
0.28958338,0.49508607,0
0.27986762,0.49785948,1
0.22536105,0.5018435,1
0.23604044,0.4965725,1
0.28539845,0.4775264,0
0.20968404,0.49677396,1
0.30147573,0.48694673,0
0.29945835,0.4868275,0
0.1999819,0.49560356,1
0.26682764,0.49659088,1
0.3279106,0.49980238,1
0.3650748,0.4940101,0
0.18752554,0.5016837,1
0.24746038,0.51605874,1
0.29983664,0.49789214,1
0.25314754,0.49279523,0
0.3197472,0.4971479,1
0.17453384,0.49626875,1
0.25104728,0.50885576,1
0.21005838,0.49182835,1
0.33871505,0.49336958,0
0.300071,0.50824887,1
0.32150298,0.4858522,0
0.2122335,0.5017151,1
0.30463305,0.49161753,0
0.22141191,0.4971477,1
0.28926238,0.50355726,1
0.24639449,0.50247234,1
0.2988633,0.49944845,1
0.28536797,0.4995295,1
0.28503695,0.4979268,0
0.19995582,0.49036035,1
0.2802888,0.49624118,1
0.2680561,0.5147597,1
0.22443129,0.49906674,1
0.27769387,0.49233398,0
0.29551736,0.49542022,0
0.2549557,0.49686873,1
0.2785725,0.4864334,0
0.27161512,0.49619213,0
0.3306266,0.51784414,1
0.30022162,0.5004037,1
0.34056342,0.49859783,1
0.3064018,0.4895598,0
0.2998419,0.49618396,1
0.26180217,0.489876,0
0.29853398,0.48318386,0
0.17383519,0.49265245,1
0.25502676,0.5038077,1
0.3065697,0.4954532,0
0.2263974,0.4947563,0
0.2744543,0.49470887,1
0.33394617,0.49869633,0
0.32346833,0.4892619,0
0.2732544,0.48892412,0
0.3367188,0.48999548,0
0.31573948,0.51818603,1
0.2563391,0.500552,1
0.35227516,0.48446834,0
0.34798583,0.4909823,0
0.15517688,0.48579797,1
0.2900487,0.50205797,0
0.26278007,0.4896306,0
0.3060049,0.49192658,0
0.21650957,0.516615,1
0.24207866,0.49686888,1
0.33460963,0.49514008,0
0.2121785,0.49545956,1
0.1881471,0.49383107,1
0.36293113,0.50027204,1
0.22577834,0.48559144,0
0.33433217,0.5004743,0
0.29938486,0.4986591,1
0.3539971,0.49755707,0
0.32709765,0.5020552,0
0.33249962,0.5034325,1
0.31835502,0.5170463,1
0.27239418,0.4948976,0
0.2128084,0.4909908,1
0.26205173,0.49898222,0
0.3164324,0.5066237,0
0.28880554,0.47093043,0
0.20078129,0.5046516,1
0.20327213,0.50566125,1
0.2387622,0.49057993,1
0.22919998,0.49539733,0
0.22087842,0.50254035,1
0.29931664,0.51310563,1
0.29604915,0.48931766,0
0.24694628,0.50069827,0
0.34074348,0.49639043,0
0.2060882,0.49813792,1
0.3218969,0.49167386,1
0.2806568,0.48498333,0
0.28364122,0.4804968,0
0.26340973,0.4882079,0
0.24023901,0.50027657,1
0.24133421,0.48993233,1
0.30430135,0.49431613,0
0.33919477,0.487959,0
0.29289836,0.49659005,0
0.35605288,0.50163335,1
0.32059914,0.5062206,1
0.33192664,0.48945487,1
0.34541908,0.4869822,0
0.2781918,0.49252674,0
0.2953467,0.4849659,0
0.35024896,0.50607914,1
0.33364493,0.4890243,0
0.33910185,0.49866238,1
0.23447776,0.4926361,0
0.19511783,0.49756575,1
0.29853678,0.48898593,0
0.2720176,0.49432865,0
0.25111222,0.50468844,1
0.28618154,0.49586,1
0.35168326,0.4930215,0
0.29647514,0.5008922,1
0.18796706,0.49841842,1
0.28707922,0.48707628,0
0.3234071,0.48602232,0
0.25273255,0.49660775,1
0.17678311,0.4874126,1
0.2759679,0.49475798,0
0.24211875,0.48392913,1
0.18059872,0.50354534,1
0.24853286,0.50055766,1
0.2657932,0.47768745,1
0.2470434,0.49820772,1
0.27470857,0.51122934,1
0.32605988,0.49554977,0
0.25337386,0.48595634,1
0.26629394,0.49926838,1
0.15716136,0.49192104,1
0.28512636,0.4951998,0
0.30694598,0.49012718,0
0.31998247,0.4859084,0
0.24901019,0.48721662,1
0.32359368,0.49690244,0
0.1494354,0.49880108,1
0.19970882,0.49703944,1
0.21374774,0.50593156,1
0.2855255,0.48995733,0
0.30960578,0.4947041,0
0.30502662,0.4982376,1
0.26066184,0.5003033,1
0.32785958,0.502032,1
0.19536857,0.49145707,0
0.2596861,0.503371,0
0.21558884,0.5032349,1
0.29611906,0.49198246,1
0.30006602,0.49588045,0
0.29796162,0.4899257,0
0.30592564,0.4989244,1
0.32048985,0.49405578,0
0.26619714,0.49130252,0
0.23049642,0.5038318,1
0.2863973,0.48847088,0
0.28373963,0.49508837,0
0.18470383,0.49585247,1
0.33887738,0.49323583,0
0.28102615,0.48107696,0
0.37039846,0.49300006,0
0.24647236,0.48855153,1
0.20280936,0.5006382,1
0.23332678,0.4953483,0
0.30435073,0.49844757,0
0.24059278,0.48647153,0
0.218311,0.48363233,0
0.32996666,0.50149417,0
0.32920298,0.49841094,0
0.35840726,0.5123492,1
0.26035318,0.49391937,0
0.2896481,0.5107135,1
0.25729612,0.4917979,1
0.27454844,0.5009424,0
0.27209175,0.49342093,0
0.21741413,0.4997237,1
0.23974602,0.5002787,0
0.26769102,0.4853798,0
0.34500277,0.49329436,0
0.18941042,0.5025408,1
0.25625753,0.5096743,1
0.26391792,0.49798763,0
0.34113497,0.49362934,0
0.28862107,0.49463677,0
0.21463743,0.5129288,1
0.3284053,0.5012565,1
0.2618792,0.48751506,1
0.29849207,0.5204776,1
0.23093736,0.4975854,0
0.27458835,0.5016127,0
0.23404017,0.48956633,0
0.24784634,0.5113464,1
0.27083173,0.49332222,0
0.24264677,0.49316588,1
0.35978854,0.49780867,0
0.24818185,0.49877957,1
0.21510172,0.49583492,1
0.2648826,0.5053418,0
0.29404956,0.5036188,0
0.18738559,0.49902496,1
0.27796948,0.48947513,0
0.29384965,0.48954353,0
0.30854583,0.49615607,1
0.30745167,0.49501452,0
0.3271256,0.5029146,0
0.2770452,0.47925305,0
0.274352,0.5183522,1
0.37934685,0.49909112,0
0.2884518,0.49532452,0
0.30498773,0.48975527,0
0.3231095,0.4864029,0
0.29528964,0.5071689,0
0.22200212,0.4936541,1
0.27086347,0.51122105,1
0.27234557,0.48505616,0
0.30241883,0.49011254,0
0.3685065,0.5039101,0
0.3197351,0.49072647,0
0.26836306,0.49329844,1
0.30303,0.49878624,0
0.27611816,0.501762,1
0.2917744,0.4861611,0
0.3289335,0.51847124,1
0.1652914,0.5060661,1
0.39186114,0.5008589,0
0.33075064,0.49432656,0
0.28468,0.50125796,1
0.36733273,0.4968643,0
0.31004107,0.48958382,0
0.2858002,0.48373422,0
0.2817324,0.48705718,0
0.26181194,0.49997663,1
0.27527237,0.50383776,1
0.2894653,0.4940013,0
0.31055477,0.49832764,0
0.30998653,0.4974661,0
0.32037005,0.49678525,0
0.2925068,0.49875507,0
0.29384294,0.48659647,0
0.31525895,0.48583332,0
0.2482393,0.49628964,0
0.32317296,0.49738467,0
0.20495012,0.48365188,1
0.30984372,0.48925123,0
0.24014544,0.49739847,1
0.26864657,0.5022876,0
0.29282284,0.5141987,1
0.32255325,0.5024571,0
0.18572153,0.49161783,1
0.22747836,0.49287415,1
0.24810895,0.5080338,1
0.30090535,0.50653225,0
0.3093605,0.49310872,0
0.32265776,0.49852172,0
0.37140465,0.4977311,1
0.24417233,0.49939156,0
0.36067384,0.5020854,0
0.34316453,0.49584523,1
0.2895121,0.48578158,0
0.19125216,0.4864854,0
0.28392884,0.5013156,1
0.24967733,0.49835384,0
0.32393706,0.50709826,0
0.30364925,0.49453482,0
0.27362537,0.5055699,1
0.33713257,0.49810466,0
0.36730638,0.48923945,0
0.19241962,0.49456516,1
0.2799724,0.48529303,0
0.3101555,0.48163947,0
0.25500455,0.49614584,0
0.27622432,0.48558834,0
0.32176507,0.48954174,0
0.18875557,0.48764387,1
0.31299266,0.48941612,0
0.23599389,0.49921975,1
0.3081696,0.49949887,0
0.22717819,0.48609614,1
0.19316943,0.5017453,1
0.32008356,0.4930643,0
0.20174024,0.49332383,1
0.2831756,0.48309347,0
0.3753736,0.49721566,0
0.3048873,0.4801173,0
0.22681838,0.49714598,1
0.21138625,0.48719513,0
0.293537,0.4976261,0
0.24157535,0.49327365,1
0.31788266,0.4894786,0
0.31057295,0.49480984,0
0.27715436,0.49251723,0
0.24434945,0.48992705,0
0.2817448,0.4899299,0
0.25849518,0.49271032,0
0.2952779,0.499478,1
0.19943884,0.49829975,1
0.1756531,0.497146,0
0.3182836,0.49470603,0
0.31963417,0.49001494,0
0.28329784,0.5027516,1
0.2554435,0.49310184,0
0.28827304,0.49278727,0
0.29326278,0.50287646,1
0.26374865,0.49813843,0
0.23357448,0.4971807,1
0.22731172,0.500748,0
0.27821118,0.49330434,0
0.26067618,0.4963833,0
0.36924148,0.50033164,0
0.3639984,0.49330688,0
0.24883617,0.5032745,1
0.16324665,0.49423206,1
0.24542144,0.4914364,1
0.13789105,0.50223535,1
0.27044624,0.48088312,0
0.32091123,0.49602732,0
0.3224615,0.4922714,0
0.305683,0.4884709,0
0.29193646,0.48954973,0
0.3274123,0.4943466,1
0.2819889,0.50546736,1
0.34089944,0.49807224,1
0.28056827,0.49463823,1
0.21886253,0.4957923,0
0.17947915,0.4916041,1
0.26015157,0.4967809,0
0.18265662,0.50149584,1
0.3224373,0.49394652,0
0.2449843,0.49125716,0
0.21299101,0.49001876,1
0.32898623,0.49286127,0
0.19101909,0.4999385,1
0.25687006,0.491542,0
0.2869373,0.49914345,0
0.1925648,0.49892125,1
0.27326697,0.50160474,0
0.25022176,0.4942061,0
0.2678217,0.49543223,1
0.30852878,0.49008206,1
0.24499005,0.5066784,1
0.29298228,0.50498253,1
0.3109085,0.51366454,1
0.3168317,0.50008863,1
0.2935267,0.49107775,0
0.19627872,0.51289624,1
0.27507403,0.501267,0
0.21895245,0.50280786,1
0.25551373,0.48929772,0
0.2925951,0.50113946,0
0.30532846,0.4833168,0
0.36663032,0.50969523,0
0.31784892,0.49594703,0
0.28664392,0.4977474,1
0.25622886,0.49389592,0
0.313133,0.49545655,0
0.21195255,0.49231538,1
0.2555719,0.5065185,0
0.28969246,0.4993328,0
0.233194,0.49498236,1
0.32096794,0.48900065,0
0.16914669,0.4966445,1
0.29756573,0.50653666,1
0.38999417,0.5061443,1
0.25236446,0.49345466,0
0.20966539,0.5053598,1
0.30251896,0.49953666,0
0.28119612,0.49241862,1
0.32882917,0.5116957,1
0.3082176,0.4955295,0
0.28175753,0.4904181,0
0.21290395,0.4953138,1
0.27432758,0.49417186,0
0.3336898,0.49890494,0
0.11080147,0.50380033,1
0.30709964,0.48780772,0
0.27024978,0.49593124,1
0.3499092,0.49267825,0
0.24237405,0.5023989,1
0.21546052,0.49570215,1
0.24082771,0.5007445,1
0.15227963,0.4980434,1
0.266148,0.50096375,1
0.29884845,0.4985137,0
0.29104352,0.50132066,0
0.3285194,0.51154643,1
0.31497198,0.4995586,1
0.20060286,0.4927267,0
0.29151875,0.5175559,1
0.2830542,0.4961132,0
0.25366378,0.50485307,1
0.24348134,0.500954,0
0.34654716,0.49324563,0
0.3099678,0.49830198,0
0.35486335,0.50144863,0
0.33786833,0.5217423,1
0.2970523,0.50237834,0
0.20098196,0.5003012,0
0.28370818,0.48672423,0
0.35607457,0.50578815,1
0.2992939,0.49960506,1
0.31300902,0.48863086,0
0.3334536,0.4917077,0
0.28708228,0.49207124,1
0.3038231,0.4999453,1
0.28153488,0.4869713,0
0.2996177,0.48132813,0
0.26446462,0.49337295,0
0.22162071,0.48986974,1
0.32996482,0.49799383,1
0.31484467,0.4959487,0
0.23984547,0.50301373,0
0.31052548,0.48357117,0
0.3213817,0.49674833,0
0.35634238,0.49461213,0
0.30748886,0.49456027,0
0.30742604,0.4922843,0
0.30829445,0.4919891,0
0.31280288,0.50484747,0
0.24543023,0.49503386,0
0.2982409,0.50813454,0
0.2135385,0.5002402,1
0.29678965,0.50681823,1
0.25760716,0.5123435,1
0.2552667,0.50351787,1
0.30966264,0.4946518,1
0.27680504,0.49022567,0
0.31512225,0.4989554,0
0.31494775,0.4847447,1
0.2910153,0.49650612,0
0.2634044,0.48786965,0
0.2582474,0.50262946,1
0.29326975,0.5066213,1
0.25505865,0.48292854,0
0.25593352,0.48844266,1
0.21922508,0.5002279,1
0.19574061,0.47972623,1
0.36885184,0.4987481,0
0.23340051,0.49631843,0
0.31065547,0.5035562,0
0.28714105,0.501815,0
0.26764184,0.4802203,0
0.28434432,0.48542628,1
0.16251847,0.49750528,1
0.26223442,0.50134045,0
0.35024914,0.49533907,0
0.32509002,0.5019155,0
0.278242,0.50633115,1
0.2709445,0.49658152,0
0.26542932,0.49963248,1
0.30757505,0.4975263,0
0.32342935,0.51000565,1
0.3071465,0.4890075,0
0.1825786,0.5066545,1
0.19321525,0.4877905,1
0.31521863,0.50114924,1
0.29236048,0.49129844,0
0.16422093,0.49176493,0
0.2827983,0.51275474,1
0.27570713,0.49078688,0
0.28682435,0.50811535,1
0.32992142,0.4970679,0
0.2059626,0.49341127,1
0.24082404,0.508741,1
0.30428287,0.4966382,0
0.15610608,0.4929855,1
0.29046488,0.49027538,0
0.36356443,0.4984065,0
0.2314732,0.48835114,1
0.2773044,0.49696922,0
0.33213055,0.5044866,0
0.23467188,0.5017113,1
0.25816175,0.4910469,0
0.23079771,0.50751597,1
0.31608522,0.49167928,0
0.27325875,0.4867425,0
0.27282214,0.48637518,0
0.21277678,0.5018644,1
0.3131374,0.4871622,0
0.26948097,0.48798773,1
0.19347917,0.49006963,1
0.33404195,0.48500872,0
0.28948772,0.4971902,0
0.20397463,0.48998198,1
0.17324547,0.50394803,1
0.22429152,0.49570486,0
0.23144574,0.49000216,1
0.28699476,0.490688,0
0.20078194,0.48780322,1
0.24738206,0.49741518,0
0.24492943,0.503815,1
0.28965443,0.4931663,0
0.26733834,0.5022684,0
0.3151672,0.48289278,0
0.26979265,0.49293065,0
0.24700165,0.48432818,0
0.19276424,0.49724248,1
0.37755182,0.49152836,0
0.28770489,0.49853286,0
0.30350804,0.49040613,0
0.29594678,0.4941142,0
0.22704044,0.49744487,0
0.25970325,0.49205312,0
0.21837611,0.49348357,0
0.34801507,0.5073028,1
0.16730721,0.48524988,1
0.20554802,0.5010845,1
0.30166388,0.4966059,0
0.32117367,0.4825236,1
0.21773693,0.5023442,1
0.24773088,0.4994205,0
0.20114851,0.49734482,1
0.25290948,0.48643485,0
0.1989267,0.4819386,1
0.27942795,0.49792638,0
0.26001066,0.5066922,1
0.23505443,0.50284135,1
0.35497195,0.5074146,0
0.31885755,0.50911325,1
0.3074917,0.49537632,0
0.30838636,0.49583754,1
0.3015245,0.51199263,1
0.27625442,0.49133912,0
0.23714821,0.49990734,1
0.3122373,0.4910667,0
0.2631741,0.4854089,0
0.28510973,0.49480376,0
0.3552811,0.49373996,0
0.22854789,0.48577344,0
0.26856673,0.4944979,1
0.31445363,0.50690144,1
0.27216914,0.48863304,0
0.23696652,0.47524607,0
0.2792787,0.48558918,1
0.25918975,0.5064637,1
0.25800374,0.49689946,0
0.38349062,0.50741845,1
0.27747875,0.49038061,0
0.2725119,0.5071006,1
0.36031824,0.5119669,1
0.37652475,0.5186842,1
0.2425134,0.49892035,0
0.26655433,0.49344754,0
0.34815884,0.49240342,1
0.33331743,0.47714004,0
0.31529683,0.48753688,0
0.29319885,0.5065234,0
0.24436486,0.50528824,0
0.27912644,0.49652743,0
0.2779366,0.49104345,1
0.32242596,0.5077359,0
0.3311159,0.48912528,0
0.2849455,0.49598837,1
0.3558703,0.49839178,0
0.30640674,0.48796126,1
0.32398063,0.49547395,0
0.31378946,0.49925578,1
0.2149023,0.5014171,1
0.33779266,0.5011821,0
0.35354877,0.51171434,1
0.1845095,0.49210513,0
0.26124188,0.48764315,0
0.21677649,0.49178395,0
0.24375062,0.5035484,1
0.23063129,0.49780163,0
0.2993329,0.49986959,0
0.1720685,0.49449453,1
0.25107044,0.48397824,0
0.30651757,0.4999849,1
0.22159125,0.48716614,1
0.3287138,0.49491596,0
0.30231532,0.49509844,0
0.28027,0.48497143,0
0.29049635,0.502218,1
0.10852097,0.49218598,1
0.17222604,0.50031894,1
0.18081938,0.4962302,1
0.23815112,0.49504206,1
0.32315063,0.4812131,0
0.27935392,0.49584493,0
0.19462782,0.50528806,1
0.3499218,0.49224782,0
0.2950785,0.49406424,0
0.2500453,0.4855814,0
0.19282366,0.495923,1
0.25290537,0.48878455,0
0.29263875,0.48966274,0
0.31629747,0.5042825,0
0.2747506,0.5045826,1
0.27017784,0.49229082,0
0.33701462,0.5041532,1
0.21387799,0.49644804,0
0.24360904,0.5061824,1
0.26567286,0.485158,0
0.30345586,0.49925876,0
0.17144465,0.5068204,1
0.2769623,0.48739767,0
0.2849397,0.49752656,1
0.35193667,0.48876595,0
0.31110814,0.49190506,0
0.31363165,0.4921681,1
0.277147,0.48674464,0
0.30942023,0.49995875,1
0.3329075,0.51715845,1
0.27425197,0.5111971,0
0.29088256,0.49823347,0
0.27327448,0.48408994,0
0.29000184,0.49292782,0
0.23768753,0.50615245,0
0.27613908,0.5012942,0
0.2826752,0.4908569,0
0.30870628,0.4843684,0
0.33282965,0.4927551,0
0.19777544,0.4940749,1
0.37967482,0.5006698,1
0.2800187,0.49280477,0
0.23633444,0.49118373,1
0.28235474,0.48919877,0
0.34020814,0.48379898,0
0.3153915,0.5017897,1
0.35616797,0.48776016,0
0.33499986,0.5005477,0
0.21572082,0.4994484,1
0.19307336,0.5000649,1
0.31287533,0.50188565,1
0.26375535,0.5176654,1
0.16341056,0.48238587,1
0.3265823,0.5044407,1
0.36328983,0.5094963,1
0.2877485,0.4872749,0
0.33838215,0.4933715,0
0.17370827,0.50082517,1
0.2872938,0.50418746,1
0.27068707,0.5005357,0
0.2754807,0.5040281,1
0.3108509,0.48497152,0
0.31379318,0.5115221,1
0.29347396,0.4972132,0
0.3422016,0.4986942,0
0.28799832,0.49420223,0
0.26275998,0.48980322,0
0.30497748,0.49009895,0
0.23924926,0.50024885,1
0.32597888,0.49076924,0
0.32090646,0.5012076,0
0.20616853,0.4991823,1
0.31246936,0.4954199,0
0.29430407,0.49577975,0
0.19832367,0.49027696,0
0.302298,0.4975165,0
0.25685474,0.49928737,1
0.25989437,0.50008863,1
0.32580793,0.49925366,1
0.29807335,0.48946404,1
0.30209485,0.49842498,1
0.37205255,0.4963235,1
0.29086477,0.5005293,1
0.23430881,0.4832308,0
0.32880744,0.5022194,1
0.36893585,0.49874258,0
0.26376078,0.49304783,0
0.2665903,0.502206,1
0.32647723,0.50163954,0
0.23523694,0.5011632,1
0.3391282,0.49204537,0
0.33084807,0.4914757,0
0.23842403,0.4921476,1
0.28718597,0.497573,0
0.30074358,0.517705,1
0.28052774,0.48607072,0
0.26446533,0.49664474,1
0.2538033,0.5070403,0
0.2506209,0.4990587,0
0.23390353,0.51308924,1
0.23537934,0.49737108,1
0.21070346,0.48364547,0
0.23993878,0.49168983,1
0.19530675,0.48133495,0
0.23409803,0.4876937,0
0.31360006,0.49928212,0
0.30332977,0.48155046,0
0.22814283,0.5031653,1
0.27864987,0.5028662,1
0.24480784,0.49367455,0
0.22745223,0.501137,0
0.30921718,0.50077295,0
0.32070172,0.49449944,0
0.21001646,0.4980742,1
0.31744748,0.5043173,1
0.23292285,0.4947858,0
0.3250832,0.50292665,1
0.2058689,0.51355124,1
0.20814902,0.49477294,1
0.3701071,0.49249077,0
0.37153476,0.4947017,0
0.19538902,0.49920622,1
0.33511165,0.4854993,0
0.27008712,0.50047415,1
0.29657656,0.47260925,0
0.29063183,0.48884058,0
0.33608586,0.50297016,0
0.26548335,0.49681187,0
0.3535902,0.50495976,1
0.25314063,0.50733596,1
0.25663742,0.4854176,0
0.22993,0.4958167,1
0.25225082,0.4930459,1
0.345547,0.5088764,0
0.26011884,0.49536598,0
0.257284,0.49429712,0
0.26069823,0.4969988,0
0.3972001,0.5177854,1
0.32381976,0.4998099,0
0.2821276,0.49937487,0
0.29546538,0.50626236,0
0.31313208,0.5030189,1
0.24684957,0.5170794,1
0.29748264,0.49552777,0
0.28738844,0.4987292,1
0.29296988,0.49395558,0
0.35335344,0.4836987,0
0.22220977,0.50337404,1
0.30185753,0.5008543,1
0.29679728,0.51055425,1
0.21118616,0.5048239,1
0.3401082,0.4830232,0
0.22758043,0.4888272,1
0.29351813,0.4854766,0
0.23212554,0.49900746,0
0.32655203,0.49951062,0
0.23871496,0.48929432,1
0.33458382,0.48795727,0
0.17274953,0.4998032,1
0.14012843,0.50233227,1
0.23177226,0.4989977,1
0.29411936,0.4935168,1
0.21588866,0.50731105,1
0.25326467,0.49670795,1
0.3259864,0.48835206,0
0.19752517,0.5052878,1
0.3397249,0.49452734,0
0.36689168,0.4887568,0
0.29127645,0.49269816,0
0.2976914,0.49396947,0
0.21705467,0.48709026,1
0.29697302,0.51396877,1
0.25904348,0.49850383,0
0.30185795,0.48736742,0
0.32435456,0.49683914,0
0.24244773,0.49107537,1
0.23649906,0.49786165,0
0.31438392,0.50803024,1
0.30657256,0.4837921,0
0.34103882,0.5044976,1
0.26825237,0.501218,0
0.32419467,0.5010812,1
0.3937657,0.51031446,1
0.1920883,0.49919048,0
0.19281924,0.505102,1
0.28410032,0.48688337,0
0.252435,0.49896312,1
0.2461099,0.49955407,0
0.2755543,0.4885629,1
0.34143993,0.50007194,0
0.3214745,0.49350414,1
0.33883697,0.4956927,0
0.32738012,0.4877317,0
0.26705825,0.48792037,0
0.2774445,0.4959642,0
0.23528191,0.4942744,0
0.28928375,0.49146748,1
0.33904135,0.500709,0
0.31064433,0.4919951,0
0.23212664,0.48365292,1
0.32914367,0.51350784,1
0.31071338,0.49310556,0
0.2861932,0.49070287,0
0.28402725,0.4801261,0
0.30170262,0.50507027,0
0.2848621,0.49652115,1
0.28542638,0.5034809,0
0.32594043,0.4944856,1
0.27163067,0.49873948,1
0.21428803,0.49156475,1
0.1931338,0.48478636,0
0.25395513,0.49445653,0
0.31199306,0.4923769,0
0.19016606,0.4962721,1
0.28391594,0.4843686,1
0.27976328,0.49128708,0
0.3051707,0.5144616,1
0.2707229,0.50305074,0
0.24442068,0.48772514,0
0.21480592,0.5037506,1
0.28426647,0.5014956,0
0.2351312,0.49697486,0
0.3453409,0.4863638,0
0.2194747,0.50341046,0
0.1346049,0.4894615,1
0.29954007,0.4798846,0
0.30916852,0.50510406,0
0.2972613,0.48001966,0
0.2587897,0.5071198,1
0.3272532,0.49058843,0
0.29482007,0.49697748,0
0.19130404,0.49584475,1
0.23583281,0.5049813,1
0.26982573,0.50129837,1
0.2660089,0.49235496,0
0.334015,0.49402094,0
0.2657817,0.50213,1
0.18551528,0.49741182,0
0.2816411,0.4787898,0
0.32811022,0.49340057,0
0.1912758,0.49475098,1
0.24420467,0.49729952,1
0.329604,0.49270737,0
0.20863172,0.5047576,1
0.33314723,0.49177405,0
0.30923694,0.50040585,0
0.27487567,0.5155856,1
0.36559176,0.49743906,0
0.32935333,0.4805719,0
0.30154437,0.4920112,0
0.2912545,0.49398145,0
0.24149585,0.50066876,1
0.3177447,0.48540106,0
0.27129534,0.494663,0
0.2801366,0.49072683,0
0.29722166,0.50733405,1
0.32633802,0.49536073,0
0.33870777,0.5039341,0
0.25491482,0.4895097,0
0.22642548,0.49799633,1
0.2920987,0.4835218,0
0.30864775,0.49276698,1
0.21435529,0.4949924,1
0.28755754,0.4972303,0
0.18459912,0.4936426,1
0.26401812,0.51130944,1
0.27304295,0.49316964,0
0.24490295,0.50452167,1
0.33013475,0.4909847,0
0.24056128,0.4997209,1
0.29080027,0.5075338,1
0.2924224,0.49594438,0
0.3369259,0.48232928,0
0.29370272,0.48690882,0
0.24977592,0.505157,1
0.32888848,0.5028694,0
0.2977504,0.5013934,1
0.33424038,0.49289706,0
0.19036737,0.495194,1
0.16716403,0.49439874,1
0.19971794,0.50176984,1
0.2901251,0.47870076,0
0.34071377,0.48895898,0
0.29680538,0.4897193,0
0.2985315,0.49759594,1
0.281623,0.4869667,0
0.3080284,0.4983072,1
0.24422085,0.4890907,0
0.1983903,0.50065655,1
0.36420783,0.5038793,0
0.3030616,0.4817594,0
0.21571992,0.5010607,1
0.35057843,0.49184695,0
0.30688554,0.49233484,0
0.29863933,0.508501,1
0.3419069,0.48955736,1
0.18639082,0.5005931,1
0.19070601,0.50095993,1
0.31899986,0.4966118,0
0.29172444,0.50368005,1
0.29298785,0.4937726,1
0.3377709,0.49182287,1
0.2366536,0.4807775,0
0.28684378,0.48813793,0
0.20478563,0.48844552,1
0.3052435,0.48684552,0
0.27465922,0.48556805,1
0.29349846,0.49308935,0
0.27103403,0.5115584,1
0.18362814,0.50565946,1
0.34934634,0.51348835,0
0.248672,0.49451184,0
0.2393151,0.48489022,1
0.27141577,0.50077134,1
0.2587272,0.50255823,1
0.18083017,0.50142384,1
0.23367742,0.49054536,1
0.18697299,0.49518967,1
0.37931716,0.49875125,0
0.31691325,0.48815402,0
0.2662604,0.49974513,1
0.34407294,0.5045993,1
0.23906904,0.49638104,1
0.32080466,0.48499545,0
0.3111202,0.50644183,0
0.3114052,0.50107753,0
0.18580577,0.48440668,1
0.29131448,0.5044728,1
0.30256236,0.4985105,0
0.3019374,0.48699975,0
0.3366348,0.5153993,1
0.30567032,0.4978408,0
0.36098278,0.4981482,1
0.264817,0.48518205,1
0.36643025,0.4998276,0
0.29268113,0.48795938,0
0.19317184,0.49151826,0
0.28108954,0.48879504,0
0.27025342,0.48783565,0
0.2565325,0.49734744,1
0.15383318,0.50003487,1
0.29252684,0.51305956,1
0.2648203,0.49403286,0
0.27329692,0.49008107,0
0.37474903,0.5063917,0
0.2978323,0.48650002,0
0.21430486,0.5028642,1
0.2396513,0.4924794,0
0.2807306,0.4971038,1
0.2327716,0.5140636,1
0.17331678,0.49749795,1
0.33823436,0.48903644,0
0.26357734,0.48706612,0
0.26930088,0.48833546,0
0.2460511,0.47698626,0
0.20640081,0.49981287,1
0.3519836,0.5024753,0
0.30737853,0.49409047,0
0.3136947,0.49811348,0
0.30520004,0.50074595,1
0.2497999,0.50344515,1
0.29276273,0.4939805,0
0.25791708,0.5008915,0
0.24411988,0.50362235,1
0.3214349,0.49687353,1
0.2018567,0.49925435,1
0.23228312,0.48081937,1
0.20568612,0.48087955,1
0.27802014,0.48709497,0
0.27819687,0.5057543,1
0.28161803,0.4801458,0
0.4666847,0.5043786,0
0.37533557,0.5068484,1
0.29184285,0.49581861,0
0.26866966,0.4842794,0
0.21102202,0.4880794,0
0.31978983,0.4840196,0
0.30229908,0.49155855,0
0.2733147,0.5060013,1
0.3165452,0.50765795,0
0.29836124,0.48773932,0
0.28260884,0.49321374,1
0.31529588,0.5003284,0
0.26611775,0.4901042,0
0.31094956,0.50084,0
0.2770239,0.505048,1
0.3311112,0.48443142,0
0.32599562,0.49543992,0
0.24584769,0.49152258,1
0.2247102,0.48896277,1
0.29667515,0.49968353,0
0.32308584,0.503589,0
0.28152347,0.5210226,1
0.31400704,0.49232724,0
0.14541377,0.50215524,1
0.30164143,0.49725375,0
0.27830338,0.4858066,0
0.25846854,0.4877837,0
0.322891,0.49565724,0
0.21654269,0.48923746,0
0.305133,0.5019731,0
0.31758815,0.50396687,1
0.31806517,0.5088639,1
0.345034,0.4807388,0
0.22199287,0.49815503,1
0.31231505,0.4864143,0
0.27774012,0.5075186,1
0.32461122,0.50010294,0
0.21685652,0.50023144,1
0.2827418,0.49504343,0
0.3001377,0.50078386,1
0.34544796,0.49050507,0
0.35167858,0.49530602,0
0.25841963,0.48840144,0
0.30780998,0.4923654,0
0.33039683,0.49029818,0
0.3084159,0.48589063,0
0.33612347,0.48919204,0
0.29987752,0.49088132,0
0.2318184,0.5026419,1
0.24325414,0.49766645,1
0.2692542,0.51624316,1
0.31075102,0.5024432,1
0.23264566,0.48570073,0
0.29761052,0.5016809,1
0.33508614,0.49825764,0
0.27525336,0.48412323,0
0.27275833,0.5004348,0
0.25963977,0.5090303,1
0.21133777,0.49685952,0
0.28642207,0.4889141,0
0.19081351,0.48312926,0
0.2224758,0.50463533,1
0.2691173,0.51193875,1
0.28379104,0.4881991,0
0.2636756,0.49314347,0
0.3338267,0.5008009,1
0.26371413,0.5170572,1
0.34122348,0.5090125,1
0.28805372,0.4989872,0
0.32404548,0.50096554,1
0.33464336,0.5222343,1
0.25029305,0.5076695,1
0.27382693,0.49832675,1
0.261258,0.5051997,1
0.33231726,0.4765534,0
0.25867036,0.4984311,1
0.3191813,0.50157475,0
0.23570886,0.49652597,0
0.28738776,0.47974667,0
