clip_sim,gate,is_fake
0.25416923,0.48189703,0
0.33823252,0.50987494,0
0.32509542,0.48331335,0
0.24640393,0.5007621,1
0.2762377,0.4916774,1
0.25208944,0.5006942,0
0.23300242,0.47732547,1
0.31201428,0.49661085,0
0.28395042,0.5077794,1
0.29168183,0.5063897,1
0.28075355,0.49946812,1
0.17649668,0.51201576,1
0.10447236,0.48930922,1
0.26466912,0.50538516,1
0.36426312,0.499662,0
0.36299053,0.4909478,0
0.24542294,0.48549247,0
0.3208393,0.49557468,0
0.2803421,0.5048157,1
0.28550655,0.4991761,0
0.23531216,0.5020297,1
0.2832716,0.48389825,0
0.2905296,0.50314724,0
0.25859225,0.47753695,1
0.24951167,0.49775338,1
0.24079056,0.48153087,0
0.3577388,0.5317006,1
0.31560117,0.49472022,0
0.31040153,0.47823036,0
0.30819106,0.48999503,0
0.2611896,0.50250155,0
0.12832847,0.49833533,1
0.30331928,0.49686885,0
0.20015179,0.50588816,1
0.3459111,0.49160185,1
0.3368874,0.4992286,0
0.29866546,0.48621368,0
0.23178944,0.50597286,1
0.19649276,0.50762635,1
0.33973467,0.47404024,0
0.28727362,0.50338334,1
0.32367986,0.49469233,0
0.3329364,0.5009722,1
0.28963116,0.5109678,0
0.26019597,0.49844822,1
0.2663637,0.50534844,0
0.22857001,0.50686985,1
0.28448483,0.4957287,0
0.25001723,0.4997717,1
0.23593095,0.49005947,1
0.30945936,0.4754672,0
0.27972168,0.5047712,0
0.33199984,0.5087631,1
0.27381897,0.48863804,0
0.287155,0.49722886,0
0.2197046,0.49500585,0
0.23754606,0.5039002,1
0.2358223,0.5045424,1
0.3149813,0.48382655,0
0.1725753,0.4924072,0
0.21343726,0.4952166,1
0.25630113,0.49404088,1
0.3419143,0.49143553,0
0.3086417,0.49327508,0
0.26047122,0.48652267,1
0.30472103,0.49471104,0
0.18611503,0.49280724,1
0.23129418,0.5040886,1
0.30733502,0.503525,1
0.2582371,0.49832574,1
0.27948648,0.49859276,0
0.21258686,0.49439612,1
0.33043817,0.49978486,0
0.33410978,0.5013611,1
0.37444535,0.5011966,0
0.2446106,0.47872016,1
0.20998487,0.49646106,0
0.32718575,0.5289462,1
0.16162634,0.51071197,1
0.22016114,0.5112379,1
0.16443625,0.47462252,1
0.26752198,0.48302832,0
0.30733037,0.48379326,0
0.2750433,0.51007205,1
0.31323147,0.5096994,0
0.2636506,0.5081003,1
0.22817901,0.49510106,1
0.2665037,0.49189863,0
0.19460598,0.510009,1
0.19200742,0.5116733,1
0.2936052,0.49985906,1
0.26672393,0.4941546,0
0.2645485,0.4862825,1
0.21683338,0.50127184,1
0.19940323,0.49583176,1
0.26164186,0.47996107,0
0.3386932,0.4958879,0
0.30447432,0.49136057,0
0.28905022,0.5094211,0
0.2818277,0.47846088,0
0.32279637,0.4894216,0
0.25214577,0.50256985,1
0.18884477,0.49335957,0
0.2547212,0.5028917,0
0.24006785,0.47068647,0
0.29072502,0.5053826,1
0.22129968,0.4924798,1
0.16323316,0.4836518,1
0.21380433,0.4945904,1
0.3089454,0.5168454,1
0.3328826,0.515379,0
0.28444785,0.517694,1
0.3058205,0.51092833,1
0.25737298,0.50348544,1
0.27471438,0.50262517,1
0.3087861,0.48987472,0
0.28572634,0.49143133,0
0.23881008,0.49909082,1
0.29668385,0.5286849,1
0.3100204,0.49911442,0
0.1389112,0.49525943,1
0.28299913,0.5004926,1
0.31043532,0.49944273,1
0.25784028,0.509574,1
0.2135406,0.5015691,1
0.26195776,0.48074588,0
0.23903677,0.5109897,1
0.28825393,0.48916736,0
0.2734342,0.4890614,0
0.2923763,0.50520164,0
0.32102466,0.5073777,0
0.32049727,0.4982735,0
0.30378383,0.4979805,1
0.3750664,0.5046698,1
0.23368156,0.49752283,0
0.32069623,0.50631076,0
0.19221981,0.4969771,1
0.31503302,0.4900557,0
0.31734848,0.496493,0
0.2968951,0.49812746,1
0.33722875,0.535761,1
0.3025024,0.5089249,0
0.30144227,0.49385795,1
0.26025704,0.5135401,1
0.28450596,0.50626826,0
0.30407816,0.5082239,1
0.34270415,0.48786172,0
0.30058864,0.49609813,0
0.2679361,0.5112834,1
0.27801698,0.49463543,1
0.24870998,0.49365377,0
0.20881522,0.49446473,1
0.33934587,0.4826657,0
0.28802562,0.50345975,1
0.24158777,0.5035656,1
0.23278649,0.49982715,1
0.37471104,0.5031766,0
0.31211543,0.48681036,0
0.31273288,0.50946444,0
0.2718141,0.49646112,1
0.32822508,0.5143044,0
0.33128515,0.5067632,0
0.3078387,0.4906918,0
0.26732484,0.4832778,0
0.21181262,0.4873302,1
0.23188272,0.4904621,1
0.28180677,0.512121,0
0.30997908,0.5027997,1
0.27095658,0.4819177,0
0.18481104,0.4952434,1
0.3388751,0.4986888,0
0.2085649,0.5078068,1
0.24168159,0.48802623,1
0.3045424,0.45984164,0
0.26477963,0.5231964,1
0.23484775,0.5023733,1
0.2657179,0.48448256,0
0.36975121,0.5006495,1
0.33510238,0.5073779,0
0.2581367,0.49408057,1
0.31649053,0.49388647,1
0.22746636,0.5097197,1
0.3382249,0.48779258,0
0.24885692,0.5117933,1
0.27795258,0.511664,1
0.26516896,0.49279547,0
0.2326417,0.5005635,1
0.21830444,0.48411083,1
0.19508702,0.49800315,1
0.27448425,0.49847254,0
0.28909644,0.504225,1
0.27669203,0.49928322,0
0.2960107,0.52939695,1
0.3315449,0.5025399,1
0.25088516,0.5067148,1
0.25380617,0.5068325,1
0.241506,0.5018417,1
0.34181023,0.48546243,0
0.26236632,0.51209414,1
0.2233122,0.50974697,0
0.31675678,0.5034676,0
0.30477202,0.50823325,0
0.30148458,0.50746125,0
0.27472264,0.50482327,1
0.20986205,0.5024323,1
0.30484933,0.50516033,0
0.3748238,0.50005394,1
0.29579082,0.49390018,0
0.30017954,0.53586626,1
0.26279277,0.5032247,0
0.27611214,0.48078895,0
0.25705552,0.4893849,0
0.20771846,0.4929483,0
0.3166276,0.4965161,0
0.29217154,0.4903613,0
0.29960614,0.4830546,0
0.32297805,0.50804543,0
0.21074344,0.50899315,1
0.10971601,0.4803146,1
0.2948079,0.5318025,1
0.28902832,0.47989488,0
0.30645233,0.51941425,1
0.3235067,0.50118226,0
0.31869945,0.48898402,0
0.18891004,0.51993054,1
0.38550168,0.5070239,0
0.29129252,0.4822254,1
0.26647574,0.50111574,1
0.3076194,0.51527977,1
0.3068148,0.48291567,0
0.31349134,0.5022622,0
0.17864251,0.49912867,1
0.24945709,0.49450874,0
0.35782328,0.4864737,0
0.34651497,0.49521664,0
0.31445277,0.5106085,1
0.34382176,0.50816005,0
0.32405385,0.5075228,0
0.27932057,0.49644828,0
0.23383251,0.49414644,0
0.24212253,0.4955913,0
0.2022084,0.48479262,1
0.12533054,0.48241377,1
0.28006208,0.51617676,0
0.30665153,0.49188778,0
0.29134282,0.47412074,0
0.19342811,0.49545988,1
0.3119189,0.51134527,0
0.30335903,0.49976993,1
0.267177,0.4962661,1
0.25133193,0.5100082,1
0.2709617,0.48748255,0
0.28043187,0.4950439,0
0.40088177,0.5310491,1
0.2601392,0.49166808,0
0.25611904,0.49925217,0
0.2573372,0.49867812,0
0.31744576,0.5165291,1
0.35218924,0.51035017,0
0.2910661,0.4654441,0
0.3399921,0.5088206,0
0.2808045,0.4907974,1
0.33223242,0.5032521,1
0.33039725,0.51048726,1
0.2200606,0.5031918,1
0.22368112,0.4857866,1
0.23014408,0.49869075,1
0.18257126,0.48798993,0
0.1830473,0.49476793,1
0.31686813,0.4873656,1
0.2788312,0.51410955,0
0.15642375,0.4743699,1
0.33656043,0.49311003,1
0.21070671,0.49850893,1
0.32674024,0.5032654,0
0.26160836,0.5022796,1
0.24434058,0.4973986,1
0.34686556,0.49342537,0
0.2830656,0.49513254,0
0.29018742,0.53764725,1
0.19948308,0.5183364,1
0.24332067,0.5195195,1
0.28992122,0.49377874,0
0.28060412,0.49589622,1
0.18570538,0.49642333,1
0.30479258,0.52940106,1
0.30587322,0.50638694,1
0.2913145,0.48325917,0
0.21951377,0.49788725,1
0.33711445,0.5016401,0
0.2985477,0.5176591,1
0.31398937,0.50774056,0
0.19444086,0.5005269,1
0.30970877,0.5027316,0
0.20243403,0.4788425,0
0.20190766,0.50864166,1
0.2122695,0.50504154,1
0.3128487,0.49857327,0
0.21968025,0.50770354,1
0.24541827,0.4789076,0
0.18645874,0.49292967,1
0.2882886,0.51225704,0
0.2872725,0.47937703,0
0.31495517,0.49962997,1
0.24642764,0.50700897,1
0.22580452,0.50403875,1
0.27563947,0.4845289,0
0.28381073,0.49632034,1
0.32848376,0.49694553,0
0.30872118,0.49089447,1
0.20783785,0.50008535,1
0.21281198,0.50273466,1
0.1778629,0.49380895,1
0.25631982,0.5116145,1
0.20224622,0.5015232,1
0.29667157,0.50019044,1
0.24643561,0.5076942,1
0.30510038,0.50384384,0
0.31754142,0.5093992,0
0.28531933,0.48928407,1
0.2718143,0.49188146,0
0.32984683,0.53179103,1
0.25905508,0.5136431,1
0.22883032,0.5022153,1
0.35914952,0.4851674,0
0.22894293,0.51793176,0
0.23916987,0.49748364,1
0.35497546,0.50724,0
0.33524072,0.4952486,0
0.3541738,0.48418877,0
0.34698778,0.5161918,0
0.2848305,0.49755612,1
0.31477857,0.49279952,0
0.2408332,0.50512546,1
0.2640912,0.49327835,0
0.2470296,0.4877377,0
0.28485507,0.5003374,0
0.22654998,0.4991633,1
0.24517483,0.49700108,1
0.27368695,0.50052387,1
0.26338428,0.4962423,0
0.25673282,0.49722484,1
0.12467162,0.49645212,1
0.2337441,0.492177,0
0.3277896,0.50679785,1
0.21888307,0.50339246,1
0.2099028,0.5110827,1
0.15480955,0.4942018,1
0.28885344,0.4765029,0
0.25060338,0.50791824,1
0.28181803,0.49630687,1
0.22624826,0.50895363,1
0.29179192,0.48960665,0
0.37994486,0.48011312,0
0.306253,0.492069,0
0.25429207,0.5065406,0
0.28635553,0.48080516,0
0.34131637,0.4933045,0
0.23931733,0.50565296,1
0.33333528,0.51231056,1
0.28845173,0.4970673,0
0.34484884,0.5033564,0
0.24892265,0.500478,1
0.23773007,0.5073482,1
0.36663967,0.5069292,0
0.35565782,0.5043774,1
0.29007903,0.5002527,0
0.29975426,0.5074823,1
0.17265171,0.49937674,1
0.26927778,0.46249935,0
0.25639156,0.5049045,1
0.3318287,0.49019885,0
0.25377512,0.47996676,0
0.31981176,0.5057956,0
0.27935266,0.4922601,1
0.34879178,0.49661624,1
0.30970657,0.47690272,0
0.3208295,0.50206465,1
0.30986977,0.49927506,0
0.33148372,0.4751223,0
0.33338004,0.50971204,0
0.2263835,0.5109891,1
0.307026,0.50461376,1
0.2205618,0.48110342,0
0.3264644,0.49812964,0
0.28461558,0.5164298,1
0.35203987,0.49931598,0
0.25726044,0.48160613,0
0.28090376,0.50516135,0
0.310894,0.5011051,0
0.22831029,0.50538427,1
0.23626488,0.5168658,1
0.32686564,0.4779674,0
0.2981354,0.504803,1
0.30366352,0.50312567,0
0.32233828,0.48878217,0
0.33469296,0.5137217,0
0.33115825,0.48874584,0
0.30278155,0.5040663,0
0.30570498,0.50696826,1
0.24769288,0.5069415,1
0.32889068,0.48415574,0
0.36371002,0.4909227,1
0.2740888,0.49686167,0
0.1924796,0.49842334,1
0.35906073,0.49811304,0
0.30152497,0.49339637,0
0.28431085,0.5059692,0
0.32331443,0.50332475,0
0.30070114,0.49582967,1
0.3271922,0.50456434,0
0.30823654,0.50727564,0
0.27042073,0.50099486,0
0.19059679,0.48469767,1
0.33235323,0.4993156,0
0.2616487,0.50423175,1
0.16531765,0.49177352,1
0.2970213,0.48545375,0
0.24451256,0.50076693,0
0.31680888,0.5085871,0
0.31175655,0.49915537,0
0.17545155,0.48700932,1
0.26812243,0.49038586,0
0.24076171,0.5006438,1
0.3233049,0.52690387,1
0.2725963,0.5009861,1
0.2645844,0.49761415,1
0.2635597,0.50789845,1
0.24386305,0.5230241,1
0.29268584,0.50094795,1
0.28376576,0.49440026,1
0.30860633,0.48528028,0
0.30875352,0.49522862,1
0.28746456,0.50146466,0
0.19192639,0.49949816,1
0.19994019,0.4922389,1
0.29769933,0.49666265,1
0.20902567,0.4921933,1
0.12377815,0.4943316,1
0.34850526,0.5321762,1
0.25295177,0.50813854,1
0.3012706,0.5025323,1
0.27073246,0.49560094,0
0.30140293,0.507538,1
0.22967477,0.51055837,1
0.3213329,0.49585462,0
0.19852318,0.48675194,1
0.2772662,0.47995743,0
0.2907768,0.5043671,0
0.30902612,0.50372297,0
0.30629414,0.48478508,0
0.2951879,0.49574575,0
0.27599517,0.47992763,0
0.24540646,0.48142147,1
0.26342154,0.49215138,0
0.20785484,0.51230115,1
0.25400043,0.5110943,1
0.3540154,0.50237244,0
0.33139965,0.49543586,0
0.26932463,0.4849224,0
0.34861302,0.4921547,1
0.3011921,0.51011133,0
0.30432922,0.5121193,1
0.29604846,0.5057462,0
0.32865125,0.4984608,0
0.3004586,0.49593723,0
0.2205592,0.5067245,1
0.30481583,0.49041474,0
0.21372455,0.50289035,0
0.31936914,0.49537182,0
0.26965925,0.49664083,0
0.222086,0.4793611,1
0.25634757,0.52207965,1
0.30390635,0.5041556,0
0.17205396,0.4940002,1
0.28995186,0.49690327,0
0.29520476,0.48431078,0
0.27799982,0.49184862,0
0.2860975,0.49966797,0
0.34028298,0.48689023,0
0.24069348,0.49673128,0
0.2516292,0.52680194,1
0.34172904,0.50534636,0
0.25452548,0.493283,0
0.27301204,0.50096196,1
0.25496092,0.49224475,1
0.20792326,0.49358964,0
0.30918828,0.49775234,0
0.27974236,0.50219756,0
0.27737105,0.50326407,1
0.2258359,0.4943185,1
0.2697083,0.488656,0
0.21119808,0.5066963,1
0.26437885,0.47592494,0
0.30874145,0.5038539,1
0.28685212,0.5074716,1
0.115931995,0.49182454,1
0.2595614,0.50856304,1
0.27206594,0.51845413,1
0.17126125,0.5000395,1
0.3445909,0.50675464,0
0.2957213,0.49717236,0
0.2311765,0.48417068,1
0.28665876,0.50090593,0
0.24275362,0.5039936,1
0.27545488,0.4972738,1
0.2265147,0.5258475,1
0.2659149,0.49041,0
0.20098531,0.50181717,1
0.17316514,0.48024526,1
0.21289489,0.4964249,1
0.38088942,0.50108653,0
0.30851072,0.49063757,0
0.22663513,0.506563,0
0.28430486,0.4876586,0
0.2883091,0.51670235,1
0.2536875,0.51753515,1
0.24965611,0.5003889,1
0.3071078,0.49277124,1
0.27576655,0.5017827,0
0.22734278,0.4860467,0
0.28273624,0.49103484,0
0.1782349,0.4899098,1
0.3110771,0.4935354,1
0.24414736,0.502033,0
0.26168305,0.51722807,1
0.2615976,0.50329393,1
0.33409685,0.49043903,0
0.351344,0.48755756,0
0.28733015,0.51750755,1
0.24032134,0.508395,1
0.21684535,0.5040408,0
0.18707964,0.51081187,1
0.21452552,0.49926624,1
0.3300698,0.48223937,0
0.27428767,0.50282604,1
0.2727159,0.5047299,1
0.28418154,0.48518243,0
0.22368824,0.4914337,1
0.36273003,0.5090119,0
0.22616139,0.50515026,1
0.22352865,0.49746442,1
0.30059382,0.5015619,1
0.29226273,0.5023431,0
0.3138935,0.50888926,1
0.2917794,0.47745743,1
0.32685694,0.503934,0
0.2361975,0.5066121,1
0.3506425,0.49549603,0
0.29019243,0.49740466,0
0.24080428,0.53787977,1
0.3147393,0.48117614,0
0.26304495,0.49145356,1
0.17301108,0.50105345,0
0.28047657,0.48750794,0
0.3274966,0.5032604,1
0.2069679,0.4998519,1
0.29512456,0.4958391,1
0.23548874,0.4930645,0
0.3137446,0.52194065,1
0.29200685,0.4989048,0
0.27825773,0.51486635,1
0.16113377,0.50123775,1
0.21172297,0.48651865,0
0.16763222,0.50373584,1
0.34011653,0.5069952,1
0.2972751,0.49640715,0
0.34418494,0.50387484,0
0.32560682,0.50120157,1
0.40839374,0.51034963,0
0.27511114,0.4757632,0
0.25505096,0.47103968,0
0.3884991,0.49482337,0
0.29305482,0.50634974,0
0.30783135,0.4928542,0
0.23257582,0.5127787,1
0.24035233,0.4972575,1
0.2729338,0.50341743,1
0.2209349,0.5136283,0
0.2916532,0.49111998,0
0.2941348,0.49585152,0
0.24686185,0.5005509,0
0.28121,0.5029521,1
0.25287068,0.49818635,1
0.3047188,0.49205014,0
0.33060944,0.47675988,0
0.35025904,0.49963483,0
0.36019254,0.53369397,1
0.31816044,0.5024356,0
0.25036553,0.49382195,0
0.2821099,0.49637428,1
0.28279367,0.49599552,0
0.25579903,0.5284963,1
0.38493297,0.48985994,1
0.23146488,0.5054784,1
0.24309994,0.5003054,1
0.24267086,0.50166607,0
0.22589457,0.49822697,0
0.32042584,0.5123088,0
0.26821002,0.4902846,1
0.29711375,0.49669352,0
0.29266682,0.4929866,0
0.25234017,0.497914,1
0.33026695,0.5045609,1
0.2636446,0.5042527,0
0.32839593,0.49671182,0
0.2510435,0.5185807,1
0.28580096,0.47561947,0
0.3042273,0.49736992,0
0.24658252,0.49540877,1
0.29071847,0.4953536,0
0.35349143,0.4908651,0
0.23709068,0.49314007,1
0.29847747,0.50594777,0
0.21080261,0.49765578,1
0.246542,0.49843788,0
0.23094776,0.49981022,1
0.18958034,0.5127186,1
0.2952005,0.4956788,0
0.255835,0.5011367,0
0.33478606,0.49609044,0
0.2831724,0.51090837,0
0.30292127,0.50261635,1
0.15735805,0.48711488,1
0.26787016,0.4942913,0
0.3074128,0.48345497,0
0.24047148,0.49632153,0
0.28437504,0.5210379,1
0.23917657,0.46156743,0
0.27738306,0.49556956,0
0.2250917,0.48801708,0
0.25102654,0.5275729,1
0.31631702,0.5045535,0
0.27872083,0.50534487,1
0.3603986,0.49989152,0
0.31753027,0.50343984,0
0.34622824,0.5017581,0
0.333132,0.513571,0
0.31914902,0.5029149,0
0.3140718,0.5129418,1
0.34441364,0.48068723,0
0.29032558,0.50715774,1
0.32890192,0.49783912,1
0.27056256,0.4993085,0
0.22595248,0.48657537,1
0.26329762,0.50155735,0
0.27576977,0.5174386,1
0.18799424,0.4967239,1
0.25829262,0.48546162,0
0.25932395,0.50193495,1
0.2663377,0.50328016,1
0.25495833,0.5163494,1
0.3106323,0.4971707,0
0.33298728,0.5029154,0
0.26005512,0.49861178,0
0.38743573,0.50291324,0
0.22138697,0.5217133,1
0.23900595,0.49346045,1
0.2678693,0.4884874,0
0.27167434,0.5023212,0
0.30268556,0.48092857,0
0.31778657,0.48213974,0
0.24728677,0.4782853,0
0.28620917,0.49623656,0
0.3320648,0.490348,0
0.3674193,0.5082962,0
0.24785143,0.5080297,0
0.41832,0.50104064,0
0.27202356,0.4841282,0
0.247089,0.47996855,0
0.2782588,0.5078452,0
0.3164564,0.5028247,0
0.15928131,0.4967228,1
0.21443999,0.4959195,1
0.29837072,0.49191263,0
0.23204686,0.49624705,0
0.24549645,0.50445104,1
0.25090578,0.4895734,1
0.32588574,0.49243537,0
0.29892218,0.5035177,1
0.3481044,0.4974483,1
0.22824505,0.506705,1
0.3210416,0.51462287,0
0.28652343,0.49954602,0
0.20566422,0.50939983,1
0.24109909,0.49634108,0
0.22448273,0.48585877,1
0.33091813,0.5180536,1
0.33221465,0.48232034,0
0.19015276,0.49139333,1
0.28268582,0.49817228,0
0.2727697,0.4975358,1
0.20182213,0.5076233,1
0.3228285,0.5244286,1
0.2546498,0.4933417,1
0.24523818,0.509007,1
0.22224511,0.5024201,1
0.2311611,0.50888777,1
0.3523971,0.49465862,1
0.3240958,0.4754193,1
0.27886432,0.486787,0
0.31251773,0.5028314,0
0.29735175,0.48270106,0
0.28134394,0.49098697,0
0.23084998,0.49091038,1
0.29695946,0.48655316,0
0.25693664,0.49371123,0
0.19411914,0.50618845,1
0.2918424,0.47789487,0
0.31777698,0.5009043,0
0.30667153,0.49630642,0
0.21083376,0.5028663,1
0.29365042,0.50344944,0
0.28157592,0.5040002,0
0.27297196,0.51359504,1
0.21247861,0.4938357,1
0.23759723,0.4830557,1
0.28592062,0.5037139,1
0.3016571,0.5142366,1
0.2806681,0.48856306,0
0.33166307,0.4901177,0
0.24244204,0.48444772,1
0.21984911,0.49734974,1
0.27897012,0.49640468,0
0.2453213,0.49275768,1
0.3619415,0.50929505,0
0.33934808,0.50063396,0
0.28331262,0.48812708,1
0.28206384,0.48825422,0
0.26145205,0.49450827,1
0.34615934,0.52509266,1
0.2350547,0.51486176,1
0.29443848,0.49660394,1
0.42327595,0.50131696,0
0.18477337,0.4968125,1
0.28824535,0.47854677,0
0.28657687,0.4826257,0
0.17759769,0.49827453,1
0.26875478,0.48014832,0
0.3161298,0.4852291,0
0.2956845,0.5064339,0
0.24638683,0.50953513,1
0.2763794,0.52300024,1
0.28274554,0.509708,1
0.32133508,0.48348442,0
0.30046588,0.50258774,0
0.2986949,0.50068253,0
0.27184796,0.4759771,0
0.26720166,0.5078319,0
0.20494282,0.49650803,1
0.2529468,0.48529625,0
0.32421166,0.4776082,0
0.33008713,0.5079486,0
0.33235613,0.5000877,0
0.21693507,0.5078458,1
0.18394476,0.49661693,1
0.3227728,0.50216985,0
0.32668823,0.5108335,1
0.29402202,0.49664876,0
0.30907422,0.49897227,0
0.33607522,0.4814419,0
0.31647494,0.4999504,0
0.24235572,0.5032065,1
0.25363576,0.5057866,1
0.2875995,0.5277636,1
0.30589658,0.49722967,0
0.28184843,0.5106223,0
0.3317889,0.5006199,0
0.27452543,0.48947486,1
0.2651395,0.5090626,0
0.2789466,0.492658,0
0.32155585,0.507667,0
0.15812661,0.4882474,1
0.2529475,0.5081442,1
0.2812339,0.48976347,1
0.27435666,0.51437503,1
0.2857694,0.5190024,0
0.21414714,0.50962776,1
0.20691544,0.5009826,1
0.3123387,0.5128711,1
0.18213628,0.49769938,1
0.32006496,0.51677495,0
0.32367116,0.51154774,0
0.2618797,0.5086519,1
0.2572022,0.49208274,0
0.23286887,0.48541155,1
0.19675936,0.4967246,1
0.31157297,0.5011938,0
0.32002175,0.4879466,0
0.29052365,0.49848747,0
0.34087762,0.5280549,1
0.30801228,0.48184836,0
0.28101528,0.49438056,0
0.24308006,0.4916791,0
0.15500188,0.48412874,1
0.20098571,0.48584995,1
0.29983872,0.5109012,1
0.2001335,0.48623228,1
0.21050534,0.50286996,1
0.22133279,0.49100605,1
0.28050312,0.50758547,0
0.32759535,0.48362455,1
0.27692434,0.49940506,0
0.22926119,0.4970212,1
0.2821499,0.48511767,1
0.2359213,0.49038902,1
0.2585876,0.5018388,0
0.31999898,0.4822063,0
0.28595603,0.51146096,0
0.21934605,0.49781957,1
0.3023123,0.5078769,0
0.19234684,0.5013755,1
0.25720227,0.4901825,0
0.30475014,0.52897215,1
0.2729844,0.50097585,1
0.321094,0.52589494,1
0.3197542,0.51862293,1
0.24992976,0.49538246,1
0.2134055,0.5033502,1
0.36605203,0.49856842,1
0.28757071,0.51757896,1
0.26957476,0.49039105,0
0.24329083,0.50114435,0
0.36327386,0.49167272,0
0.29719076,0.505829,1
0.19091603,0.49180755,1
0.3675913,0.49783912,0
0.26595876,0.49810156,1
0.3004401,0.5092664,0
0.28553796,0.50454956,1
0.29306316,0.48538682,0
0.23388906,0.5110736,1
0.30238968,0.52690625,1
0.21863148,0.4971788,0
0.2710102,0.486769,0
0.19052064,0.49047628,1
0.30604994,0.48277357,0
0.1732763,0.4983898,1
0.25305885,0.5018868,1
0.26401794,0.49634993,0
0.24769893,0.51036525,1
0.22359973,0.52313447,1
0.2520802,0.48733234,0
0.2652686,0.47962597,0
0.3053873,0.50115937,0
0.25496197,0.5099916,1
0.24161358,0.49219105,1
0.28930882,0.50521475,0
0.2920856,0.49741077,0
0.3444161,0.4922216,0
0.13770866,0.48397443,1
0.27234557,0.48580316,0
0.3397658,0.50263876,0
0.31523132,0.49150196,0
0.28626564,0.48343086,1
0.29564646,0.49224386,0
0.2977112,0.5039415,1
0.24910726,0.49696016,1
0.26184237,0.5018883,0
0.29557705,0.47628066,0
0.24143288,0.49803647,1
0.3100184,0.50286895,0
0.32749382,0.49727574,0
0.34731773,0.4942551,1
0.24903199,0.51241696,1
0.29652146,0.5119265,0
0.22785074,0.5108287,1
0.32536936,0.50868124,0
0.2901619,0.53887445,1
0.26867455,0.49278727,0
0.27961177,0.497645,1
0.2899869,0.5029076,0
0.30871117,0.49960515,0
0.3478455,0.50662994,0
0.24076214,0.49607363,1
0.28642008,0.49236998,1
0.3239048,0.50066864,0
0.28503162,0.51118517,0
0.3271016,0.47728565,0
0.19931987,0.49913868,1
0.30411106,0.5025429,0
0.26544052,0.49444273,1
0.17755333,0.50512546,1
0.28646296,0.47921416,0
0.23672724,0.5017421,1
0.31137353,0.49122083,0
0.24043098,0.49391007,0
0.22901449,0.48823354,1
0.29068127,0.48408473,1
0.26949376,0.5043106,1
0.3141303,0.49979767,0
0.33099037,0.5009807,0
0.360489,0.503911,1
0.31128818,0.51469797,1
0.27433062,0.52020603,1
0.23014763,0.50571936,1
0.20795634,0.48299456,1
0.31966668,0.4895676,0
0.28649136,0.48199317,0
0.27913797,0.5105028,1
0.29513147,0.479053,0
0.19407496,0.49506918,1
0.18114206,0.5075245,1
0.19551317,0.4780934,1
0.32732978,0.4935236,0
0.29451597,0.47035527,0
0.23882687,0.51056486,1
0.22227976,0.48497903,0
0.23865405,0.50657636,1
0.35220295,0.5277427,1
0.28961623,0.5094288,0
0.1705576,0.5063482,1
0.31020543,0.5125612,1
0.3046418,0.520968,1
0.18802178,0.49583256,1
0.25775164,0.49807882,1
0.33630353,0.48812044,0
0.28252825,0.52273476,1
0.26735556,0.51461244,0
0.33092293,0.48883155,0
0.32350624,0.4959693,0
0.22767179,0.511589,1
0.27451923,0.4758707,0
0.28683066,0.50637203,0
0.40251708,0.49634147,0
0.28761983,0.5076808,0
0.30011782,0.48285806,1
0.30125058,0.50059074,0
0.24591488,0.4913268,1
0.27249223,0.51268727,0
0.2541057,0.5142358,1
0.30793354,0.49814677,0
0.1919862,0.49515447,1
0.18908177,0.47824037,0
0.16099818,0.5049967,1
0.33530003,0.50325894,0
0.32967553,0.49130157,0
0.33819187,0.4828132,0
0.2882906,0.49286377,1
0.31801468,0.5008774,0
0.30367255,0.4996868,0
0.21976557,0.52617747,1
0.28451425,0.5025014,1
0.27371144,0.48473704,0
0.28103244,0.50077957,0
0.2761866,0.5156672,0
0.3246956,0.5104483,0
0.3504964,0.48782358,0
0.21421506,0.5074099,1
0.22954363,0.5090855,0
0.32816988,0.48769817,0
0.37064943,0.51924056,1
0.26945305,0.5018903,0
0.28105354,0.5042303,0
0.35636705,0.5139559,1
0.17484948,0.4999124,1
0.2998833,0.4891732,1
0.3304924,0.48726642,0
0.34767964,0.49831423,0
0.21200159,0.48954067,1
0.18917051,0.48875746,1
0.18454228,0.4785403,1
0.31125355,0.49921724,0
0.24685818,0.49678794,0
0.28935343,0.50662947,1
0.30159107,0.49957266,0
0.2903908,0.5105591,0
0.32305878,0.48473546,0
0.34493956,0.49664867,0
0.23855242,0.4964893,0
0.28172553,0.503221,0
0.2599707,0.4942254,1
0.19059666,0.48827994,1
0.3131649,0.51131684,0
0.32850474,0.4886428,0
0.1543182,0.5001026,1
0.2991436,0.49075434,0
0.3149114,0.4848616,0
0.26257837,0.4945433,0
0.27416074,0.48791218,1
0.2609437,0.48553658,1
0.25422588,0.4997971,1
0.28862315,0.49746206,0
0.25378758,0.50272584,1
0.2662802,0.5047008,0
0.30139226,0.4982698,0
0.2940498,0.49475732,0
0.33310556,0.5338063,1
0.2543643,0.52612484,1
0.3012104,0.4988762,0
0.2954778,0.49700227,0
0.2726043,0.53145385,1
0.3221798,0.50607437,1
0.30376264,0.5237289,1
0.2623492,0.514133,1
0.24455017,0.50052255,1
0.21098651,0.48337343,1
0.28761384,0.4865853,1
0.26641646,0.50881845,1
0.3916381,0.5006353,0
0.33478856,0.5046237,0
0.20902191,0.49929783,1
0.28023934,0.5225802,1
0.31745213,0.49376246,0
0.2267805,0.50838834,1
0.23834231,0.50424117,1
0.2570156,0.48797777,0
0.32332343,0.5125409,1
0.31486198,0.5121949,0
0.21558706,0.50832826,1
0.29268125,0.50236195,0
0.2448238,0.5099949,1
0.29775447,0.53463227,1
0.2369811,0.4871758,0
0.263411,0.49709725,0
0.13182557,0.49104178,1
0.29554036,0.49484167,1
0.32993704,0.5128677,1
0.32104307,0.51108426,1
0.21651429,0.49329904,1
0.215527,0.50631505,0
0.3063704,0.50306517,1
0.2451415,0.4848553,0
0.27746916,0.48231754,0
0.2524509,0.5045056,1
0.2975192,0.52778995,1
0.26422396,0.5227501,1
0.33381093,0.4784204,0
0.34117582,0.5293317,1
0.38635463,0.49000987,0
0.34912056,0.5057674,1
0.18925521,0.50239694,1
0.26327914,0.49999508,1
0.2933011,0.49724197,0
0.23958097,0.50798595,1
0.2881809,0.50908154,1
0.3023079,0.48986974,0
0.30912846,0.46909073,0
0.26412937,0.49956992,0
0.3075766,0.49976417,0
0.2921952,0.510966,0
0.2180933,0.5120273,1
0.32923633,0.5100973,0
0.23410171,0.4751129,1
0.29777712,0.50262856,0
0.28455946,0.5155732,0
0.2606533,0.49911475,0
0.3199096,0.48287058,0
0.35258007,0.49276438,0
0.23709416,0.4931972,1
0.27576682,0.5065206,0
0.2950056,0.5002094,1
0.29525602,0.5026076,0
0.35561395,0.5150052,0
0.24353698,0.48405126,1
0.26404956,0.49081755,1
0.36665836,0.51785594,0
0.34987852,0.5121293,0
0.303326,0.5105483,0
0.3091724,0.51432157,0
0.24227396,0.52324265,1
0.2779438,0.4867431,0
0.3096547,0.49829683,1
0.16188046,0.50024146,1
0.24997184,0.5080499,1
0.14023356,0.48616526,1
0.2876665,0.47730067,0
0.37846178,0.53632694,1
0.28043193,0.50615865,0
0.32629776,0.5095182,1
0.30808777,0.50352854,0
0.26596272,0.51706076,1
0.37571773,0.49181518,0
0.262793,0.49701715,1
0.30516174,0.48898622,0
0.23517947,0.49458468,1
0.2568171,0.4961064,1
0.23922394,0.51005626,1
0.21130519,0.49254033,1
0.30795074,0.4947081,0
0.28574395,0.50322014,0
0.25488532,0.50725466,1
0.34137893,0.49997354,0
0.17689082,0.49681273,1
0.28178418,0.49081364,1
0.28271154,0.49960884,0
0.31652397,0.5220104,1
0.22699645,0.5040559,1
0.2877307,0.487488,1
0.30480623,0.49842677,1
0.24600698,0.50630236,1
0.28847125,0.49272454,0
0.36844772,0.5045934,0
0.30836666,0.5030546,0
0.3489315,0.5043257,0
0.24183184,0.4989377,1
0.25469276,0.47259054,0
0.21462092,0.5043902,1
0.30396318,0.50496477,1
0.28232032,0.50820994,0
0.31464326,0.490419,1
0.22910292,0.49424314,1
0.36192176,0.50316656,1
0.36234358,0.50445235,0
0.3016479,0.5003842,0
0.2790188,0.50098705,0
0.2618753,0.49482116,1
0.23599148,0.5332566,1
0.13435927,0.49251056,1
0.25959486,0.50427055,0
0.29030365,0.4866604,0
0.26797807,0.48872128,0
0.29540387,0.5237383,1
0.31660435,0.47594348,0
0.30360562,0.4937172,0
0.22721115,0.48454836,0
0.2604236,0.49939227,1
0.20621288,0.50596666,1
0.23603065,0.5125485,1
0.35326928,0.5071851,1
0.31172112,0.4786459,0
0.2510883,0.51117206,0
0.32066673,0.5385863,1
0.25651085,0.50226706,1
0.34103084,0.4939259,0
0.27515674,0.50563735,0
0.254376,0.47545898,0
0.31200117,0.48203623,0
0.28568897,0.5019438,1
0.3187375,0.4891487,1
0.33400637,0.49650463,0
0.35037923,0.5045838,1
0.34390512,0.4984888,0
0.31501126,0.48436907,0
0.3257848,0.48928523,0
0.23486757,0.47482082,0
0.25943765,0.5078005,1
0.31494868,0.4980596,0
0.24226746,0.49826702,0
0.2907611,0.49836752,0
0.32856527,0.49251094,0
0.30599064,0.48433706,1
0.32215402,0.5045005,0
0.29647323,0.4952997,0
0.31647566,0.4973857,0
0.2440263,0.4984503,0
0.27174643,0.4770968,0
0.29429823,0.49999818,0
0.34129548,0.48802233,0
0.2169943,0.50156355,1
0.28647774,0.49757895,0
0.31823653,0.5042396,0
0.27954775,0.49304795,0
0.29140016,0.4975418,0
0.33843255,0.5018303,0
0.19294499,0.49517107,1
0.30032963,0.47408047,0
0.2690342,0.48969075,0
0.21805723,0.50195616,1
0.3445269,0.52617186,1
0.26230592,0.5025273,1
0.2934788,0.4811537,0
0.2409864,0.48727524,0
0.29963902,0.50640416,1
0.2528243,0.47441876,0
0.27298912,0.48918605,0
0.34260613,0.50398177,0
0.3508758,0.5065482,0
0.24593702,0.49504828,0
0.23437385,0.49776816,0
0.28252953,0.51251054,1
0.30406183,0.50499207,0
0.2632191,0.50766796,1
0.19983406,0.5160417,1
0.29574817,0.49654794,0
0.27848834,0.5053288,1
0.30519032,0.48938265,0
0.29153472,0.5122229,1
0.24400982,0.49776587,0
0.31379122,0.4968121,0
0.2928657,0.47271195,0
0.25127572,0.49202415,0
0.2538829,0.49612352,0
0.19662926,0.50974375,0
0.27054155,0.5150822,0
0.2187591,0.49883994,0
0.30988616,0.4981728,0
0.18477234,0.48926678,1
0.18453935,0.49569407,1
0.41527814,0.49863186,0
0.32766268,0.49183857,0
0.2079395,0.4977564,1
0.34142286,0.49348298,1
0.22828038,0.51276106,1
0.3298942,0.50582933,0
0.3071119,0.48683247,0
0.32570887,0.5136648,1
0.25785652,0.47940004,0
0.2568962,0.49069282,0
0.18335646,0.493495,1
0.35979044,0.50656515,0
0.29165292,0.49772438,0
0.28098676,0.46608344,0
0.27059886,0.491519,0
0.233744,0.5058978,1
0.2665581,0.50829995,0
0.24855515,0.497467,0
0.2751546,0.48800352,0
0.27615768,0.48049498,0
0.302837,0.50046617,0
0.28106093,0.4930588,0
0.3475224,0.5025863,0
0.29017663,0.48997757,0
0.38526258,0.5109212,1
0.32566774,0.50141716,0
0.28749228,0.49846402,0
0.34723523,0.4858141,0
0.27181125,0.48951352,0
0.26310247,0.5054819,1
0.35361612,0.49471998,1
0.30685654,0.48255515,0
0.30052617,0.5055121,0
0.27979663,0.49413145,0
0.24385433,0.49731597,0
0.31865388,0.48066232,0
0.24288951,0.50966954,1
0.27236408,0.48623422,0
0.30562553,0.50413126,1
0.2389499,0.51699835,1
0.328213,0.4985582,0
0.33458996,0.4917283,1
0.31099665,0.49574137,1
0.23531212,0.50213706,1
0.23499876,0.49695596,0
0.24975803,0.5128841,1
0.24344073,0.50314945,1
0.33611584,0.4968551,1
0.21343154,0.4906037,1
0.35318208,0.48905006,1
0.32364774,0.50601417,0
0.248305,0.48875466,0
0.21992952,0.51031977,1
0.264812,0.5178129,1
0.24163938,0.4903063,0
0.1824916,0.48318568,1
0.22961923,0.50898075,0
0.27030838,0.48427415,0
0.27747256,0.49517226,0
0.28427923,0.48610052,0
0.30618033,0.50185984,0
0.2754304,0.47574505,0
0.18251595,0.4768258,1
0.28558013,0.49429727,0
0.3143545,0.5059561,0
0.25601724,0.49891916,1
0.18505009,0.49306408,1
0.33064404,0.5035183,0
0.25581494,0.51002747,1
0.25096554,0.50619084,1
0.19198471,0.49491405,0
0.2423389,0.5079822,0
0.264453,0.48978773,0
0.3070826,0.5051721,0
0.23314324,0.4954412,1
0.34784448,0.50912863,0
0.27773154,0.47553816,0
0.31989598,0.49998656,0
0.28702492,0.48098603,0
0.25679946,0.4850981,0
0.270999,0.50800425,0
0.3153435,0.49642292,0
0.28182834,0.48959556,0
0.2541731,0.5156303,1
0.359081,0.50961846,0
0.31102902,0.4904748,0
0.33343968,0.5022134,0
0.32136643,0.50461775,0
0.16207448,0.5058946,1
0.31502935,0.50889117,0
0.28932527,0.5067452,1
0.26894277,0.49468026,0
0.2642524,0.49885333,0
0.25996545,0.49955592,1
0.1597313,0.4848467,1
0.22816363,0.5070778,0
0.32682878,0.53011376,1
0.34502453,0.4940174,0
0.36012396,0.48910332,0
0.19924757,0.49906316,1
0.22715002,0.49493083,1
0.15564299,0.50354785,1
0.29253623,0.49274707,0
0.4050568,0.510197,0
0.28039855,0.4932154,0
0.23862332,0.4783375,0
0.31520846,0.50113267,0
0.2651013,0.49651703,0
0.2617938,0.50314665,1
0.27014232,0.49570444,0
0.23115611,0.5085472,1
0.2608645,0.5045015,0
0.3906741,0.5141868,0
0.36545393,0.5031157,0
0.39830118,0.50427717,0
0.277973,0.49655768,1
0.34582114,0.4947858,1
0.28618503,0.4907215,0
0.32073998,0.4899678,0
0.36405504,0.50410885,1
0.3283168,0.50404555,1
0.22682089,0.49967813,1
0.23325975,0.5051484,1
0.2134483,0.49037167,1
0.2235426,0.47500655,0
0.2164145,0.4821515,1
0.28291306,0.5055667,1
0.20977756,0.5096891,1
0.23385042,0.48583797,0
0.34234822,0.49797133,0
0.3348364,0.49960807,0
0.24969202,0.4979107,1
0.1882072,0.5008518,0
0.25610286,0.50475365,1
0.3175425,0.49867877,0
0.29552484,0.5019102,0
0.21001366,0.497624,1
0.25613403,0.5044854,0
0.27778566,0.49648452,0
0.34859502,0.49489507,0
0.3142443,0.5021198,0
0.31371754,0.50167066,0
0.18572384,0.49696064,1
0.29653263,0.5027323,1
0.24938014,0.50064105,1
0.28182524,0.50962216,0
0.30120173,0.4897509,0
0.3030377,0.49055514,0
0.26942343,0.5075087,0
0.2875262,0.48901558,0
0.286555,0.50363773,1
0.30275002,0.49765468,0
0.29371813,0.4730123,0
0.334687,0.50027305,0
0.25220332,0.46865153,0
0.34021977,0.49231732,0
0.24707657,0.49512804,1
0.19861886,0.4991313,1
0.23370162,0.4961897,0
0.2794184,0.49540862,0
0.21717629,0.49487665,1
0.29332256,0.48576942,0
0.30669376,0.5086563,1
0.21330872,0.5071275,1
0.38480055,0.50790113,0
0.21023041,0.5024138,1
0.22048886,0.4998496,1
0.30624083,0.496627,1
0.26399252,0.48544654,0
0.3579316,0.49973342,0
0.23297729,0.47622836,1
0.28001353,0.47571966,0
0.20530991,0.49776638,1
0.2031168,0.48933244,1
0.328084,0.5035797,1
0.27840662,0.49742422,1
0.21331963,0.49111262,1
0.26656455,0.49090147,1
0.24699101,0.49684656,1
0.31013727,0.52028525,1
0.33446926,0.50059134,0
0.26897985,0.50618887,0
0.2328046,0.5027662,1
0.32502687,0.50075203,0
0.3479956,0.52064484,1
0.2619951,0.49876595,1
0.24029468,0.49092165,1
0.29151782,0.5010281,1
0.21680863,0.49150768,1
0.2919819,0.5022748,0
0.27487355,0.496945,0
0.22501665,0.508663,1
0.2633507,0.49618304,0
0.30314642,0.49752793,1
0.28814697,0.5001013,0
0.21893108,0.4867604,0
0.31684542,0.4872924,0
0.2875176,0.4794952,1
0.32228643,0.5103931,0
0.23438251,0.50417376,1
0.30088323,0.5002744,1
0.3485418,0.5130854,0
0.23696965,0.4895463,1
0.35881376,0.53697544,1
0.2357133,0.4952253,0
0.2945269,0.48605824,0
0.30107057,0.49811354,0
0.292527,0.48182097,0
0.30186877,0.5060542,0
0.28153598,0.5037425,0
0.2763823,0.4875755,0
0.22385049,0.5008495,1
0.26443517,0.50101477,0
0.32962728,0.5034886,0
0.3233747,0.49696875,0
0.24153274,0.50530356,1
0.26290894,0.48472664,0
0.26545358,0.5025118,0
0.2174008,0.48641548,1
0.24946928,0.49451968,1
0.2814489,0.5040212,0
0.29576325,0.48464343,0
0.30261135,0.5132644,0
0.23232235,0.5066295,0
0.22946516,0.5108042,0
0.2648198,0.506969,1
0.31866884,0.50877637,0
0.30110112,0.508189,1
0.3411792,0.49327362,0
0.30779415,0.4942576,0
0.24316618,0.4796941,0
0.2828276,0.49820736,0
0.27360964,0.49532175,0
0.30007994,0.50626224,0
0.35231933,0.4939647,1
0.3287354,0.49085477,0
0.32133234,0.48537627,0
0.30108458,0.49561262,0
0.20189947,0.5157072,1
0.32079983,0.4840404,0
0.21649662,0.500112,1
0.2873399,0.5112069,1
0.20442311,0.47878754,1
0.18781824,0.49117875,0
0.18931347,0.5027048,1
0.30672365,0.5066281,0
0.34427658,0.49857125,0
0.26104075,0.50450265,0
0.25258636,0.49757218,1
0.3557526,0.5022235,0
0.35280856,0.51426905,1
0.23339443,0.49870285,1
0.2170856,0.5057889,1
0.32093427,0.48313165,0
0.24809065,0.505225,0
0.3053546,0.4993228,1
0.30506974,0.4970219,0
0.33843875,0.4952288,0
0.2112034,0.4873996,1
0.35138237,0.49133775,1
0.36392897,0.5154895,1
0.3066629,0.4866853,0
0.33444166,0.5058632,0
0.25875217,0.48644507,0
0.2542773,0.48703495,0
0.15051594,0.49303994,1
0.30101117,0.49397108,0
0.25373358,0.49159995,0
0.19065335,0.5054472,1
0.29167178,0.4985105,0
0.2740924,0.49882343,0
0.2522513,0.520012,1
0.26121554,0.5038371,1
0.29644433,0.48527673,0
0.19307353,0.4697034,0
0.31027305,0.5055503,1
0.29099834,0.50070965,1
0.20125839,0.5054949,1
0.34020394,0.51395386,0
0.32594472,0.5104508,0
0.25666884,0.49112308,0
0.25326377,0.50194603,0
0.32167214,0.49079713,0
0.26234126,0.5118509,0
0.25995994,0.47645918,1
0.19119169,0.51155543,1
0.24240336,0.4824386,0
0.31745684,0.49189034,0
0.3109517,0.5074045,1
0.41001666,0.49189994,0
0.24774578,0.50751203,1
0.33331683,0.50822586,0
0.31582832,0.489892,0
0.26054645,0.4931914,0
0.267398,0.49853197,0
0.28612655,0.49638474,1
0.32304907,0.4653881,0
0.28944778,0.4990057,0
0.23054352,0.49960244,1
0.33684936,0.5042962,0
0.25775102,0.5017397,1
0.28528816,0.4883155,0
0.3247491,0.5102391,0
0.30916202,0.48860487,1
0.24766183,0.5199566,1
0.28067225,0.49162146,0
0.27464885,0.4963231,0
0.23294926,0.49084535,0
0.26610434,0.50306875,1
0.32854116,0.50387055,0
0.35508138,0.5418555,1
0.33280635,0.49828696,1
0.276862,0.5050991,0
0.13107596,0.48785636,1
0.27109164,0.51552457,1
0.34424955,0.48129615,0
0.29900324,0.49486327,0
0.25553453,0.5061538,1
0.19498852,0.49515232,1
0.3008068,0.49676478,1
0.25409684,0.5118871,1
0.2614718,0.5159149,0
0.2920386,0.47781393,0
0.3080594,0.49963188,1
0.15097821,0.508333,1
0.20584038,0.50895375,1
0.26539797,0.48829234,1
0.30585432,0.4885395,1
0.29868197,0.49779764,0
0.22282092,0.50050205,1
0.28574264,0.4908886,0
0.22692305,0.50407124,1
0.32263765,0.51348287,0
0.33364666,0.49883237,1
0.17065102,0.49230528,1
0.23900047,0.47885227,1
0.18648784,0.4919665,1
0.26149008,0.5049156,1
0.28207812,0.5056331,0
0.24104613,0.51229864,0
0.25796947,0.5074225,1
0.30789596,0.50991076,0
0.21336116,0.5089557,1
0.3111017,0.48996782,0
0.26375306,0.48540282,0
0.2845956,0.48617366,1
0.24182445,0.5046957,1
0.26690337,0.50494677,1
0.34309125,0.506893,0
0.34526283,0.49885073,1
0.26494664,0.48648342,0
0.28543246,0.51806545,1
0.2856047,0.4926777,0
0.19844572,0.50771505,1
0.19299206,0.49478412,1
0.3130449,0.48796225,0
0.2911356,0.49034548,0
0.31059584,0.50009793,1
0.23796463,0.50901335,1
0.25219592,0.5207007,1
0.29356313,0.4951531,0
0.31867146,0.5062178,1
0.24708568,0.4880414,1
0.28641185,0.5160358,1
0.22186685,0.47519243,0
0.23927855,0.5099387,1
0.27825114,0.49503776,1
0.18387803,0.5038471,1
0.30025768,0.49384785,0
0.21573488,0.49197713,1
0.31916228,0.5057684,0
0.32628033,0.5272863,1
0.2740708,0.4989588,1
0.18873763,0.4951454,1
0.26774755,0.4897839,0
0.27455235,0.5267443,1
0.30356282,0.48347387,1
0.3124796,0.5258444,1
0.30478984,0.50313324,1
0.32813668,0.47300506,0
0.24932092,0.5057039,1
0.3040951,0.49798176,1
0.29750383,0.50360775,0
0.31105506,0.49710572,0
0.3167707,0.48436645,0
0.33520013,0.5128932,0
0.23888344,0.51397806,1
0.16438721,0.4894918,1
0.33933592,0.5316908,1
0.27055895,0.51225823,1
0.29684728,0.49172223,0
0.28389457,0.48467255,0
0.21585816,0.5063748,1
0.24349782,0.47722423,0
0.26489764,0.48907423,1
0.28704065,0.49761924,0
0.32974148,0.5031,0
0.29674232,0.49942568,0
0.28293112,0.49134317,1
0.33939433,0.50704676,0
0.2874132,0.50974447,0
0.22065799,0.50682014,1
0.26405257,0.4780079,0
0.24418804,0.50600165,1
0.23568934,0.4893159,0
0.2768794,0.51277196,1
0.3382858,0.508432,0
0.26045555,0.49783587,1
0.28927726,0.5093694,0
0.23626631,0.50442123,1
0.3051958,0.50842595,1
0.32773194,0.48660064,0
0.33775437,0.51740474,1
0.321654,0.4946995,0
0.27006024,0.5011842,1
0.19013771,0.48239633,0
0.28581673,0.4830173,0
0.26570785,0.5176086,1
0.20985672,0.4822391,1
0.25915748,0.50321764,0
0.19524004,0.48893926,0
0.37054908,0.5129914,1
0.27479017,0.48839727,1
0.21022823,0.5049524,1
0.25333673,0.4988606,1
0.27073845,0.5062105,1
0.30333066,0.4918355,0
0.2255436,0.4974245,1
0.24262926,0.48336098,1
0.31477943,0.50090975,0
0.20919499,0.47773147,0
0.35040134,0.53258985,1
0.15721622,0.49859166,1
0.26132077,0.5297412,1
0.31943125,0.5047483,0
0.18152022,0.5006159,1
0.26399887,0.49509084,0
0.21705446,0.5105667,1
0.2441333,0.4912312,1
0.16380623,0.49479115,1
0.2774312,0.506296,1
0.35383007,0.4908733,0
0.29903618,0.49768987,0
0.27092868,0.49788103,1
0.28387696,0.48004627,0
0.27210206,0.5130773,1
0.14984858,0.49348453,1
0.2891098,0.5235107,1
0.3235156,0.4999508,1
0.24873146,0.47362015,1
0.18936425,0.48949504,1
0.30981147,0.48834094,0
0.27689558,0.50255173,0
0.24793926,0.5032776,0
0.31655756,0.4905902,0
0.25830555,0.49543595,1
0.32327902,0.52232444,1
0.3293117,0.50401956,0
0.29691386,0.50212973,1
0.30005193,0.49010995,0
0.1585789,0.49849606,1
0.22011724,0.49402526,0
0.3170812,0.48777667,0
0.29515082,0.5292647,1
0.2576419,0.5058908,1
0.2838381,0.49071994,0
0.29110083,0.49945644,0
0.28851348,0.48193082,1
0.24989073,0.49410984,1
0.34524402,0.49952522,0
0.36434847,0.5058386,1
0.2652347,0.5017776,1
0.25221148,0.5123852,1
0.24684128,0.47598362,0
0.30922228,0.5139925,1
0.28966016,0.50653136,1
0.2908861,0.5048515,1
0.28671032,0.5087846,1
0.32046688,0.5028644,0
0.14353639,0.4931321,1
0.084796555,0.49678266,1
0.2962842,0.51779515,0
0.3378966,0.49356556,0
0.22773808,0.48886693,0
0.24501845,0.5050284,1
0.29014695,0.5323501,1
0.28501022,0.5069278,0
0.28782126,0.47706172,0
0.36250147,0.50479007,0
0.31204587,0.5112656,0
0.30191496,0.5183882,1
0.25135598,0.48021817,0
0.28267878,0.47409916,0
0.38025215,0.49641523,0
0.29988652,0.50240916,0
0.30115998,0.50680894,1
0.2674045,0.48911357,0
0.2402815,0.50931716,1
0.26038754,0.51061434,1
0.21801658,0.49996743,1
0.22515944,0.4989268,0
0.2887547,0.49032295,1
0.23332295,0.5099531,1
0.17797619,0.50465196,1
0.3310578,0.48306048,0
0.2201152,0.50679564,0
0.25627112,0.5015648,1
0.32795334,0.505463,1
0.2904223,0.49521926,0
0.24831207,0.47423252,0
0.29810634,0.5011608,0
0.29694778,0.49515727,0
0.34987533,0.5083073,0
0.3097324,0.49934712,0
0.29276344,0.4944128,0
0.32906413,0.47935915,0
0.21823947,0.52314013,1
0.22646922,0.5014625,1
0.34487617,0.5135524,0
0.21160233,0.5085061,1
0.2886123,0.4931581,1
0.2542272,0.50139076,0
0.2712798,0.48588172,0
0.31020355,0.5018621,1
0.33554542,0.49368158,0
0.22756998,0.49425897,1
0.34270012,0.51088756,0
0.29356015,0.49280444,1
0.3422386,0.5131454,0
0.24775898,0.50301814,0
0.19045794,0.4816989,1
0.16360784,0.5020825,1
0.24820435,0.49622095,0
0.33727744,0.5188581,1
0.2860101,0.4978272,0
0.3030375,0.5010461,0
0.27822953,0.5021241,1
0.30023926,0.49495387,0
0.33950317,0.50008327,0
0.24716443,0.49032655,1
0.29774535,0.49859247,0
0.17636712,0.49090418,1
0.21469346,0.4912988,1
0.36280757,0.495748,0
0.35731727,0.5017772,1
0.2847153,0.502857,0
0.3284884,0.49664912,0
0.29553756,0.5037761,1
0.26307023,0.46410796,0
0.26716447,0.5098811,1
0.24105725,0.50881267,1
0.2870564,0.49679908,0
0.26448077,0.5045413,1
0.31222737,0.5017262,1
0.29498687,0.49249816,0
0.33942068,0.50345856,0
0.33088434,0.49828196,1
0.25095606,0.4959332,0
0.26055285,0.48295298,0
0.32625428,0.5011622,0
0.33277595,0.5003717,0
0.2407675,0.48864007,1
0.29683036,0.5253493,1
0.3234135,0.5279884,1
0.3328831,0.50486356,0
0.22084674,0.48307702,0
0.33339372,0.4991087,0
0.29148608,0.49711773,1
0.2730227,0.51069003,1
0.32989722,0.49290538,0
0.31426245,0.53448373,1
0.2525177,0.5094808,1
0.28502405,0.48026004,0
0.21943633,0.4956305,1
0.28074732,0.4913207,0
0.27872938,0.49150768,0
0.2773062,0.53369886,1
0.23005351,0.49691972,0
0.22815238,0.50791675,0
0.25985616,0.49663186,1
0.3389762,0.4926535,1
0.27973518,0.5024852,0
0.29625645,0.52097887,1
0.2801434,0.5051449,0
0.32908633,0.5035218,0
0.29112363,0.49936017,1
0.29899323,0.49410823,0
0.2255363,0.499071,0
0.23736684,0.49481854,0
0.30139396,0.47994998,0
0.2504477,0.48935834,0
0.29211974,0.49629357,0
0.3684193,0.5021742,0
0.22269288,0.4913937,0
0.32161367,0.50040907,0
0.18112811,0.48964223,1
0.22102657,0.48347542,0
0.2783085,0.5237234,1
0.22344652,0.5093441,1
0.336931,0.5011099,0
0.32631752,0.5031747,0
0.30250123,0.5050606,0
0.30423748,0.50463295,0
0.2506257,0.50749713,1
0.24701542,0.47665557,0
0.30740428,0.49325076,0
0.236644,0.48610023,0
0.2429364,0.5324643,1
0.32471845,0.51031333,0
0.21814364,0.4846381,1
0.34950233,0.5056758,0
0.32096308,0.4819199,0
0.2074652,0.48766938,1
0.2865178,0.4846822,0
0.2619766,0.49021205,0
0.31485718,0.5231064,1
0.29366532,0.49606267,0
0.3833509,0.5272642,1
0.2742608,0.48929337,1
0.2963974,0.48218083,0
0.25063282,0.4977567,1
0.1738332,0.4891882,1
0.29678592,0.48025775,0
0.28898138,0.48061964,0
0.2458711,0.48984894,1
0.25805432,0.49267018,0
0.29223454,0.506995,1
0.2400693,0.5069812,1
0.33503243,0.5009287,1
0.31586814,0.5082304,1
0.1821253,0.499712,1
0.36302143,0.50461423,0
0.31507567,0.46963724,0
0.1732897,0.5043331,1
0.24821419,0.5009622,0
0.28693402,0.4991592,0
0.29373646,0.50568444,0
0.26467517,0.5167393,0
0.26981384,0.5067301,0
0.3242267,0.50063235,0
0.27638435,0.49897507,1
0.2068722,0.4978757,1
0.33463803,0.47870716,1
0.285561,0.50737494,0
0.28890127,0.48850954,0
0.22155266,0.49213788,1
0.32310557,0.4880735,0
0.2442065,0.51530266,1
0.31526816,0.4953548,0
0.28959656,0.51060057,0
0.19743866,0.5073434,1
0.28633496,0.4996078,0
0.24493396,0.5058711,1
0.28107125,0.49268925,0
0.3172313,0.48506245,0
0.2734306,0.48266807,0
0.36813134,0.5112012,1
0.26461315,0.5021897,0
0.36416695,0.48140475,0
0.34749183,0.48625043,0
0.31185585,0.49692297,0
0.29422224,0.4965118,0
0.26801515,0.49475995,1
0.27615216,0.4886106,1
0.23613247,0.5013171,1
0.2662118,0.5050183,1
0.28219765,0.50133,1
0.1303454,0.48174202,1
0.28150898,0.5049048,0
0.2666887,0.50544506,0
0.26196992,0.49536118,1
0.25291184,0.5025361,1
0.25871655,0.46746,0
0.24316895,0.5043171,1
0.27835494,0.4920001,0
0.37868398,0.4999752,0
0.28178394,0.5265123,1
0.19094226,0.49974307,1
0.29698664,0.49406508,0
0.24980024,0.5134518,1
0.25190964,0.48444262,0
0.2404648,0.5134378,1
0.25226793,0.51367193,1
0.34493816,0.5089941,0
0.21922395,0.50312,0
0.2687238,0.49387035,1
0.16852625,0.49476588,1
0.3038821,0.5086218,0
0.31584132,0.48552787,0
0.2588379,0.48757958,0
0.25615308,0.5042031,0
0.3136983,0.50494504,1
0.18909647,0.4989928,1
0.14315346,0.4808197,1
0.25812784,0.5012637,1
0.29827005,0.5057206,1
0.31045377,0.5072825,0
0.2285029,0.49869695,1
0.19073443,0.48563313,0
0.26863956,0.50244826,1
0.27309912,0.48928547,0
0.27269414,0.4851322,0
0.2440727,0.5094649,0
0.30913556,0.5017284,1
0.2303609,0.4970827,0
0.32823965,0.49908552,0
0.2536402,0.51044756,1
0.31071448,0.49462613,0
0.18094271,0.4886087,1
0.2556246,0.49724472,0
0.26904836,0.49408948,1
0.25979078,0.50262314,0
0.21224019,0.48812184,1
0.26410925,0.50315994,0
0.20565951,0.4948667,1
0.20889454,0.50409466,1
0.29436442,0.5011652,0
0.32802975,0.48801342,0
0.26192662,0.50740254,0
0.20685121,0.505816,1
0.2692305,0.4858807,0
0.3004369,0.48825836,0
0.24990489,0.5080022,1
0.27220455,0.48668358,0
0.20220281,0.50306433,1
0.2954123,0.51336795,1
0.2822848,0.5074344,1
0.27371246,0.4956402,1
0.3001848,0.50548273,1
0.17660542,0.4969522,1
0.2870761,0.50008684,0
0.2676064,0.50750417,1
0.301942,0.5012864,0
0.29410824,0.50514054,1
0.21385682,0.5011453,1
0.31456086,0.5031931,0
0.16782045,0.48980233,1
0.22012123,0.47870147,1
0.2952322,0.5057499,1
0.31252584,0.5236664,1
0.19594234,0.4825211,1
0.33576298,0.5092395,0
0.23200868,0.4985683,1
0.2133524,0.503138,1
0.21924599,0.48171684,0
0.1838322,0.49740967,1
0.2679363,0.4942793,0
0.36791176,0.50601673,1
0.32378346,0.5021897,0
0.2596845,0.49066058,1
0.26145494,0.4682374,0
0.284195,0.45762715,0
0.18827878,0.49315163,1
0.32878786,0.4887208,0
0.19544983,0.5047575,1
0.18650667,0.50514245,1
0.36745828,0.4947002,0
0.3202481,0.50425243,0
0.29230133,0.5084949,1
0.3269698,0.49668875,1
0.2910397,0.4933435,1
0.3242119,0.5096287,1
0.24352786,0.47850946,0
0.27971673,0.5169537,1
0.26727283,0.50279313,0
0.28134692,0.48866323,0
0.3021178,0.5062149,1
0.2713859,0.49977502,0
0.31849104,0.51178294,1
0.26302788,0.47641468,0
0.33184007,0.4877927,0
0.3354026,0.4961114,0
0.2520893,0.49299297,1
0.19684747,0.4926115,1
0.29433465,0.50660706,0
0.22237396,0.4891366,0
0.2666238,0.4717358,0
0.22744809,0.5110598,0
0.30111533,0.51848185,1
0.25569552,0.49460864,0
0.38060963,0.4990609,0
0.26832077,0.5124697,1
0.3290241,0.52316207,0
0.24469975,0.49679852,1
0.17780092,0.48344228,1
0.31348705,0.49266627,0
0.23082839,0.50418067,1
0.29407126,0.48490658,0
0.26789474,0.5042321,0
0.37088448,0.48795184,0
0.26382735,0.49653065,0
0.306669,0.5000548,0
0.27210322,0.50562227,1
0.3830046,0.4849608,0
0.24889281,0.49840996,1
0.32368404,0.48166046,0
0.31952694,0.48563918,0
0.21430773,0.49536815,1
0.3813681,0.5233635,1
0.28918487,0.50889665,1
0.25377744,0.49048772,0
0.21469751,0.4963882,1
0.24853182,0.49176738,1
0.28477943,0.47632158,0
0.28790715,0.4898752,0
0.25568208,0.49999753,1
0.27180636,0.46801797,0
0.24710335,0.5077086,1
0.31788892,0.5051778,1
0.30851018,0.49865702,1
0.30418047,0.5011241,0
0.23936045,0.51076454,1
0.3494541,0.497633,0
0.29005438,0.50128406,1
0.30002776,0.49012056,0
0.24322306,0.50263757,1
0.28865886,0.50290996,0
0.36927837,0.52376425,1
0.33254522,0.51271033,0
0.3472734,0.50177145,0
0.25794387,0.5056605,1
0.29698944,0.50895065,1
0.28106064,0.52910614,1
0.28772956,0.47086656,0
0.31297547,0.504159,0
0.3269782,0.51042897,0
0.29740497,0.46534666,0
0.2155945,0.50216854,1
0.26302373,0.48787987,0
0.25731623,0.493786,1
0.3068746,0.49889112,0
0.25462508,0.5102938,1
0.3476227,0.5079289,0
0.27351907,0.48712137,0
0.3132624,0.48884916,0
0.25792956,0.48860765,0
0.23305714,0.50395936,1
0.23815313,0.49619123,1
0.28238192,0.5309486,1
0.28262568,0.4968964,0
0.26485178,0.4962853,0
0.3500299,0.5145116,0
0.3076739,0.5116604,1
0.31307763,0.49786606,0
0.26419383,0.4910489,0
0.326424,0.49572,0
0.32663947,0.49669656,1
0.28788745,0.4874378,0
0.303284,0.50758487,1
0.16523758,0.49787676,1
0.29815954,0.50679845,0
0.25444797,0.49844936,0
0.29142964,0.469512,0
0.23445062,0.5204335,1
0.3263455,0.48776865,0
0.27429277,0.50869423,0
0.29248267,0.4849123,0
0.10397138,0.49084833,1
0.30726188,0.50157887,1
0.22128442,0.5114729,0
0.2755339,0.49791908,1
0.30341473,0.48218775,0
0.2680619,0.4943358,0
0.3361351,0.4878327,0
0.26054433,0.5120259,1
0.3547954,0.53167087,1
0.28539023,0.49900937,0
0.29071146,0.5235439,1
0.33439106,0.53665096,1
0.28317332,0.48967275,0
0.2930992,0.5082647,1
0.28636816,0.514739,1
0.20020178,0.5028091,1
0.32304776,0.5050221,0
0.2994221,0.50057364,0
0.29578575,0.4890387,0
0.14643407,0.50167257,1
0.3317879,0.48806044,0
0.22727141,0.4852349,0
0.346867,0.5101302,0
0.18666822,0.49459,1
0.29199857,0.49219587,1
0.32704297,0.5094015,0
0.16125868,0.50047135,1
0.23742805,0.49676478,1
0.30881435,0.49778542,1
0.31270647,0.49677384,0
0.07650526,0.503378,1
0.32700568,0.5058019,1
0.22939827,0.49972096,0
0.23798856,0.51396054,1
0.23667943,0.5128407,1
0.27385938,0.47837928,0
0.286428,0.49502444,0
0.2122612,0.5037043,0
0.33532235,0.47483027,0
0.32562876,0.5031784,0
0.24856193,0.49495324,0
0.284756,0.5030779,1
0.3264249,0.5043774,1
0.29204744,0.49156794,0
0.2458938,0.5095346,0
0.19762549,0.49570575,1
0.27119213,0.5033016,1
0.33154774,0.49367228,0
0.2477056,0.49324527,0
0.281605,0.4877185,1
0.32332492,0.51026624,1
0.3003698,0.50480694,0
0.2532399,0.49416485,0
0.30009985,0.5098419,0
0.25071055,0.51483274,1
0.21191451,0.50995946,0
0.25197166,0.4913856,1
0.23245412,0.5083472,1
0.25638372,0.4793115,1
0.1752346,0.4951831,1
0.28575164,0.5048671,1
0.23612338,0.50718063,0
0.29491878,0.48748732,0
0.29211575,0.49326345,0
0.29083228,0.5002437,0
0.33043748,0.5190606,0
0.24158645,0.50788325,1
0.2827996,0.5302293,1
0.22432464,0.49852493,1
0.28578836,0.50640684,1
0.2142301,0.5014488,1
0.32657635,0.5064554,0
0.32422474,0.50149775,0
0.27287072,0.49619937,0
0.20660117,0.5072025,1
0.33589703,0.49991226,1
0.27625325,0.52847177,1
0.34017256,0.49245858,0
0.28773242,0.50886875,0
0.31396627,0.50896794,0
0.10942155,0.47333476,1
0.20133348,0.50728714,1
0.24388275,0.50482804,1
0.2526372,0.5056593,1
0.25217107,0.48952875,0
0.21987468,0.5203283,1
0.26948696,0.49353254,0
0.28699136,0.4862852,0
0.32635605,0.5043754,0
0.2559064,0.4973972,0
0.23198983,0.5042234,0
0.14659151,0.50253135,1
0.3315117,0.50524515,1
0.2799526,0.4996147,0
0.28077024,0.5027767,1
0.32770354,0.516391,0
0.20555332,0.4832811,1
0.31904173,0.48612556,0
0.24386314,0.5149164,1
0.32639545,0.5086782,0
0.3690825,0.49938,0
0.31922618,0.4892044,0
0.35766137,0.5128005,0
0.30529016,0.4930068,1
0.2810404,0.49514225,1
0.16088335,0.50302315,1
0.28336388,0.49271074,0
0.29848945,0.49194404,1
0.26821676,0.50216633,0
0.26890355,0.51371914,1
0.24224877,0.5061256,0
0.24217613,0.4761643,0
0.22234315,0.48455796,1
0.24705774,0.5273772,1
0.30083355,0.4921936,1
0.29305765,0.49671236,0
0.29860252,0.50377655,0
0.27862862,0.49149644,0
0.24355459,0.50120693,0
0.2774885,0.49621928,0
0.20701586,0.50032234,1
0.20265476,0.49193573,1
0.24451661,0.5071663,1
0.31698918,0.48867175,0
0.2936517,0.4902383,0
0.3256935,0.4845854,0
0.29515076,0.48563147,0
0.23495205,0.47112295,0
0.26275635,0.4861001,1
0.25347078,0.5102527,1
0.22851159,0.49633923,1
0.3094988,0.49052015,0
0.3211897,0.49581853,0
0.25929895,0.49057186,1
0.32948992,0.50770164,0
0.21061012,0.50313044,1
0.24636011,0.49804494,1
0.3179615,0.49002376,0
0.26707423,0.50564885,1
0.3305633,0.49246693,0
0.18082228,0.5029462,1
0.3003822,0.49515858,0
0.33006752,0.50889134,0
0.34699893,0.5031649,0
0.2702087,0.50597316,0
0.36310136,0.50415,0
0.18573155,0.47880566,1
0.22395676,0.5019946,1
0.2678231,0.50507236,1
0.27911168,0.49826655,0
0.268094,0.5030884,0
0.35832185,0.49780497,0
0.34424883,0.505261,0
0.17494097,0.49434248,1
0.35930312,0.50892156,0
0.33263886,0.4840901,0
0.34594375,0.4994283,0
0.2818281,0.49184284,1
0.2507138,0.5026286,1
0.2460767,0.50195956,1
0.31290334,0.47626176,0
0.32876843,0.50642043,0
0.3081404,0.51594555,1
0.2512532,0.48606464,0
0.28622198,0.5168564,1
0.24773026,0.4868262,1
0.32407528,0.5125,0
0.28354353,0.4971529,0
0.31261903,0.5237079,1
0.32411903,0.50761193,1
0.32621047,0.5150021,1
0.3122003,0.48548555,0
0.36137915,0.4994239,1
0.30337322,0.50002736,0
0.26121843,0.4770834,0
0.2780069,0.50050086,0
0.22835046,0.50395316,1
0.174862,0.48200068,1
0.29825974,0.4951478,0
0.33600745,0.5094976,0
0.29661158,0.5000207,1
0.2989577,0.48302063,0
0.3030159,0.48009458,0
0.29935056,0.48913428,0
0.3281941,0.521398,0
0.30274737,0.5089247,1
0.34431618,0.5001889,0
0.3453239,0.5120117,0
0.2879756,0.49489793,1
0.2999969,0.49963772,1
0.28579372,0.5092523,0
0.2952256,0.5013556,0
0.24990748,0.5061839,0
0.25408417,0.49011612,1
0.345424,0.50502014,1
0.3526801,0.49644792,0
0.25004256,0.50625235,0
0.321235,0.5081435,0
0.2593978,0.49850774,1
0.30510217,0.51698864,1
0.3032486,0.5070944,1
0.25414893,0.5173454,1
0.22404414,0.50196594,1
0.3526721,0.50697374,0
0.2873543,0.48859915,0
0.22469497,0.49435893,1
0.1432034,0.48800406,1
0.26243395,0.46684352,0
0.27900243,0.50423694,0
0.31886262,0.48736826,0
0.3142398,0.50055784,0
0.29170838,0.5190036,1
0.25448343,0.5055166,0
0.1947791,0.4775451,1
0.25865412,0.50027704,0
0.26591408,0.5082577,1
0.25291288,0.48632833,1
0.20522898,0.49407253,1
0.31060928,0.49012017,0
0.32912242,0.5343105,1
0.37065178,0.51897573,1
0.23753524,0.5025153,1
0.27693814,0.49485043,0
0.2710403,0.47890875,0
0.31540146,0.50112575,0
0.2541502,0.5206418,1
0.34836537,0.49878654,0
0.1842578,0.50001174,1
0.28534138,0.49494085,0
0.28357252,0.4828597,0
0.3214272,0.50597996,0
0.21476308,0.50022,1
0.24234237,0.49696234,1
0.2607075,0.50614965,1
0.20419979,0.52360076,1
0.33470857,0.488783,1
0.22623545,0.49948385,1
0.31474566,0.51938814,1
0.2922989,0.48827562,0
0.34314984,0.49071953,0
0.30044973,0.4961221,0
0.25913686,0.4970537,0
0.206496,0.49210873,1
0.31689307,0.48745728,0
0.34833485,0.49602303,0
0.31593654,0.50887376,0
0.22443616,0.5021319,1
0.24103,0.4985319,1
0.37955755,0.506156,0
0.19755143,0.5111419,1
0.23481347,0.49562868,1
0.305351,0.49525103,0
0.33070797,0.48213324,0
0.29723698,0.50621635,1
0.25567263,0.50520873,1
0.22133514,0.5284988,1
0.27221185,0.4954447,1
0.23489663,0.49866366,1
0.2722833,0.51736784,1
0.31395426,0.50339323,1
0.314919,0.502503,0
0.3233204,0.49841356,0
0.35604015,0.4989967,0
0.29386258,0.49900296,0
0.23431191,0.5066765,1
0.3227241,0.48073104,0
0.21360198,0.49470076,1
0.27907246,0.48002186,0
0.3453475,0.50867003,0
0.35156447,0.48496625,0
0.25090924,0.5016392,0
0.26430035,0.523941,1
0.30093595,0.51085407,1
0.28144124,0.49644232,1
0.20806715,0.5067678,1
0.32116655,0.49951053,0
0.27260298,0.5059673,1
0.33455136,0.49446073,0
0.27086374,0.50585264,1
0.24438749,0.49567595,0
0.24812424,0.48541215,0
0.3056665,0.50848395,0
0.24814856,0.4961914,0
0.30197805,0.4994695,0
0.31790602,0.5008462,0
0.30508602,0.49420235,0
0.31726933,0.5032974,1
0.19025105,0.49286747,1
0.20983429,0.49005044,1
0.34551993,0.5078133,0
0.2209743,0.48184308,1
0.27458808,0.48760632,0
0.34236687,0.4849178,0
0.33111572,0.5096727,0
0.3459619,0.48438194,0
0.21307626,0.5095516,1
0.30762026,0.49589506,0
0.31376046,0.49257222,0
0.10794583,0.49752283,1
0.3225076,0.5052313,0
0.23733017,0.49888954,1
0.23733488,0.49712977,0
0.3211282,0.4786303,0
0.2853761,0.49647465,0
0.365479,0.50253826,0
0.25531667,0.5122443,0
0.32697865,0.51283747,0
0.2645977,0.48562434,0
0.30537254,0.5019906,1
0.29027933,0.51349336,1
0.3438029,0.49154767,0
0.3101794,0.5288678,1
0.27730542,0.50111264,0
0.29163313,0.50103396,1
0.33017033,0.49031088,0
0.2521347,0.497461,1
0.26460052,0.4967226,0
0.3223857,0.5150054,1
0.294071,0.50662935,1
0.35007614,0.4995116,0
0.30830204,0.5103312,0
0.27428305,0.4929607,0
0.2815016,0.5104957,1
0.35318503,0.4901564,0
0.28779083,0.5090117,1
0.28774458,0.5123393,0
0.33522367,0.48820862,0
0.29645038,0.5019434,0
0.3207838,0.5000326,0
0.2629881,0.5101831,1
0.2718869,0.49846807,0
0.3147321,0.48896876,0
0.312173,0.48941422,0
0.33277526,0.5006687,0
0.30533692,0.49536228,1
0.27243662,0.5026806,0
0.25675684,0.4882684,1
0.3055793,0.50446516,0
0.35197192,0.51316184,0
0.2806642,0.49827266,1
0.21901956,0.49952164,0
0.3194629,0.49422792,0
0.3505879,0.5144319,1
0.30833608,0.49665365,0
0.23832448,0.48009524,1
0.32945624,0.5360258,1
0.32679865,0.5116424,0
0.24909869,0.4912319,0
0.22581734,0.51570463,1
0.31037718,0.4924055,0
0.23013699,0.5126698,0
0.30165905,0.49987066,0
0.23106134,0.5041525,1
0.32987022,0.5083416,1
0.22422601,0.4882779,1
0.3005907,0.48500443,0
0.22124189,0.48151755,0
0.20883715,0.51551086,1
0.21821553,0.50387377,1
0.3104387,0.507333,0
0.32973355,0.48647198,0
0.3748181,0.5070851,1
0.23503426,0.5076424,1
0.27748287,0.49914113,0
0.3001713,0.53043175,1
0.28049576,0.47820124,0
0.18612614,0.48947987,1
0.26297873,0.5331921,1
0.28832465,0.49176013,1
0.24962865,0.50737333,0
0.27904072,0.51452065,0
0.2957344,0.48312113,0
0.22133464,0.48596534,1
0.27612865,0.49957514,0
0.2716752,0.48511115,0
0.14933936,0.4762465,1
0.2776735,0.4946668,0
0.305651,0.49573317,1
0.3361452,0.4955194,0
0.31080312,0.4976964,1
0.27140033,0.48369882,0
0.3617471,0.5070539,0
0.26188064,0.50515443,1
0.22349328,0.4960477,1
0.35791212,0.5075223,0
0.37271547,0.4936615,0
0.30321985,0.49519253,1
0.2729985,0.5009278,0
0.21460532,0.49585542,1
0.30931586,0.50423485,1
0.34300143,0.47279564,0
0.27190465,0.50376606,0
0.27949232,0.5088755,1
0.28224558,0.48155916,0
0.3181093,0.48563698,0
0.3006652,0.49384546,1
0.28799915,0.494653,0
0.35232586,0.5256229,1
0.30578256,0.47994533,0
0.29926044,0.49749017,1
0.29708758,0.5062451,1
0.1987639,0.5070569,1
0.24564649,0.4975377,1
0.2976488,0.4838442,0
0.27829367,0.48586655,0
0.31159252,0.5377392,1
0.30796105,0.50048727,0
0.3331056,0.5019848,0
0.30725878,0.47356406,0
0.30170348,0.5052146,0
0.3269318,0.50257176,0
0.2577662,0.4883119,0
0.24734823,0.4875194,0
0.25907382,0.49269876,0
0.33774197,0.50428706,0
0.2959226,0.5268778,1
0.35022888,0.5166087,1
0.26234913,0.4983861,0
0.26129127,0.50322104,1
0.27260688,0.49631944,1
0.21796279,0.4887476,1
0.28222516,0.49778852,0
0.25406092,0.49262545,0
0.3109008,0.502536,0
0.23188148,0.48547435,1
0.2244945,0.49351418,1
0.24545571,0.49002373,1
0.32202294,0.48714745,0
0.304294,0.515144,1
0.19503355,0.5113396,1
0.30895925,0.46961617,0
0.22766633,0.4929755,1
0.22860128,0.49276733,1
0.36170664,0.51195866,0
0.26360285,0.497925,1
0.2346202,0.5105506,1
0.29213884,0.49664554,0
0.2537227,0.48689118,0
0.31860453,0.4973105,0
0.26659727,0.52111596,1
0.2794069,0.48459974,0
0.3225282,0.5108729,1
0.31727377,0.49479827,0
0.3150128,0.49987057,0
0.23658252,0.48375693,1
0.23873572,0.50189304,1
0.33421463,0.5071798,0
0.23102778,0.49630597,0
0.20448706,0.4901506,1
0.30575377,0.50895935,0
0.3187324,0.4848213,0
0.2685957,0.505403,0
0.29320997,0.4968613,0
0.13317102,0.4907516,1
0.24676827,0.51061815,1
0.3680388,0.50881,0
0.25770503,0.50429,0
0.30922258,0.49358177,1
0.23002738,0.5022798,1
0.20141429,0.49662575,1
0.28546682,0.4770995,0
0.26795575,0.50674415,1
0.28488135,0.4831892,1
0.2386357,0.50558645,1
0.36073148,0.5056654,0
0.23078585,0.5058025,1
0.2542067,0.50121105,0
0.22732852,0.5012996,1
0.2521705,0.50135,1
0.2547704,0.50529534,0
0.28534842,0.4876287,0
0.295758,0.48577166,0
0.33650622,0.50143903,1
0.28003192,0.4973322,1
0.27704585,0.48096928,0
0.24771276,0.49546924,0
0.25511134,0.50103647,1
0.28096238,0.49896654,0
0.31599945,0.5030837,0
0.3422317,0.50780755,1
0.2866093,0.5103395,0
0.26901984,0.5069702,1
0.21413568,0.50298554,1
0.33370125,0.49840724,0
0.2123709,0.50588244,1
0.18669245,0.48585856,1
0.22663747,0.48416385,1
0.23259585,0.4753749,0
0.24177057,0.5052603,1
0.23660822,0.4929239,0
0.2956158,0.50347304,0
0.30452788,0.4909079,0
0.2561686,0.520575,1
0.264076,0.5048481,1
0.17660408,0.49467942,0
0.22706676,0.5037009,1
0.2431733,0.51375645,1
0.23837852,0.483768,1
0.20392865,0.49426267,1
0.28586644,0.48793134,0
0.28515136,0.49990365,0
0.25455618,0.48648033,0
0.24866612,0.4906794,1
0.25219816,0.5107046,0
0.30114257,0.51237553,0
0.22063038,0.500863,1
0.29535705,0.5056839,0
0.26465726,0.49452293,0
0.15254539,0.4908013,1
0.28299946,0.49819896,1
0.23837236,0.4998518,1
0.27027202,0.50310975,1
0.3012124,0.48877203,0
0.20562153,0.5012861,1
0.2928674,0.51116,1
0.35717148,0.49361244,1
0.33434558,0.51571923,1
0.34115893,0.5063811,0
0.36726975,0.50889736,1
0.32392162,0.4984908,0
0.20936032,0.49808303,0
0.2816205,0.48751977,0
0.34785813,0.49987102,0
0.26365626,0.5079158,0
0.35196942,0.5052574,0
0.2891593,0.5021683,0
0.22553109,0.5154587,1
0.29491046,0.48237678,0
0.23433112,0.5004153,1
0.20458375,0.49789825,1
0.3377561,0.4960339,0
0.3313421,0.49884823,0
0.31125385,0.5290296,1
0.22310555,0.51399904,1
0.24791788,0.48732758,0
0.25393575,0.48344445,0
0.25074393,0.4732379,0
0.30663064,0.49428174,0
0.31851745,0.47633705,0
0.32468987,0.49014673,0
0.22596009,0.4788451,1
0.35583746,0.49211535,0
0.25697482,0.50231147,1
0.18482038,0.50054955,1
0.26786214,0.51207197,0
0.28817952,0.48703012,1
0.31779966,0.5332882,1
0.28775698,0.48081484,0
0.28566492,0.5021304,1
0.2588802,0.4998567,0
0.26675436,0.5090036,0
0.28391528,0.49384594,0
0.19267067,0.49548998,1
0.21197297,0.48959467,0
0.3657391,0.5163371,1
0.4188921,0.5115593,0
0.25929534,0.50812167,0
0.28394035,0.5083906,1
0.34715128,0.50337774,0
0.2696405,0.49855056,0
0.33100277,0.50888896,1
0.30974114,0.5000714,0
0.2264987,0.5057456,0
0.3200115,0.48571482,0
0.28344268,0.504405,0
0.29647776,0.48987314,1
0.28457493,0.5021127,0
0.17907235,0.49557886,1
0.20301254,0.4985796,1
0.26019546,0.5106468,1
0.24712455,0.4747624,0
0.19670556,0.50023276,1
0.33842477,0.49280334,1
0.29889038,0.493008,0
0.20554575,0.4983964,1
0.34995025,0.4964527,1
0.2271303,0.48661128,0
0.33929044,0.5057191,0
0.31271082,0.496483,0
0.28767958,0.50512433,0
0.2673524,0.4945,0
0.28782162,0.49281144,0
0.3264582,0.48917368,0
0.30856788,0.50192714,0
0.24708907,0.51009727,1
0.23493588,0.47986498,0
0.3110854,0.46962985,0
0.30271766,0.5147207,1
0.1936047,0.4955089,1
0.25734985,0.51198226,1
0.26421946,0.4979365,1
0.25843272,0.49661002,1
0.19180952,0.4945341,1
0.16871858,0.49267662,1
0.3280071,0.50095284,1
0.2690793,0.49794468,1
0.35180378,0.5049936,0
0.25716627,0.505058,1
0.2568242,0.49248528,1
0.26020312,0.5132883,0
0.22126642,0.5091528,1
0.23323102,0.48923352,0
0.3486141,0.5208048,0
0.24473388,0.49848738,1
0.23324156,0.5168364,1
0.2911095,0.5055801,0
0.22574121,0.49537897,0
0.33174577,0.49799788,0
0.23979317,0.4900011,1
0.30302832,0.4889709,0
0.35667548,0.49624595,0
0.22977892,0.49024686,0
0.23942524,0.5052779,1
0.2722314,0.50083494,0
0.31259507,0.52043563,1
0.36234695,0.5057581,0
0.23291916,0.5054089,1
0.28102604,0.50796676,0
0.2213977,0.5040794,1
0.21988688,0.50867707,1
0.21616893,0.48289657,0
0.27506423,0.50819665,1
0.19455567,0.49735212,1
0.3043426,0.4900302,1
0.28193033,0.5052979,1
0.27110636,0.47794342,0
0.33405495,0.4986411,0
0.3406722,0.49827874,0
0.35368812,0.5022729,0
0.28889912,0.51283234,1
0.24408448,0.50341845,1
0.29300463,0.5083675,1
0.25275064,0.52347785,1
0.35027462,0.49895206,0
0.31288016,0.489087,0
0.19929592,0.49578598,1
0.31460586,0.50123435,0
0.31264266,0.48159346,0
0.3470878,0.49397108,0
0.30802262,0.49578142,1
0.29514715,0.4999279,0
0.2695998,0.47349957,0
0.23497565,0.4867898,1
0.29565492,0.5053807,0
0.30073708,0.4826913,0
0.21867675,0.50400084,1
0.27186024,0.5008463,0
0.22047347,0.5038233,1
0.32750228,0.5002355,0
0.37132144,0.48924884,0
0.21779749,0.5071928,1
0.27350968,0.48292002,0
0.1973105,0.50002193,1
0.30357033,0.5149986,1
0.29835021,0.498078,1
0.21687156,0.49920765,1
0.23309699,0.50689024,1
0.30918968,0.49797022,0
0.23797563,0.49549356,1
0.32978678,0.5025942,0
0.2617997,0.49543706,0
0.25320306,0.48859748,0
0.26345682,0.5109044,1
0.29822809,0.48091754,0
0.34520078,0.4861764,0
0.2607396,0.50144476,1
0.31630924,0.5089366,0
0.2429048,0.49761114,1
0.20917618,0.48986185,1
0.31526107,0.49055418,0
0.25830606,0.50471026,1
0.2997258,0.4812809,0
0.27005988,0.50649565,1
0.2787472,0.5084416,1
0.29026702,0.50306934,0
0.21203119,0.5058513,1
0.2457097,0.48610523,0
0.34508467,0.51935333,1
0.31604406,0.480664,0
0.30886737,0.49466407,0
0.2404108,0.47985527,0
0.20285735,0.5127614,1
0.27321157,0.49913064,0
0.2321586,0.4968586,1
0.2720887,0.50180507,1
0.23295355,0.49032035,1
0.28345114,0.50274515,0
0.33719447,0.49031815,0
0.2939056,0.53406787,1
0.25642684,0.48987803,0
0.22570574,0.4894251,1
0.2540363,0.49991378,0
0.32998508,0.52142334,1
0.24028102,0.4914744,0
0.23909768,0.49892044,0
0.26842767,0.5091326,1
0.34076613,0.5204761,1
0.30514103,0.506955,0
0.19161591,0.5102681,1
0.23666598,0.5001659,0
0.25378126,0.50449055,1
0.27016324,0.4864646,0
0.3042198,0.50962484,0
0.23544884,0.48679397,1
0.3297913,0.4943918,1
0.30229902,0.49245596,1
0.22777234,0.491901,1
0.34788448,0.50357467,0
0.24596693,0.49562296,1
0.33637995,0.4990156,0
0.33050996,0.4873539,0
0.30126318,0.49994075,0
0.24692838,0.48915136,0
0.22901869,0.5084219,1
0.28646156,0.5051799,0
0.20330074,0.493156,1
0.20680651,0.4941175,1
0.23848148,0.51036507,1
0.33093715,0.50836843,1
0.29750186,0.50217074,0
0.33900476,0.48774043,0
0.28529447,0.50174,1
0.29376978,0.49780962,0
0.2797955,0.5058207,0
0.28847563,0.49183416,0
0.3058136,0.5039802,0
0.22654006,0.47526348,0
0.3252508,0.510479,1
0.31132883,0.5038604,1
0.34077543,0.50296503,0
0.29695457,0.4761978,0
0.19251946,0.5161712,1
0.27278113,0.49059772,1
0.2069313,0.4869164,1
0.19053489,0.4943726,1
0.31443703,0.5151641,0
0.32444364,0.4883295,1
0.4086302,0.5329682,1
0.1901016,0.47995234,1
0.16073899,0.5034716,1
0.30439126,0.51130575,1
0.22559679,0.5008297,0
0.2082097,0.49764892,1
0.34181046,0.49712232,0
0.31746417,0.5020614,0
0.34491435,0.48550513,0
0.2695532,0.48500392,1
0.32145083,0.51130813,1
0.27645937,0.51719064,1
0.25042844,0.49715295,1
0.30037898,0.50013095,1
0.3288184,0.4959315,1
0.26630569,0.48999503,1
0.29974872,0.49474016,0
0.2726634,0.4903017,1
0.32778442,0.50294584,0
0.25852174,0.5103391,0
0.1684227,0.49741092,1
0.23527353,0.49085093,1
0.34136787,0.5182603,1
0.282524,0.4934077,1
0.33513314,0.5037965,0
0.3014743,0.488408,0
0.32186306,0.49107686,0
0.30504727,0.502871,1
0.18827435,0.488207,1
0.2653162,0.4860699,1
0.31649458,0.48811272,0
0.30616152,0.4982202,0
0.29353225,0.494692,0
0.28363454,0.4771136,0
0.2786271,0.50931835,1
0.2838831,0.4809669,0
0.19983897,0.4985036,0
0.20115876,0.49780646,0
0.2816198,0.48601332,0
0.30676508,0.5165013,1
0.19202892,0.49838915,1
0.27182332,0.49546528,0
0.2990113,0.50617677,0
0.20022394,0.48954105,1
0.301097,0.50193524,0
0.26210982,0.5136666,1
0.30522645,0.4748033,0
0.31374803,0.48665607,0
0.2849903,0.49462938,0
0.28265238,0.52121973,1
0.24793023,0.5096658,1
0.29692885,0.5032425,0
0.2543283,0.502592,1
0.28997284,0.47397807,0
0.24236435,0.50503105,1
0.20096533,0.50289285,1
0.30165163,0.48666832,0
0.30680484,0.48450974,0
0.385502,0.51271844,0
0.35213733,0.50472385,0
0.20694366,0.48379126,1
0.33777344,0.48991194,0
0.2948524,0.5014715,0
0.2824403,0.49032488,0
0.3589025,0.4936227,1
0.35191923,0.47754097,0
0.26767796,0.507232,1
0.27070516,0.48996615,1
0.2097976,0.5078733,1
0.28827512,0.4914283,1
0.18632375,0.49838236,0
0.27216214,0.5077353,1
0.31982142,0.5176765,1
0.30092743,0.49557444,1
0.25724918,0.50196034,1
0.25213072,0.49199414,1
0.14081813,0.503828,1
0.2876827,0.51194024,0
0.31877658,0.4939587,0
0.30547538,0.48114038,0
0.34051713,0.5220888,1
0.3115844,0.4913324,0
0.28401887,0.49774647,1
0.36618412,0.5203102,1
0.23436637,0.5059105,1
0.23017292,0.47178468,0
0.31759733,0.4953916,0
0.325006,0.48930594,0
0.29556075,0.49209046,1
0.26247346,0.49328092,1
0.30535632,0.49060234,0
0.340564,0.5015216,0
0.23967093,0.49624774,0
0.3090198,0.49927998,0
0.16340083,0.49232218,1
0.27363208,0.50306565,1
0.22467202,0.48754492,1
0.2806446,0.4948971,0
0.19423255,0.48197636,1
0.25382408,0.48326018,0
0.2223962,0.51082426,1
0.20102558,0.49489984,1
0.3394588,0.5049985,0
0.31851006,0.49218085,0
0.23064354,0.49480712,1
0.31182003,0.49017707,1
0.19554383,0.4842954,1
0.276385,0.5048935,0
0.18637967,0.5027848,1
0.24238762,0.50367475,1
0.32454276,0.49126908,0
0.31001967,0.50214404,1
0.3301363,0.498107,0
0.27979863,0.4796537,0
0.21879834,0.51472896,1
0.27491888,0.48569855,0
0.3643571,0.50458974,0
0.3411895,0.5253689,1
0.25166118,0.48790157,0
0.29797107,0.50814265,1
0.24168248,0.4920875,0
0.22696222,0.4921781,1
0.23720022,0.4886231,1
0.32002953,0.50515246,0
0.29670152,0.49357367,1
0.20310809,0.5010937,1
0.27061436,0.47777322,0
0.27071393,0.48326936,0
0.29315946,0.4805158,0
0.34542963,0.49989986,0
0.28618953,0.49335942,0
0.23218335,0.49381685,1
0.17435789,0.46896812,1
0.27069455,0.5014016,0
0.21453983,0.5040271,0
0.294881,0.4849324,0
0.3354016,0.5180897,0
0.2279891,0.497967,0
0.21083926,0.5104837,1
0.27918658,0.50480086,1
0.29144,0.4867635,0
0.2320256,0.50717634,1
0.25003928,0.49382463,1
0.32871175,0.51118976,0
0.24988565,0.5006483,1
0.31876647,0.4952623,0
0.34500235,0.5061566,0
0.28191197,0.50479823,0
0.30115327,0.4862,0
0.31828958,0.5156784,0
0.27684355,0.5007716,1
0.31053153,0.51090384,0
0.23823509,0.49302974,0
0.3145421,0.5026677,0
0.26903275,0.52631885,1
0.3206914,0.5080952,1
0.21151419,0.47659338,0
0.18551762,0.50384766,1
0.3397864,0.5131472,0
0.280621,0.509391,0
0.2539229,0.48808596,0
0.38867223,0.52633667,1
0.29983187,0.49425998,0
0.17998421,0.49834242,1
0.37139976,0.5061028,1
0.25059453,0.4866291,1
0.3396116,0.50402397,0
0.33117366,0.50518495,1
0.27912772,0.4857588,0
0.17541328,0.4913634,1
0.33247226,0.49626854,0
0.31046724,0.48807755,0
0.33689225,0.48957548,0
0.3843648,0.48598933,0
0.3322296,0.5045345,0
0.30727437,0.48415408,0
0.21820131,0.49978963,1
0.2862777,0.49256817,0
0.2965181,0.50615203,1
0.24664569,0.4911399,1
0.3873274,0.50457317,1
0.3263167,0.5061925,0
0.18499035,0.49775442,1
0.3165822,0.502398,0
0.22989702,0.5127664,1
0.28724885,0.48091733,0
0.2710387,0.5202889,1
0.2612821,0.5091963,0
0.2759478,0.50099736,1
0.27327186,0.4861661,0
0.24116635,0.5029173,1
0.32012457,0.5020582,0
0.26780096,0.5132678,1
0.29419583,0.50396013,1
0.332399,0.50195855,1
0.2806818,0.490263,1
0.2863177,0.47618246,0
0.21455309,0.5025631,1
0.2919624,0.48898554,0
0.2987113,0.5006723,0
0.2494357,0.48961997,1
0.2912254,0.4933637,0
0.19263448,0.4992806,1
0.31886667,0.4981046,0
0.31526467,0.4949658,1
0.30533743,0.48913658,0
0.27876502,0.4921615,0
0.25943676,0.49766925,1
0.2775581,0.49471423,0
0.25293696,0.49939156,1
0.25322908,0.47534963,0
0.27293593,0.49723944,0
0.25605813,0.49872625,0
0.22794057,0.50780505,1
0.32953954,0.509918,1
0.31812292,0.4792328,0
0.29753387,0.4778273,0
0.23898414,0.5044282,1
0.21763155,0.50820357,1
0.30863398,0.5142765,0
0.32394955,0.52729505,1
0.1513527,0.48444018,1
0.28266922,0.5166276,1
0.32184815,0.5088051,0
0.3241268,0.4997661,0
0.2787412,0.50948924,0
0.33730134,0.4920254,0
0.18590364,0.48386094,1
0.28892666,0.49918735,1
0.3056419,0.47897968,0
0.22243918,0.49366638,1
0.25960243,0.4951248,0
0.18270245,0.49012265,1
0.29448342,0.47811422,0
0.36276338,0.49198154,0
0.3107937,0.4912324,0
0.34019542,0.51641536,1
0.27529043,0.4967575,0
0.3210035,0.4905007,0
0.27385375,0.5030069,0
0.22328806,0.5287293,1
0.24982032,0.5039626,1
0.23836665,0.50310844,1
0.2739111,0.49930537,1
0.3016056,0.4955975,1
0.31145823,0.48332873,0
0.26978648,0.47798523,0
0.25282454,0.49359345,1
0.25901747,0.5102417,1
0.28377578,0.5031262,0
0.21890588,0.50342685,1
0.23466899,0.49835768,1
0.28738528,0.49816918,0
0.31745747,0.5095957,0
0.32849622,0.50925314,1
0.31445068,0.50505704,0
0.2851159,0.49843326,0
0.2503016,0.50598,0
0.27251428,0.49396288,1
0.32901034,0.48500273,0
0.30471188,0.49013284,0
0.27845457,0.5028641,1
0.3201777,0.49486217,0
0.24541628,0.48888412,0
0.311222,0.5035054,0
0.26363307,0.48367748,0
0.3121783,0.5070165,0
0.3130519,0.5028677,0
0.16237241,0.50564414,1
0.31142193,0.50168985,1
0.25739634,0.49993363,0
0.3071884,0.48416162,0
0.3203628,0.49355796,0
0.259766,0.5062179,1
0.2986405,0.48254502,0
0.27088577,0.49374548,0
0.2748649,0.49867877,0
0.35389158,0.5210653,1
0.3232668,0.49730268,0
0.27521694,0.5225913,1
0.28987914,0.49225125,0
0.2774315,0.4693316,0
0.27451992,0.5081661,0
0.29165453,0.49553692,0
0.26945576,0.49068427,1
0.2554227,0.49911848,1
0.26208416,0.5084698,0
0.3068198,0.4919401,0
0.3427539,0.47271124,0
0.28205353,0.50875145,0
0.31044757,0.49439344,0
0.38109106,0.51394707,1
0.31517398,0.4966201,0
0.25467223,0.49214673,0
0.15072553,0.48793325,1
0.35922432,0.5188224,1
0.28411108,0.48735556,0
0.29927522,0.50341856,0
0.31114924,0.48491105,0
0.32254037,0.47707072,0
0.20784478,0.4885129,0
0.30263522,0.4885591,0
0.25575477,0.50971675,1
0.2406368,0.4791888,1
0.29252237,0.47671828,1
0.31752497,0.4897442,0
0.19221368,0.5108163,1
0.27642086,0.4836899,0
0.20033032,0.5296392,1
0.2795146,0.51380473,1
0.23455377,0.48743692,1
0.2896688,0.5044149,1
0.35761145,0.5002546,1
0.2307894,0.522835,1
0.23882735,0.49042568,0
0.27074233,0.4953378,0
0.29767504,0.50289834,0
0.29114142,0.5032781,0
0.28988856,0.50438327,1
0.2942749,0.4680299,0
0.2891413,0.52332467,1
0.36300623,0.51263374,0
0.29699028,0.50350934,0
0.23461244,0.49650946,1
0.326698,0.53416365,1
0.18164192,0.49026403,1
0.23416713,0.48167598,1
0.25759512,0.49736395,0
0.2840265,0.50666183,0
0.2968392,0.49998084,1
0.347733,0.5109963,1
0.23914577,0.49931717,0
0.2244161,0.48272696,0
0.3026868,0.48688725,0
0.26647657,0.49083748,0
0.28986952,0.50026494,0
0.25993723,0.50219125,0
0.20365626,0.499449,0
0.24375468,0.4748102,0
0.30676195,0.5102012,1
0.34622267,0.5078696,0
0.251796,0.5355393,1
0.30602938,0.49541858,0
0.35978207,0.52681464,1
0.18663411,0.4912808,1
0.14913645,0.49749103,1
0.29708695,0.495407,0
0.21073043,0.5081532,1
0.24754636,0.4956863,1
0.20441495,0.4962189,1
0.22359289,0.48784795,0
0.29454952,0.5130195,0
0.22124907,0.47791663,1
0.2794578,0.49222192,0
0.26081058,0.49534735,0
0.27260858,0.52003163,1
0.2994324,0.49393168,1
0.38718057,0.52556914,1
0.28924102,0.5132924,1
0.22346851,0.50142235,1
0.29190555,0.49334177,0
0.23679903,0.4929012,1
0.19417854,0.5034506,1
0.2546687,0.52125496,1
0.2897154,0.48893896,0
0.38088572,0.5040571,0
0.30001166,0.4896661,1
0.20815566,0.49730048,1
0.31118608,0.5012896,0
0.22706638,0.5231593,1
0.26661092,0.53102475,1
0.28078914,0.49644318,1
0.28654808,0.47818685,0
0.1543898,0.5017455,1
0.30941808,0.53242546,1
0.3170072,0.50508815,1
0.2587855,0.50441843,1
0.2725176,0.49870697,1
0.19016132,0.4810929,0
0.23780176,0.50780433,1
0.21410897,0.4902028,0
0.22094133,0.5013035,1
0.2333535,0.5033779,1
0.2480697,0.5087893,1
0.29411238,0.5197718,1
0.2543981,0.49075937,1
0.28384438,0.48702493,0
0.26679426,0.49912724,0
0.23180072,0.52002114,1
0.26163945,0.5094638,0
0.3235143,0.5003059,0
0.20317411,0.51419544,1
0.22185087,0.48924878,1
0.32024023,0.5015288,1
0.21784504,0.5006191,1
0.37832883,0.5187135,1
0.23602718,0.5164854,1
0.3011259,0.47879657,0
0.2374523,0.49941686,1
0.21685676,0.49004832,1
0.33972216,0.5241905,1
0.24171428,0.5133671,1
0.36870134,0.5014692,0
0.23687088,0.5005319,1
0.23570932,0.5139701,1
0.21232888,0.50727767,1
0.25025195,0.50611013,0
0.2402978,0.5118177,1
0.30013055,0.5033999,0
0.23581293,0.4996768,1
0.3177238,0.5001977,0
0.3361768,0.5287438,1
0.27889213,0.4916366,0
0.27716118,0.5052626,1
0.28746593,0.49878776,0
0.32731676,0.5014786,0
0.26088354,0.49222717,0
0.27890003,0.4924655,1
0.25632527,0.49586955,1
0.21120387,0.5213819,1
0.18496305,0.49172196,1
0.3215475,0.5156163,0
0.3546058,0.495483,0
0.2622307,0.5194158,1
0.26773798,0.49792257,1
0.31717908,0.5002067,1
0.2461487,0.5025329,1
0.18428603,0.50265723,1
0.24330954,0.48426017,0
0.325706,0.4993384,0
0.1921623,0.5035765,1
0.29293987,0.48372117,0
0.35705143,0.49981642,0
0.19038346,0.4922974,1
0.28755313,0.49569106,1
0.3139624,0.5059459,1
0.22071874,0.50535065,1
0.3472585,0.5054428,0
0.23953041,0.49598178,1
0.2783929,0.4722817,0
0.23781666,0.5085526,0
0.36188367,0.48983607,0
0.32741624,0.4782693,0
0.2685866,0.51064306,1
0.29341927,0.5004456,1
0.32107574,0.4901385,0
0.31929523,0.4906508,0
0.22286077,0.50763136,1
0.1627025,0.5102889,1
0.3028062,0.49197373,1
0.2484286,0.5129221,1
0.35590342,0.514811,1
0.3156546,0.5013855,0
0.28733563,0.47578678,0
0.3269261,0.48766413,0
0.3146514,0.48307383,0
0.31139785,0.4986618,1
0.26933026,0.4970344,0
0.27818745,0.48475027,0
0.20942132,0.49694502,1
0.29545593,0.48950925,0
0.30603734,0.51231414,1
0.34283617,0.53702676,1
0.21543889,0.48986804,1
0.3227038,0.48621336,0
0.23771968,0.48449942,0
0.32493123,0.4841427,0
0.18442956,0.49883747,1
0.28469908,0.507719,0
0.2579819,0.50656,1
0.2961355,0.5012071,0
0.31225914,0.49562058,0
0.27491522,0.50018734,0
0.2658853,0.49549446,0
0.22756037,0.49205613,1
0.2525401,0.4835681,1
0.30243844,0.50089365,0
0.25242633,0.50345725,1
0.28077516,0.49011028,0
0.29395038,0.501605,1
0.29348946,0.47843027,0
0.2816813,0.5043567,0
0.29224917,0.50407547,0
0.22545601,0.49268952,1
0.24315749,0.5022681,1
0.21918705,0.5042029,1
0.27648383,0.5047609,1
0.34208536,0.5102055,0
0.25867593,0.50261444,0
0.23708963,0.47797439,1
0.3534528,0.5029883,0
0.39379504,0.49804905,0
0.27725762,0.51580507,1
0.3338306,0.49498436,0
0.3537294,0.502898,0
0.29122847,0.48365593,0
0.23924094,0.5099004,0
0.20827141,0.4967966,1
0.25174403,0.5118828,1
0.2699699,0.47480145,1
0.26522845,0.48748612,0
0.25977123,0.49892202,0
0.31844598,0.49938568,1
0.140165,0.49437678,1
0.34655467,0.5140695,0
0.17498285,0.49497095,1
0.2457038,0.5190676,1
0.26212263,0.49347234,0
0.28088182,0.46924767,0
0.31421226,0.48243096,1
0.26333532,0.5044171,1
0.2571075,0.50529903,1
0.21020783,0.496056,1
0.27401394,0.49906024,1
0.36799288,0.49545166,0
0.21822762,0.49622735,1
0.18331626,0.49730182,1
0.19602512,0.4962659,1
0.32438532,0.4955028,0
0.34102786,0.52806664,1
0.2368549,0.5212081,1
0.3291939,0.51143736,0
0.28439865,0.5259337,1
0.3317739,0.49647915,0
0.2816959,0.5023246,1
0.20636067,0.500994,1
0.20352088,0.49553505,1
0.21453767,0.48587486,1
0.29601055,0.49167982,0
0.20810817,0.50354326,0
0.2984915,0.49858084,0
0.24787514,0.506279,1
0.28380394,0.5292375,1
0.23655152,0.4963663,1
0.272463,0.5162402,1
0.24497017,0.49768665,0
0.2522611,0.5148862,1
0.25912836,0.48189926,0
0.19491768,0.5067725,1
0.3697881,0.4918715,0
0.15034582,0.49223796,1
0.2544939,0.49882963,0
0.26292604,0.51541877,1
0.25073725,0.48295859,0
0.2912524,0.48221707,0
0.25104082,0.49202225,1
0.23628612,0.50285095,1
0.30338216,0.4972351,0
0.29889977,0.49350414,0
0.3361746,0.5319316,1
0.29793167,0.49277878,0
0.32059026,0.48168907,0
0.20103243,0.50746673,1
0.30994073,0.4795804,1
0.32628855,0.4856212,1
0.26573393,0.48561695,0
0.29265618,0.50384647,0
0.3405962,0.50961757,0
0.2627651,0.48775044,0
0.28934446,0.48225632,0
0.26957744,0.49567786,0
0.159888,0.50374675,1
0.21888345,0.49654746,1
0.30384248,0.4966217,1
0.24889654,0.5086937,1
0.27150095,0.510189,1
0.2927069,0.500656,1
0.18026917,0.5050249,1
0.29043937,0.5267715,1
0.2806749,0.49137378,1
0.29423034,0.49912563,0
0.377608,0.4973742,0
0.24688593,0.51091367,1
0.18870349,0.49548998,1
0.21175471,0.5126039,0
0.23797306,0.507369,1
0.19904867,0.4796833,1
0.23852326,0.49437222,1
0.2811576,0.49104032,0
0.26370174,0.5000376,1
0.2878251,0.541359,1
0.22536105,0.5053924,1
0.23604044,0.49945197,1
0.25601858,0.5001487,1
0.28153932,0.49952552,0
0.17919254,0.50477844,1
0.2465257,0.5040721,1
0.2034795,0.50445956,0
0.30429327,0.50846153,0
0.3087726,0.5013919,0
0.28076392,0.490833,1
0.15728047,0.48693052,1
0.27932107,0.5095671,0
0.22539057,0.50076926,0
0.24669933,0.4924183,1
0.1997907,0.48926345,0
0.3217507,0.50580233,1
0.330847,0.51122904,0
0.2582875,0.49182224,0
0.17890294,0.48705623,1
0.26732323,0.5006005,0
0.3074797,0.49563432,0
0.30463305,0.48835662,0
0.21133792,0.5075438,1
0.3291641,0.50817806,0
0.2988633,0.50004005,1
0.28536797,0.5054636,1
0.3148107,0.50232476,1
0.28503695,0.49437472,0
0.2874576,0.5140641,0
0.3073077,0.50006455,0
0.3552449,0.4826273,0
0.27769387,0.5008095,0
0.20466305,0.49451423,1
0.2549557,0.50213724,1
0.3052907,0.50167423,0
0.33077532,0.49745432,0
0.32247585,0.50433415,0
0.27161512,0.5002711,0
0.3631242,0.4809076,0
0.30242136,0.49580446,1
0.27372804,0.52331656,1
0.3275107,0.5086228,0
0.15273403,0.48875752,1
0.24987201,0.4959738,1
0.37412116,0.5076513,0
0.30676493,0.48171213,0
0.260909,0.48293862,0
0.15992193,0.47860527,1
0.2352694,0.48907742,1
0.30284992,0.50321233,1
0.26905003,0.50285625,0
0.20092815,0.5030393,1
0.26983523,0.4974384,1
0.31953728,0.48945192,0
0.2732544,0.49112758,0
0.3367188,0.48336533,0
0.19644633,0.49726272,1
0.2608409,0.48410878,0
0.28224006,0.4965651,0
0.28450623,0.4927269,0
0.2900487,0.51257074,0
0.3302095,0.5019122,0
0.21650957,0.5297789,1
0.3094427,0.47473308,0
0.1881471,0.494265,1
0.28695136,0.4895552,0
0.22577834,0.4826405,0
0.35745543,0.5001034,1
0.3174417,0.5143196,0
0.29589826,0.5009811,1
0.3539971,0.5025848,0
0.33957314,0.482932,1
0.25132167,0.48861313,0
0.24991713,0.5230258,1
0.30703145,0.50210243,0
0.15842737,0.49273017,1
0.27688092,0.48300955,0
0.33249962,0.50580215,1
0.2631073,0.49690354,0
0.2139775,0.5073605,0
0.28363097,0.48982844,0
0.28324178,0.49673566,0
0.20327213,0.50229317,1
0.25033835,0.5023424,1
0.33636546,0.4942902,0
0.31854683,0.50549173,0
0.24241823,0.49324203,0
0.32457924,0.48715052,0
0.34074348,0.5096831,0
0.24387015,0.5332168,1
0.2060882,0.5080475,1
0.19162977,0.48766002,1
0.3165242,0.50937253,0
0.26340973,0.4868286,0
0.3371999,0.5098625,0
0.25783536,0.50494933,1
0.33919477,0.5040347,0
0.26631624,0.505662,0
0.30635065,0.49422383,0
0.3206893,0.494565,0
0.25802505,0.5129991,1
0.27763873,0.49725124,0
0.27033696,0.49908933,1
0.2920733,0.48809865,0
0.1945981,0.4984497,1
0.21943152,0.4928117,0
0.33192664,0.48462597,1
0.20811127,0.48839054,1
0.3778866,0.5154081,0
0.33697468,0.5333713,1
0.26773137,0.507804,1
0.28618154,0.50208503,1
0.2825668,0.52609724,1
0.25294197,0.49803147,0
0.35168326,0.49680343,0
0.3078095,0.48929736,0
0.19666344,0.51263493,1
0.35848463,0.4991759,0
0.42289168,0.48565635,0
0.32680002,0.50392073,0
0.2759679,0.5065228,0
0.26481718,0.50860506,1
0.2500883,0.5064668,1
0.29512143,0.5000363,0
0.26845413,0.52227336,1
0.24242678,0.50831074,1
0.29074085,0.49025095,0
0.28090936,0.5064528,1
0.25357968,0.4945717,1
0.3658099,0.50471616,0
0.22519511,0.5048306,1
0.2502284,0.47899732,0
0.31998247,0.4788693,0
0.22210085,0.4872949,0
0.32359368,0.49979368,0
0.30131012,0.48333216,0
0.23084915,0.4845774,1
0.21374774,0.50788015,1
0.29158503,0.49660215,0
0.26433417,0.50202006,0
0.3194391,0.5089491,1
0.30502662,0.49725667,1
0.26066184,0.5061752,1
0.32785958,0.51492846,1
0.27816215,0.47988322,0
0.19536857,0.4831468,0
0.24661994,0.49546936,1
0.27491453,0.5281171,1
0.29611906,0.49774823,1
0.30592564,0.50421447,1
0.22578135,0.4959607,0
0.32048985,0.49111816,0
0.22477235,0.49476528,1
0.31808016,0.5144761,1
0.30341512,0.5042446,1
0.26506293,0.49818018,1
0.30022568,0.4972535,0
0.33887738,0.5121283,0
0.28102615,0.47749218,0
0.37039846,0.49661314,0
0.24381752,0.48785815,0
0.22817448,0.5060317,1
0.24647236,0.49089804,1
0.10900623,0.48777518,1
0.19094495,0.49863204,0
0.26217866,0.49781653,0
0.30435073,0.49716333,0
0.32996666,0.48702535,0
0.32920298,0.497552,0
0.28958073,0.5035623,0
0.3197345,0.4898704,0
0.27696273,0.49347624,0
0.20516235,0.52681917,1
0.26035318,0.49440932,0
0.21786736,0.50060636,1
0.27894992,0.5070439,0
0.3028748,0.48094192,0
0.27209175,0.5052379,0
0.3612132,0.506803,0
0.2852653,0.52205527,1
0.293814,0.50827074,0
0.31467932,0.49285984,0
0.23958787,0.49393904,1
0.30110246,0.49843574,0
0.34643552,0.47561398,1
0.24376786,0.5048778,0
0.16835412,0.49359933,1
0.3269902,0.5082436,0
0.3174404,0.52222824,1
0.33136845,0.47680953,0
0.20190573,0.5026388,1
0.30779538,0.5069648,0
0.31231496,0.48926473,0
0.25356635,0.48576155,0
0.32403082,0.5246039,1
0.20603287,0.49864343,1
0.27168292,0.49698594,0
0.23926425,0.4813769,0
0.18632916,0.5030605,1
0.22538354,0.50856173,1
0.30032355,0.50484544,0
0.30689457,0.49841222,1
0.29419017,0.47895432,0
0.29793298,0.49776646,1
0.348543,0.48643914,0
0.25709403,0.50716823,1
0.2667677,0.5172431,1
0.21510172,0.4982272,1
0.2648826,0.5048223,0
0.26032826,0.49204662,1
0.25499564,0.49917677,0
0.29404956,0.5115359,0
0.35574055,0.4950491,0
0.31572717,0.48083627,0
0.30745167,0.49297187,0
0.3417939,0.506902,1
0.23511371,0.49291435,0
0.28002954,0.5067968,1
0.24528946,0.5037891,1
0.21906681,0.48344767,1
0.28198516,0.4845948,0
0.29836553,0.51646066,0
0.31280708,0.5072458,0
0.25585833,0.49751285,0
0.2533157,0.48960736,0
0.28763932,0.49849916,0
0.3231095,0.48765004,0
0.29528964,0.512989,0
0.32589552,0.4754876,0
0.25883976,0.48409042,0
0.31402236,0.48615423,0
0.27234557,0.48580316,0
0.3197351,0.47447714,0
0.27244136,0.49156573,0
0.28798175,0.50928706,1
0.25932324,0.5041396,0
0.35744667,0.50482184,0
0.2795032,0.49148032,0
0.27611816,0.5030651,1
0.29170358,0.49292645,1
0.24236563,0.52535844,1
0.39186114,0.5030019,0
0.31678832,0.5060501,0
0.123712614,0.4961156,1
0.31586346,0.5319914,1
0.24587765,0.5088662,1
0.30780643,0.5007258,0
0.20897847,0.5036011,1
0.3252673,0.4899516,0
0.2858002,0.49031505,0
0.26181194,0.50782424,1
0.2712929,0.5072052,1
0.2894653,0.49497625,0
0.26956165,0.49468812,0
0.36087736,0.51648027,0
0.1873445,0.49568972,1
0.20584445,0.49982366,1
0.32037005,0.50511116,0
0.33784503,0.4983591,0
0.24608806,0.5036958,1
0.2925068,0.501974,0
0.2273781,0.482383,1
0.37796032,0.4915581,0
0.20700163,0.5029822,1
0.3313462,0.5054816,0
0.27090278,0.49280837,0
0.19049448,0.49106684,0
0.25845718,0.5053455,1
0.25560063,0.49175462,0
0.33488154,0.50878847,0
0.1946189,0.48785248,0
0.29773137,0.5111968,1
0.31570444,0.49380723,0
0.3229416,0.504036,0
0.31450427,0.5042334,0
0.25774604,0.512894,0
0.30352426,0.47818157,0
0.29716724,0.49391457,0
0.28558552,0.4703299,0
0.21154635,0.49674165,1
0.23113224,0.5054788,0
0.32255325,0.5005064,0
0.2304974,0.5009796,1
0.34031928,0.5074765,0
0.21706,0.50293785,1
0.30090535,0.5088824,0
0.18201783,0.47625813,1
0.33583072,0.5091882,0
0.2839737,0.51701516,1
0.33335698,0.4910721,0
0.28843597,0.5217101,0
0.32364023,0.49127218,0
0.33942872,0.49040017,0
0.3628797,0.50015545,0
0.31092578,0.4931266,0
0.2895121,0.48410276,0
0.2639008,0.4791254,0
0.31181562,0.4870129,1
0.40723407,0.5107958,0
0.2878633,0.49293688,0
0.19966403,0.49112296,1
0.32393706,0.52244157,0
0.3262388,0.4995143,0
0.30364925,0.49936077,0
0.29158354,0.49865213,0
0.3179103,0.5067608,0
0.21563177,0.4925588,1
0.28352684,0.48750052,0
0.19241962,0.4926046,1
0.3030675,0.49611816,0
0.2799724,0.47453758,0
0.24132279,0.5147857,1
0.27583355,0.48557138,0
0.22075918,0.48740137,0
0.38047075,0.51280373,0
0.27622432,0.4814024,0
0.22384548,0.51588446,1
0.28053707,0.5141832,0
0.29328066,0.49815667,1
0.32176507,0.5073754,0
0.1882323,0.5030899,1
0.26525423,0.49931833,1
0.23787034,0.49364746,1
0.3327528,0.5110538,1
0.28375137,0.49780372,0
0.2976659,0.50437266,1
0.2848252,0.5121302,1
0.3753736,0.50065273,0
0.3662976,0.4794494,0
0.32317197,0.48542574,0
0.24157535,0.49302587,1
0.2858308,0.5169938,1
0.3207326,0.50011206,0
0.31788266,0.5042419,0
0.2742862,0.49269402,1
0.24974763,0.5146529,1
0.20615828,0.49539432,1
0.36564824,0.49732527,0
0.23585422,0.4878038,0
0.3533778,0.49098182,0
0.3521288,0.50052786,0
0.3038401,0.49610826,0
0.28619307,0.48820624,0
0.26792598,0.50558513,1
0.19622609,0.50144273,1
0.19943884,0.5010037,1
0.25415736,0.4853228,0
0.32053995,0.49807835,1
0.28724322,0.4882773,0
0.2262997,0.5050394,1
0.28329784,0.5054386,1
0.32107425,0.491297,0
0.208101,0.5092012,1
0.31670162,0.5019861,1
0.17068811,0.49915472,1
0.30682796,0.5111061,1
0.23902476,0.50601864,1
0.29326278,0.50523585,1
0.30686194,0.48108387,0
0.3099339,0.49775365,0
0.26596895,0.49943432,1
0.34592384,0.4908661,0
0.23987481,0.48448884,0
0.26067618,0.4884766,0
0.29703432,0.49531356,0
0.27120915,0.47712204,1
0.2967375,0.5238368,1
0.2671402,0.50116533,1
0.33060917,0.49904907,0
0.34490776,0.4970758,0
0.31548947,0.49156997,0
0.29219708,0.51342845,1
0.33176053,0.49363804,0
0.17947915,0.49054417,1
0.20963994,0.49253103,1
0.2449843,0.49678707,0
0.27663016,0.4822111,1
0.3159679,0.5036486,0
0.26017883,0.49303994,0
0.2869373,0.50174046,0
0.27176064,0.50435776,0
0.30828226,0.51325697,1
0.31493622,0.5076215,0
0.27326697,0.49942744,0
0.28721014,0.50046927,1
0.28262526,0.49602064,0
0.15446302,0.4940356,1
0.30852878,0.4938477,1
0.24499005,0.51186025,1
0.35856748,0.5018133,0
0.25507486,0.4889513,0
0.28213975,0.4914082,0
0.3109085,0.52646726,1
0.31364754,0.48934445,0
0.19627872,0.51439255,1
0.24923918,0.50003916,1
0.24585079,0.5196109,1
0.2363357,0.47613242,0
0.21895245,0.48768643,1
0.25551373,0.49244365,0
0.2925951,0.4982048,0
0.28085643,0.478851,0
0.36663032,0.50922805,0
0.31784892,0.493541,0
0.3427025,0.50189084,0
0.2261154,0.5007553,1
0.2905872,0.5047458,0
0.35337418,0.511992,0
0.22616996,0.49715284,1
0.34073842,0.49480292,0
0.28684705,0.5068166,1
0.28099447,0.48864445,1
0.2555719,0.5167405,0
0.23097281,0.51045495,0
0.28100318,0.48206687,0
0.22267225,0.50691,1
0.20940492,0.49174583,1
0.16914669,0.49466696,1
0.27146938,0.5036607,1
0.29756573,0.50746024,1
0.2633353,0.5126529,0
0.27349207,0.49036577,0
0.3408204,0.50204974,1
0.29302338,0.48422444,0
0.33968762,0.49324068,0
0.3193159,0.49610576,1
0.33314034,0.4788251,0
0.3125971,0.48968717,0
0.27081752,0.50685126,1
0.28175753,0.5024445,0
0.2425401,0.49374124,1
0.3018664,0.49107304,0
0.2227659,0.49974558,1
0.25526285,0.51174515,0
0.25657466,0.5032713,1
0.3137049,0.4947866,1
0.1269724,0.47840676,1
0.3499092,0.5072271,0
0.33569673,0.50898844,0
0.25171497,0.51069266,1
0.28397715,0.52271134,1
0.27808076,0.50684637,1
0.31315696,0.49692616,0
0.32713646,0.49953803,0
0.23540843,0.50086445,0
0.31016937,0.49683043,0
0.29660478,0.50041276,0
0.23011702,0.49713945,1
0.22149855,0.4978136,1
0.2823152,0.49079657,0
0.2956698,0.50452894,1
0.3284564,0.496955,0
0.2940691,0.4848591,0
0.2747183,0.48578772,0
0.26148912,0.487566,1
0.31818947,0.5121929,1
0.28326234,0.49595818,0
0.21380351,0.5032616,0
0.26334417,0.48252225,0
0.22162071,0.49383685,1
0.31338048,0.49359322,0
0.34540927,0.49254167,0
0.26833165,0.50197595,1
0.28751642,0.4925927,0
0.23935503,0.5093791,1
0.29040277,0.49389338,0
0.2728587,0.5085747,1
0.32367,0.5045875,0
0.24543023,0.49417844,0
0.28461987,0.5124743,0
0.24310601,0.5045051,1
0.26378924,0.5004217,1
0.32233164,0.49780735,1
0.2552667,0.5089949,1
0.30966264,0.5008637,1
0.2910153,0.49516058,0
0.33810943,0.50476253,0
0.20406707,0.49928418,0
0.19754463,0.50754356,1
0.2209287,0.5005489,0
0.28008223,0.50412077,0
0.25259736,0.52705485,1
0.26202497,0.5044286,1
0.24787498,0.50701946,1
0.21922508,0.502431,1
0.19574061,0.47694722,1
0.23340051,0.497825,0
0.29986644,0.50368816,0
0.3523559,0.50669104,0
0.16251847,0.48936275,1
0.35024914,0.50520176,0
0.29280537,0.49257755,0
0.2709445,0.50558096,0
0.24747229,0.4919816,0
0.32843912,0.51315695,1
0.32034153,0.50015813,0
0.23820001,0.50838333,1
0.19630702,0.49953318,0
0.3113463,0.5081945,0
0.1825786,0.50861436,1
0.29236048,0.5076743,0
0.2819193,0.50332624,1
0.28682435,0.5111754,1
0.2884369,0.50687635,1
0.27512658,0.47354117,0
0.3272633,0.526484,1
0.26202902,0.5056347,1
0.29741678,0.48895875,0
0.2192013,0.5128195,1
0.33511806,0.503777,0
0.27201748,0.4999191,0
0.30920514,0.50400704,1
0.296521,0.4885747,0
0.30716962,0.48271093,0
0.28918797,0.5031182,0
0.18753631,0.50547534,1
0.23079771,0.51566106,1
0.30306065,0.5119649,1
0.26467252,0.50214714,0
0.25924864,0.49973798,0
0.28739858,0.487602,0
0.19347917,0.49911246,1
0.3242889,0.49693027,0
0.29861563,0.5079288,0
0.2194302,0.5011854,1
0.2513508,0.48825812,0
0.30922326,0.482993,0
0.29628712,0.49534884,0
0.3151672,0.47690544,0
0.25490704,0.5026487,1
0.27697152,0.49867097,0
0.37295222,0.48065722,0
0.26979265,0.48195842,0
0.28770489,0.5047744,0
0.2922712,0.47761646,0
0.21837611,0.49164417,0
0.21159537,0.492841,1
0.34801507,0.5031122,1
0.16730721,0.4723946,1
0.24168119,0.506614,1
0.19515933,0.49494386,1
0.21773693,0.50345814,1
0.32677132,0.4980695,1
0.30707937,0.48258862,0
0.3150965,0.53081036,1
0.20992541,0.5094438,1
0.2830518,0.49278137,0
0.29892993,0.5032243,0
0.35024792,0.5093517,0
0.16368163,0.4970391,1
0.27942795,0.49478874,0
0.35879663,0.4971844,0
0.28425652,0.50211537,0
0.30838636,0.4916084,1
0.2722594,0.505354,1
0.2440396,0.5054344,1
0.2041424,0.50346726,1
0.32374245,0.4918456,0
0.27700642,0.50208193,0
0.30253083,0.5034388,0
0.2790957,0.51240224,1
0.3368612,0.50202537,0
0.24143317,0.5116471,1
0.34164318,0.5016834,1
0.26856673,0.4965525,1
0.3227181,0.50967556,0
0.23987195,0.5055526,0
0.34429687,0.5025559,0
0.29133147,0.5079178,1
0.30348364,0.5000331,0
0.25918975,0.5039973,1
0.2894246,0.48180577,0
0.38349062,0.5056028,1
0.27747875,0.49781093,0
0.29462934,0.4984846,0
0.31933707,0.49538657,0
0.25292817,0.48208237,0
0.37024662,0.5168185,0
0.31267834,0.49510184,0
0.18919572,0.49586812,1
0.28801113,0.49455833,0
0.328464,0.49606243,0
0.25312728,0.4976642,1
0.2727536,0.5025529,0
0.2849455,0.49927285,1
0.30746013,0.49966958,1
0.21990523,0.4964181,1
0.30640674,0.4889116,1
0.25368518,0.49465588,0
0.36123773,0.5125754,0
0.21677649,0.49916998,0
0.24556965,0.49473253,1
0.23063129,0.49249676,0
0.21817783,0.5136723,1
0.2933196,0.49615446,0
0.27332574,0.4913638,0
0.36391357,0.46774945,0
0.28826886,0.5093397,0
0.17009225,0.49150822,1
0.23689619,0.48536554,0
0.29687226,0.49127126,0
0.24742195,0.4920303,1
0.3287138,0.49100685,0
0.31573114,0.502657,1
0.25445414,0.51419026,1
0.32315063,0.4883677,0
0.27777395,0.5074558,1
0.22724858,0.5025137,1
0.33381492,0.497878,0
0.29527766,0.48485193,0
0.1843242,0.49973044,1
0.19462782,0.5081795,1
0.3499218,0.5039298,0
0.19336587,0.4850935,1
0.18325537,0.4953291,1
0.20991656,0.5081726,1
0.21387799,0.4953054,0
0.32485995,0.5121774,0
0.35947698,0.49686924,0
0.30345586,0.4998277,0
0.25990614,0.50390315,1
0.29547393,0.4960653,0
0.2945627,0.48983276,1
0.22354019,0.5103696,1
0.31363165,0.5026746,1
0.34614533,0.51281804,0
0.325365,0.48713365,0
0.21499678,0.506793,1
0.29088256,0.5085046,0
0.3237271,0.5002217,0
0.27613908,0.50647134,0
0.299901,0.4890283,0
0.2826752,0.49176434,0
0.24135455,0.508254,1
0.33832616,0.5076176,0
0.26051995,0.48805895,0
0.350901,0.5033607,0
0.3061386,0.49173784,0
0.1774723,0.4948634,1
0.28235474,0.4882885,0
0.34193105,0.5060646,0
0.33499986,0.50528485,0
0.2992112,0.4794651,0
0.2869704,0.5031857,0
0.3265823,0.51953787,1
0.1991974,0.48582828,0
0.24166329,0.5076995,1
0.27605838,0.48851857,0
0.1929786,0.49598157,1
0.33838215,0.49793777,0
0.24851161,0.52009624,1
0.25716567,0.48848566,1
0.27523646,0.5066609,0
0.2872938,0.50672597,1
0.22208612,0.49400452,1
0.30012286,0.5034661,1
0.3422016,0.50287753,0
0.21125059,0.49186406,1
0.26275998,0.48202482,0
0.23400772,0.50556284,1
0.2560978,0.483685,1
0.26248747,0.5020303,0
0.2822869,0.50243706,0
0.29485857,0.50187033,0
0.32843018,0.50331444,0
0.2927085,0.49646154,0
0.32836843,0.5041934,0
0.32580793,0.51060534,1
0.27333185,0.49998942,0
0.27306697,0.50592667,1
0.31090426,0.5077513,0
0.37205255,0.5099403,1
0.24647167,0.48856536,1
0.30083933,0.500295,0
0.15788041,0.50309604,1
0.19529665,0.47739968,1
0.33084807,0.5030384,0
0.37392145,0.5088522,0
0.27480143,0.48116198,1
0.3199493,0.49854723,1
0.2861582,0.49777806,0
0.25050083,0.48188147,1
0.28107914,0.50096756,1
0.25373304,0.5047907,1
0.23390353,0.519936,1
0.2803859,0.4952842,0
0.31221634,0.48985085,0
0.31500313,0.4864676,0
0.311962,0.50103354,1
0.22814283,0.5024529,1
0.27864987,0.504319,1
0.24480784,0.49864507,0
0.31701678,0.50618213,0
0.20266652,0.49284172,1
0.1851382,0.4923903,1
0.37629604,0.5084041,1
0.23292285,0.48758432,0
0.27538925,0.48215094,0
0.29098055,0.49325594,0
0.22353749,0.48134884,1
0.3554461,0.50494015,1
0.29063183,0.49680725,0
0.33608586,0.49942198,0
0.26482865,0.48504296,1
0.25314063,0.5077193,1
0.29309252,0.48514953,0
0.32481998,0.51485187,0
0.32381976,0.50809294,0
0.2903319,0.509821,0
0.29981613,0.49444112,0
0.24827816,0.48300013,0
0.29748264,0.5067457,0
0.32150912,0.50209945,0
0.15363908,0.49034128,1
0.20132595,0.4768382,1
0.20043078,0.5029778,0
0.29296988,0.5071823,0
0.30404222,0.48457325,0
0.1664726,0.49210516,1
0.31004745,0.49915597,0
0.27579546,0.5026024,1
0.27902585,0.5065688,0
0.22758043,0.48712572,1
0.33645877,0.49496412,0
0.29414302,0.50495285,0
0.2604161,0.50080746,1
0.18886067,0.49723253,1
0.26298296,0.48789787,0
0.2532676,0.49788365,0
0.29411936,0.49548006,1
0.27822554,0.5047803,1
0.30271733,0.49758127,0
0.30449748,0.5067225,0
0.2449367,0.5082287,1
0.22799487,0.49918017,0
0.19955847,0.51023954,1
0.31384403,0.49640203,1
0.21206006,0.48835626,1
0.21705467,0.48831344,1
0.24956146,0.5202647,1
0.30149832,0.50424737,1
0.3002386,0.5031058,1
0.28420132,0.4942433,1
0.25463188,0.49770498,1
0.2310721,0.491141,1
0.22001402,0.49901083,1
0.29553714,0.47445855,0
0.31120953,0.4889513,0
0.3422979,0.49784526,0
0.28410032,0.4832233,0
0.33841562,0.4950806,1
0.32738012,0.49213228,0
0.28720042,0.53473884,1
0.23528191,0.50078076,0
0.3340308,0.4996303,1
0.3654325,0.48416078,0
0.25463742,0.50005406,1
0.2491534,0.4743762,0
0.2923736,0.50275946,1
0.33062404,0.48479125,0
0.35514778,0.5033192,1
0.30377564,0.48320302,0
0.30170262,0.5117815,0
0.26918378,0.4933088,1
0.3290968,0.48877767,0
0.26872742,0.4852622,0
0.2935171,0.50558764,0
0.27618605,0.48995468,0
0.18014196,0.49878487,1
0.25150177,0.51712257,1
0.30309403,0.48923525,1
0.286609,0.50566375,0
0.24491297,0.5044423,1
0.28391594,0.4806098,1
0.27976328,0.48093393,0
0.24442068,0.47889808,0
0.273574,0.4973457,1
0.33286482,0.48154235,0
0.33066934,0.54174393,1
0.3401235,0.511179,0
0.21480592,0.5011009,1
0.3225333,0.49818888,0
0.30916852,0.51884335,0
0.2587897,0.51360816,1
0.18544255,0.4932743,1
0.25008896,0.4940904,1
0.19130404,0.49523413,1
0.22853169,0.504569,1
0.3538106,0.47851446,0
0.22505933,0.46597853,0
0.2657817,0.49872527,1
0.30132625,0.4867591,0
0.18551528,0.49478117,0
0.24726966,0.49091697,0
0.19124687,0.50095135,1
0.35698882,0.51437587,1
0.24455631,0.5044906,1
0.31196362,0.49656257,1
0.19885316,0.48513004,0
0.3172339,0.49370304,0
0.23757122,0.48486808,1
0.20422308,0.50875735,1
0.30990463,0.50763774,1
0.2701168,0.48366666,0
0.27056393,0.48306015,0
0.34464034,0.50606626,0
0.27129534,0.5066094,0
0.30176124,0.4825015,0
0.2175864,0.5112119,1
0.25125098,0.51250505,1
0.2716851,0.50450075,0
0.22642548,0.5015692,1
0.1900151,0.4897968,1
0.31879148,0.498288,0
0.2920987,0.48675194,0
0.2615146,0.51516795,1
0.26046753,0.51174206,0
0.20993693,0.49016988,0
0.28412485,0.5050399,0
0.22265655,0.49900436,1
0.14705986,0.4768494,1
0.29437897,0.49606028,1
0.1988498,0.48369077,1
0.26401812,0.5175994,1
0.24103962,0.5016124,1
0.27553695,0.50514007,0
0.33013475,0.48207352,0
0.29064992,0.5004471,0
0.2924224,0.48708364,0
0.34159344,0.5073975,0
0.2820037,0.48935047,0
0.31177855,0.49792734,0
0.3635956,0.50775903,0
0.35644692,0.5024636,0
0.2648756,0.4932871,1
0.19036373,0.49742708,1
0.21860938,0.49322286,1
0.29680538,0.49260774,0
0.38419077,0.4994363,0
0.27924255,0.5091222,0
0.3024001,0.49338707,0
0.16649072,0.48855734,1
0.2937712,0.4963611,0
0.281623,0.49389187,0
0.2980252,0.49464735,0
0.3080284,0.5047634,1
0.25331354,0.50290585,1
0.3573593,0.5009305,0
0.21787614,0.5166683,1
0.24565789,0.49545428,1
0.1983903,0.5027481,1
0.20556192,0.4779903,1
0.32812047,0.5235384,1
0.36420783,0.49921393,0
0.2454817,0.4964184,1
0.32411867,0.50329,0
0.25415322,0.5015735,0
0.29863933,0.5192612,1
0.20231849,0.467173,0
0.27904624,0.4799463,0
0.19903146,0.4895021,1
0.26305407,0.52130646,1
0.2922324,0.51228195,0
0.31324476,0.4763352,0
0.29298785,0.50753266,1
0.24877596,0.52618796,1
0.2664862,0.49706757,1
0.26471537,0.5253285,1
0.3058891,0.49681187,0
0.3052435,0.48835444,0
0.29349846,0.4938276,0
0.26628947,0.5000238,1
0.37427253,0.4885006,1
0.2393151,0.48761094,1
0.27141577,0.5095481,1
0.18083017,0.4996271,1
0.3615888,0.50902635,1
0.20695512,0.49738827,1
0.31538558,0.5067341,0
0.2662604,0.50298816,1
0.28402385,0.50711966,1
0.25899065,0.49829587,0
0.29572144,0.50576836,1
0.31178886,0.474682,0
0.273188,0.51935744,1
0.28495264,0.4912294,0
0.21007898,0.50295377,1
0.2887713,0.47845188,0
0.31146848,0.484045,0
0.29268113,0.48560658,0
0.22173122,0.4852799,1
0.30134344,0.49992982,1
0.26930025,0.49772397,1
0.32182896,0.4993602,1
0.2396513,0.48733988,0
0.2807306,0.5054639,1
0.33230335,0.4949706,0
0.33705592,0.5299523,1
0.15488502,0.49847424,1
0.32852614,0.50179505,0
0.31913358,0.5019515,0
0.3065807,0.50176555,0
0.30027574,0.4815285,0
0.29311264,0.5045612,0
0.25301808,0.49359345,1
0.17612882,0.47504678,1
0.30485696,0.5016903,1
0.2235386,0.50613135,1
0.3056342,0.49258026,0
0.32524642,0.50598866,0
0.29276273,0.4873531,0
0.23269072,0.48206744,1
0.28917253,0.5044542,1
0.17422809,0.49616584,1
0.29526684,0.50862014,0
0.27802014,0.479916,0
0.28730965,0.51331913,1
0.27819687,0.5070967,1
0.2889892,0.48435307,0
0.24488243,0.49454737,0
0.21102202,0.48458973,0
0.2728356,0.48798656,1
0.31657052,0.48200083,0
0.27702028,0.49744806,0
0.32119128,0.48693255,0
0.3380513,0.49205026,1
0.2733147,0.51380783,1
0.28554636,0.5118706,0
0.280191,0.5074677,0
0.21446274,0.4882525,1
0.17494419,0.4973317,1
0.27217337,0.48060575,0
0.30005074,0.50929904,1
0.24696693,0.5048278,1
0.31094956,0.5027515,0
0.2521137,0.49990353,1
0.32599562,0.50382996,0
0.36310565,0.49989024,0
0.23642017,0.48755804,0
0.36267906,0.51073056,1
0.24584769,0.50393707,1
0.27372748,0.4917078,1
0.2519759,0.47153226,0
0.281974,0.48157442,0
0.2570728,0.5041813,0
0.25562578,0.5029451,1
0.32728428,0.5241495,1
0.27163216,0.49050465,0
0.2800921,0.5065144,1
0.22199287,0.5014023,1
0.25436082,0.49973598,0
0.30850482,0.48771754,0
0.28077567,0.52457,1
0.21104941,0.49160162,1
0.29868847,0.52472013,1
0.21685652,0.5008118,1
0.30651087,0.49374995,1
0.26461247,0.48349047,1
0.3001377,0.50777936,1
0.33624357,0.493607,0
0.3089267,0.50645995,1
0.29016742,0.49837184,0
0.26656464,0.50658566,1
0.23110743,0.48519287,0
0.2009358,0.50212675,1
0.27026823,0.5134213,1
0.3084159,0.50305563,0
0.33612347,0.49658188,0
0.18844703,0.49651578,1
0.25291127,0.49816418,0
0.28848112,0.51771736,1
0.21143377,0.4960136,1
0.2692542,0.5250175,1
0.3334039,0.5119879,1
0.3847474,0.509046,0
0.30727062,0.4825673,0
0.33479047,0.50690687,0
0.32158923,0.50513077,0
0.20967564,0.50957006,1
0.2023145,0.50292295,1
0.24846031,0.4917268,1
0.3338267,0.5071464,1
0.26371413,0.5315128,1
0.21872967,0.50386995,1
0.29127252,0.4945966,0
0.28075463,0.49975428,1
0.32404548,0.50911283,1
0.3188309,0.48804888,0
0.3316376,0.5304847,1
0.17301452,0.50392336,1
0.3529523,0.47219753,0
0.25867036,0.5121785,1
0.31606808,0.4799292,0
0.24770786,0.48530045,0
0.33794934,0.49973783,1
0.24014205,0.5059358,1
