clip_sim,gate,is_fake
0.26130134,0.47982988,0
0.25416923,0.46935406,0
0.28348136,0.48689365,0
0.29816484,0.4776574,1
0.3428354,0.4804866,0
0.32509542,0.48134407,0
0.3103231,0.49338135,1
0.2644042,0.48200545,0
0.2762377,0.47303572,1
0.25208944,0.48714375,0
0.23300242,0.47328523,1
0.22659704,0.48504457,0
0.29168183,0.4922271,1
0.28166386,0.4751364,0
0.3406262,0.48545977,0
0.32971036,0.47792995,0
0.27612388,0.4936943,1
0.29419965,0.48531565,0
0.21827006,0.48141682,1
0.27609086,0.47786546,0
0.32987845,0.47878638,1
0.29641727,0.48511282,0
0.31631324,0.4743894,0
0.3008498,0.47822252,0
0.3159038,0.47697458,0
0.2803421,0.49370578,1
0.2506414,0.492973,1
0.28967583,0.48541692,1
0.3318463,0.48954678,1
0.28550655,0.48492393,0
0.40662628,0.48783454,1
0.23417568,0.47842908,1
0.23531216,0.4859623,1
0.31960785,0.4718865,0
0.2832716,0.46864572,0
0.26367038,0.4812207,0
0.26051205,0.4744102,1
0.25859225,0.47304252,1
0.24951167,0.48883513,1
0.27009034,0.48821497,1
0.27863434,0.48562697,0
0.35294038,0.48595467,1
0.36883557,0.495258,1
0.24079056,0.47812343,0
0.22813609,0.47222564,1
0.28399894,0.47505486,0
0.26876986,0.4949251,0
0.28229177,0.47136068,0
0.31040153,0.47190404,0
0.29924184,0.47367367,0
0.31554517,0.48359632,1
0.2762272,0.48123956,0
0.30622488,0.48082078,1
0.24369535,0.4824704,0
0.20772357,0.4864403,1
0.26268178,0.48677102,0
0.21093641,0.4859006,1
0.2405379,0.4891143,0
0.3442992,0.48885772,0
0.30331928,0.478197,0
0.32696277,0.48139843,0
0.3459111,0.48282006,1
0.28912318,0.46873462,1
0.2849219,0.4867001,0
0.33973467,0.4869757,0
0.26588503,0.4857446,0
0.3378391,0.48617113,0
0.3171019,0.48536506,0
0.26968834,0.47020665,0
0.38277483,0.49355662,1
0.21995252,0.48995796,1
0.24208626,0.47650847,1
0.23593095,0.47784257,1
0.30945936,0.4755459,0
0.25647783,0.47209787,0
0.30565044,0.48348197,0
0.30392128,0.49029556,1
0.2512347,0.48325798,0
0.23564872,0.48302057,1
0.2553026,0.48717022,0
0.24041685,0.4733105,0
0.2382465,0.4749608,1
0.1831956,0.48643628,0
0.2197046,0.4689612,0
0.3039962,0.4658625,0
0.30598778,0.4717013,0
0.23645645,0.489887,1
0.400494,0.49428406,1
0.3185795,0.48818263,0
0.2358223,0.48947814,1
0.3295233,0.4780204,0
0.24613968,0.48393384,0
0.3149813,0.47390738,0
0.1725753,0.48174763,0
0.30617505,0.49060276,0
0.2640118,0.47409987,0
0.3763438,0.48931253,1
0.36259764,0.4923692,0
0.21652642,0.46173772,0
0.31036854,0.49660715,1
0.31001687,0.49471,1
0.26416487,0.48102352,0
0.29123545,0.46844593,0
0.34327766,0.49533382,0
0.29461682,0.47987983,0
0.39063382,0.49290764,0
0.3622753,0.48826185,0
0.27537924,0.48385575,0
0.28367084,0.48625073,0
0.25630113,0.482718,1
0.2895983,0.4682221,1
0.3265592,0.4636992,1
0.32059735,0.47531745,0
0.31348023,0.48692694,0
0.3086417,0.47092605,0
0.38093042,0.4841251,0
0.30129173,0.47364768,0
0.2605633,0.4974343,1
0.31878364,0.48273492,0
0.24939884,0.4825724,0
0.27388185,0.47948775,0
0.2983624,0.47815228,0
0.33325493,0.48868725,1
0.18611503,0.47565243,1
0.2139996,0.4847149,1
0.37737843,0.48618186,0
0.25242954,0.48402926,1
0.33198237,0.48785877,1
0.19491416,0.48480043,1
0.3193733,0.4705402,0
0.32781976,0.48603842,0
0.30733502,0.47811368,1
0.21263385,0.47601286,0
0.30711836,0.4757264,1
0.2947974,0.4803842,0
0.34616235,0.49691725,0
0.15055293,0.47425172,0
0.24923322,0.48486987,0
0.2615322,0.4752719,0
0.25179252,0.4842608,0
0.3462694,0.46630302,0
0.32085246,0.47711658,0
0.20819631,0.4750172,0
0.2750433,0.50002867,1
0.30246764,0.48266038,0
0.25746906,0.48769698,1
0.1801215,0.46972474,0
0.33934757,0.49085128,1
0.32534087,0.47814485,1
0.27218974,0.4787418,1
0.2946115,0.48518345,0
0.32955176,0.4707732,0
0.33293185,0.48685464,0
0.32087624,0.4723666,0
0.31808388,0.4940069,0
0.26944697,0.48141667,0
0.21683338,0.48146144,1
0.20599481,0.4712164,1
0.2891779,0.47472432,1
0.3386932,0.49800324,0
0.29845247,0.47862598,0
0.30447432,0.4770118,0
0.32947585,0.47709075,0
0.2818277,0.48115715,0
0.32279637,0.4791669,0
0.27095744,0.49255478,1
0.2768259,0.48316467,0
0.26768893,0.47164404,1
0.26702097,0.48979715,1
0.28052294,0.47886893,0
0.22812101,0.47809395,1
0.24230848,0.49805006,1
0.3089454,0.4999626,1
0.27631083,0.495962,1
0.3261817,0.49082494,1
0.20708649,0.48740348,1
0.27371582,0.48296395,0
0.2982651,0.48081934,1
0.28745496,0.46660963,0
0.3087861,0.48261723,0
0.28572634,0.47855392,0
0.31357273,0.4830416,0
0.28957957,0.46887776,0
0.25903326,0.48896524,1
0.34548363,0.48168325,0
0.31043532,0.4829497,1
0.29670465,0.5022152,1
0.2979496,0.4786141,0
0.26195776,0.46925417,0
0.31703866,0.48648813,0
0.30978596,0.46924543,1
0.33340597,0.48595798,1
0.29745075,0.48811164,1
0.2754808,0.4832497,0
0.30378383,0.4898926,1
0.24477355,0.48122144,1
0.31503302,0.48535094,0
0.2968951,0.4804646,1
0.2903978,0.4634154,0
0.25596753,0.49077377,0
0.25357354,0.46851596,0
0.18397117,0.48552117,0
0.33734643,0.48269138,1
0.30144227,0.48615828,1
0.30207866,0.4819087,0
0.28850287,0.47291377,0
0.29488018,0.4738082,0
0.24842435,0.4704807,0
0.34295344,0.4880031,0
0.2849155,0.45855856,0
0.26352054,0.48974085,1
0.27565652,0.46786106,1
0.34270415,0.48624122,0
0.33462912,0.49366865,1
0.16377859,0.46239424,1
0.34651566,0.48062348,0
0.3094942,0.47878543,0
0.2725987,0.50082254,1
0.26025027,0.4705696,0
0.21397196,0.48836336,1
0.29047284,0.47501945,0
0.29441458,0.47775725,0
0.28802562,0.48450002,1
0.24158777,0.4864953,1
0.31211543,0.4779881,0
0.2321918,0.49355754,1
0.26950705,0.47767973,0
0.3190754,0.48020208,0
0.31775534,0.46515584,0
0.33530933,0.48565754,1
0.32056457,0.4880909,1
0.3078387,0.47410223,0
0.21532121,0.48196104,0
0.3053714,0.49130067,0
0.26732484,0.4608499,0
0.27095658,0.46933874,0
0.24953744,0.47573414,0
0.30971685,0.48776665,1
0.3498742,0.48460278,0
0.24168159,0.46794114,1
0.25601947,0.48811725,0
0.24579294,0.47045878,1
0.3045424,0.459671,0
0.3326273,0.47957727,0
0.29357708,0.47897983,0
0.2595571,0.49317205,0
0.25575143,0.48771393,1
0.2657179,0.48345208,0
0.33477908,0.48883316,0
0.27894148,0.48250064,0
0.32298633,0.4844408,0
0.25990713,0.4743844,0
0.30131042,0.48724437,0
0.32168338,0.4829987,1
0.26798066,0.48670283,0
0.24273603,0.4661028,1
0.2581367,0.48651195,1
0.31649053,0.47885928,1
0.34242496,0.47941723,0
0.2600934,0.48582116,1
0.31409025,0.4724358,0
0.3382249,0.4699885,0
0.26386917,0.4792014,0
0.28398174,0.48729256,0
0.2962521,0.48525715,0
0.22932738,0.49736857,1
0.22030957,0.48538455,1
0.2285582,0.47477457,0
0.21830444,0.4629941,1
0.1961479,0.4838171,1
0.3183331,0.4816033,1
0.28704587,0.4811151,0
0.30374324,0.49072886,0
0.32475013,0.4717425,0
0.3086927,0.4785795,0
0.25380617,0.49404606,1
0.241506,0.47656226,1
0.34181023,0.48322046,0
0.2748733,0.48988247,0
0.29998213,0.49612293,1
0.29088742,0.47031677,0
0.30767918,0.4821774,0
0.17305204,0.47733948,0
0.27472264,0.48431465,1
0.29734653,0.48925754,0
0.26359814,0.47345507,0
0.28056443,0.48254052,0
0.29579082,0.4823372,0
0.27611214,0.48019147,0
0.22158998,0.4918549,1
0.33131295,0.46071246,0
0.27082372,0.493611,1
0.30693483,0.47809896,0
0.26654187,0.4876666,1
0.23344648,0.4787635,0
0.20771846,0.4864118,0
0.26640657,0.48427248,0
0.16900298,0.47788623,0
0.26802644,0.4748946,1
0.24502629,0.47539273,0
0.27919337,0.49430332,0
0.28233021,0.47259295,0
0.2550861,0.47719014,0
0.29960614,0.4717456,0
0.2971465,0.4809202,0
0.29245678,0.47211894,0
0.26890516,0.47739077,0
0.29891905,0.48304877,0
0.30319163,0.48386216,0
0.27016288,0.4814926,0
0.2643313,0.47812352,0
0.3193757,0.48342606,0
0.29364663,0.47649416,1
0.31869945,0.48152044,0
0.28267166,0.46908644,0
0.33530405,0.49503288,1
0.25602007,0.4856825,1
0.3440528,0.48247537,0
0.29129252,0.47636506,1
0.25557318,0.49143362,1
0.26752096,0.49241987,1
0.34532842,0.49399588,1
0.3068148,0.47532558,0
0.3612559,0.49423027,1
0.35782328,0.47284293,0
0.2958492,0.4757671,1
0.3128518,0.47532025,0
0.30208173,0.49176383,1
0.29324213,0.48904338,0
0.291795,0.49025056,0
0.28409612,0.48930362,0
0.2891425,0.4814427,1
0.3454932,0.47871947,0
0.29373544,0.4639578,1
0.1832015,0.47169635,0
0.3133927,0.47185,0
0.3232969,0.49064764,1
0.28349435,0.4755312,0
0.25080502,0.47785807,0
0.20432928,0.47811505,1
0.32589918,0.4791454,0
0.30765373,0.47210047,0
0.2858412,0.47517666,0
0.35587448,0.47783017,0
0.2036579,0.47874358,1
0.267177,0.4785529,1
0.25133193,0.49059907,1
0.3352135,0.47365126,0
0.2611716,0.47709274,0
0.30705485,0.47834358,0
0.28043187,0.49068823,0
0.24998444,0.48874605,0
0.25611904,0.48734376,0
0.27384704,0.4803141,1
0.29954374,0.47675028,1
0.33142653,0.4980793,1
0.32465386,0.47607955,0
0.2910661,0.46441922,0
0.32095534,0.48556963,0
0.33953476,0.4862357,0
0.31535667,0.4872737,0
0.17118037,0.4685192,0
0.33223242,0.48980752,1
0.22368112,0.4700782,1
0.24569401,0.46897808,0
0.1830473,0.48105887,1
0.31686813,0.46855602,1
0.24125522,0.47177243,0
0.31638497,0.48482272,1
0.33014122,0.487095,0
0.3115546,0.47245553,0
0.2512967,0.48284706,0
0.32472628,0.48763916,0
0.2745813,0.4782169,0
0.15642375,0.4673287,1
0.29306805,0.49571916,0
0.21982856,0.47240248,1
0.33656043,0.48167706,1
0.23230062,0.4870338,1
0.2976706,0.48469865,1
0.20122139,0.49058565,1
0.31773892,0.48439956,0
0.26160836,0.48776662,1
0.31084546,0.47171435,0
0.24434058,0.48618034,1
0.24133404,0.4738749,0
0.32873487,0.47411767,0
0.34686556,0.48668054,0
0.30731672,0.4787636,0
0.28992122,0.4849814,0
0.2479674,0.4765136,1
0.28112984,0.49725077,1
0.27439094,0.48585916,0
0.3122998,0.47205904,0
0.28060412,0.48278224,1
0.27959365,0.48249426,0
0.22439805,0.47651687,1
0.30587322,0.494783,1
0.17450956,0.4750774,0
0.20214462,0.4785968,0
0.2824431,0.47653928,0
0.28000665,0.48342046,1
0.28128216,0.48319623,1
0.21951377,0.48286164,1
0.2985477,0.4885892,1
0.37206006,0.48664716,1
0.26035523,0.47468534,1
0.26189494,0.4799371,0
0.25244683,0.49526712,1
0.31912363,0.4796523,0
0.32127357,0.48211658,0
0.31702894,0.49274585,1
0.24795306,0.48698434,0
0.29410142,0.4787183,1
0.30706546,0.4985275,1
0.23164442,0.4851221,1
0.29922608,0.48580205,0
0.24541827,0.47430837,0
0.2649628,0.4857006,0
0.33592296,0.48022494,0
0.27924895,0.48900756,1
0.29504654,0.49048993,1
0.18645874,0.4798001,1
0.31495517,0.4792963,1
0.22497126,0.47972202,0
0.29011965,0.47865677,0
0.25768977,0.48904428,1
0.26284558,0.47120586,0
0.28381073,0.48302755,1
0.25661486,0.47969994,0
0.31802505,0.48562956,0
0.28269917,0.47038174,0
0.2565453,0.4919381,0
0.29674095,0.47772136,0
0.2861646,0.4735571,1
0.3165679,0.49804476,0
0.33025706,0.48610792,0
0.35396218,0.48024964,0
0.28807607,0.4902688,0
0.18675587,0.48009065,1
0.20224622,0.4837767,1
0.33734864,0.48575476,0
0.24643561,0.49782822,1
0.28531933,0.47623873,1
0.32593098,0.4955887,1
0.2735504,0.4877641,0
0.29739463,0.48206997,0
0.27148497,0.47958025,0
0.33081016,0.48144993,0
0.30319342,0.47857937,0
0.3133909,0.47906014,0
0.27266887,0.47471654,1
0.3094999,0.49105462,1
0.22467694,0.47796884,0
0.31276637,0.48325977,0
0.2191017,0.47321853,1
0.3029097,0.49198067,1
0.3091005,0.48155522,0
0.23916987,0.47924685,1
0.24674696,0.47772208,0
0.3284081,0.47508606,0
0.32257748,0.47364664,1
0.33589402,0.4968873,0
0.26981437,0.48506364,0
0.3541738,0.47088742,0
0.29710647,0.4760355,0
0.2848305,0.48089078,1
0.27346334,0.48572516,1
0.3096708,0.48428854,0
0.2785809,0.47962236,0
0.33024296,0.48944888,1
0.35121506,0.48437187,0
0.27163535,0.48740068,0
0.25387228,0.4800386,1
0.28741616,0.48899665,0
0.28146422,0.49365482,1
0.2470296,0.47617102,0
0.3121382,0.49453616,0
0.32993743,0.48684987,0
0.24517483,0.47741237,1
0.24979115,0.47478342,1
0.2120867,0.49253187,1
0.28347448,0.49385405,1
0.28724766,0.48355213,0
0.30282244,0.46747398,0
0.25040108,0.478848,0
0.29309028,0.47706875,0
0.20971738,0.4713359,0
0.26338428,0.48994958,0
0.22088815,0.48369944,0
0.28076914,0.4850212,0
0.29086325,0.47957876,0
0.2678975,0.4714353,0
0.33270878,0.48212853,1
0.3294686,0.48515046,1
0.26081273,0.4728774,0
0.21788923,0.4883678,1
0.28181803,0.49215874,1
0.22624826,0.48874673,1
0.2780175,0.48373303,0
0.37994486,0.47493076,0
0.23494676,0.4886318,0
0.24442348,0.48660374,1
0.32415202,0.48845562,0
0.30559516,0.4931253,1
0.306253,0.4834969,0
0.32802102,0.49704027,0
0.28450626,0.47918376,1
0.3166573,0.49564555,0
0.28635553,0.46967638,0
0.23931733,0.48593554,1
0.29379547,0.46786514,0
0.2367906,0.49095917,0
0.28845173,0.47640142,0
0.22652963,0.48850906,0
0.21588877,0.47734675,1
0.307266,0.489736,0
0.2703274,0.46371296,0
0.3790658,0.49716422,0
0.24235377,0.48773965,1
0.2672509,0.48774025,0
0.24892265,0.48583543,1
0.342566,0.47654068,0
0.28842962,0.48517206,1
0.2865123,0.47901574,1
0.33553663,0.4740192,0
0.35565782,0.49109182,1
0.39326566,0.4879168,1
0.27034825,0.47297633,0
0.27665824,0.4853511,1
0.2733623,0.4931577,0
0.25673917,0.4780614,1
0.3507333,0.49215782,0
0.24911313,0.4761397,0
0.3485601,0.48565838,1
0.26927778,0.4619492,0
0.25639156,0.4918506,1
0.32715607,0.48356485,0
0.17385823,0.49357924,0
0.3765372,0.50476724,1
0.24834403,0.48059842,1
0.28591385,0.4843657,1
0.22654818,0.46121863,0
0.3193463,0.4812088,0
0.3496022,0.4794831,0
0.29525632,0.49157393,0
0.28279293,0.48700225,0
0.282511,0.48399985,0
0.37740153,0.47679082,0
0.30970657,0.47242498,0
0.19885913,0.4724309,1
0.3208295,0.49082398,1
0.33714765,0.4671106,0
0.20302394,0.4811289,1
0.2798115,0.47814187,0
0.36330718,0.47569096,0
0.21350801,0.48317286,0
0.307026,0.49243546,1
0.35630065,0.49580815,0
0.20793903,0.48687682,1
0.24743824,0.4717412,0
0.30244136,0.4814402,1
0.26921624,0.4847828,0
0.25294402,0.4762353,1
0.18238801,0.47575426,1
0.4178508,0.4989172,1
0.25227198,0.4700756,0
0.32120174,0.4863288,0
0.22831029,0.49488044,1
0.32686564,0.4797454,0
0.2981354,0.48794115,1
0.26797426,0.4921031,1
0.24931955,0.4875013,1
0.21914724,0.47875127,1
0.30570498,0.4900578,1
0.24769288,0.4915053,1
0.32889068,0.47861087,0
0.290228,0.4782753,0
0.2682283,0.46882406,1
0.26585233,0.4833413,1
0.36371002,0.47785172,1
0.30604753,0.47808337,0
0.2950133,0.48633695,0
0.27555567,0.4864663,1
0.2740888,0.48588863,0
0.2384506,0.47466657,0
0.26923373,0.48097536,1
0.35906073,0.4827756,0
0.27417934,0.47952747,0
0.30152497,0.4659789,0
0.3037545,0.47981548,1
0.38190618,0.4908853,0
0.28910756,0.48966238,1
0.22680587,0.49381956,1
0.26363462,0.4830068,1
0.37342018,0.49640512,1
0.22711802,0.47961247,0
0.31710136,0.48839,0
0.27198824,0.48662224,0
0.27982527,0.46453908,1
0.31229055,0.4919777,1
0.24664678,0.4932828,0
0.35697454,0.48314548,0
0.2793851,0.49313965,1
0.24073714,0.4843452,1
0.24715811,0.48407826,0
0.27678338,0.48536745,1
0.28035092,0.48108694,0
0.24381045,0.48344484,0
0.30213574,0.47991395,0
0.35533977,0.4887465,1
0.28045207,0.48906812,0
0.23070951,0.5045476,1
0.28036118,0.48339733,0
0.31175655,0.47502038,0
0.30429453,0.48045936,0
0.2516275,0.49023065,1
0.26812243,0.48637763,0
0.28294757,0.49034604,0
0.24076171,0.49447778,1
0.33366376,0.47392145,1
0.3105412,0.4799979,0
0.26919922,0.47967914,0
0.27543765,0.47095513,1
0.3349518,0.48873147,1
0.2725963,0.4907905,1
0.28388032,0.48900676,0
0.28661036,0.4870727,1
0.33076036,0.48723897,0
0.25929642,0.49272415,1
0.22307608,0.459035,0
0.31368396,0.45941317,0
0.29268584,0.4904144,1
0.28376576,0.471902,1
0.2850942,0.47710085,0
0.30860633,0.485739,0
0.2999642,0.48398837,0
0.30875352,0.48642674,1
0.21751095,0.4841101,0
0.32665676,0.4886597,0
0.26024783,0.48094365,0
0.24752721,0.5008325,1
0.23512474,0.48237768,0
0.23644377,0.47718653,0
0.29980534,0.48241293,1
0.19994019,0.47829846,1
0.23407619,0.46523035,0
0.27514857,0.47392735,0
0.25613424,0.49177113,1
0.29769933,0.4711654,1
0.20902567,0.48466346,1
0.27647206,0.48826405,0
0.3536595,0.48917595,1
0.29341784,0.4814756,0
0.30140293,0.49870953,1
0.34256348,0.49248984,1
0.29523998,0.48842597,0
0.270446,0.47937015,0
0.33182335,0.5029902,0
0.34858298,0.49534717,1
0.25080028,0.4950529,1
0.23314999,0.49598733,0
0.28451887,0.47476175,1
0.30203938,0.47781977,0
0.27599517,0.47853157,0
0.24954195,0.4769423,0
0.29234713,0.47059628,1
0.21339887,0.48538694,0
0.28404325,0.47749755,0
0.28713983,0.49095654,1
0.2797807,0.4861102,0
0.19915757,0.48900068,1
0.27853572,0.47864822,0
0.21964946,0.48864114,0
0.25400043,0.50153565,1
0.14786649,0.4690372,1
0.30228168,0.480347,1
0.33139965,0.4836252,0
0.26932463,0.4737382,0
0.34113002,0.489738,0
0.23513699,0.47425744,0
0.34861302,0.48801795,1
0.1683253,0.48304662,0
0.29845607,0.49055675,1
0.3004586,0.4854313,0
0.32695627,0.48411953,0
0.2205592,0.4937475,1
0.31472716,0.49839267,1
0.20386933,0.47840557,0
0.19056572,0.46944487,0
0.2819006,0.47762084,0
0.23976764,0.4878889,0
0.3148293,0.47772455,0
0.2979785,0.4769411,0
0.30236644,0.47394767,0
0.30952153,0.4943947,0
0.222086,0.46657935,1
0.29116383,0.47786415,0
0.31206205,0.479835,0
0.23686782,0.46515092,1
0.22174895,0.4850184,0
0.2483359,0.47561407,0
0.3106399,0.49554768,0
0.2753268,0.48763898,1
0.27884242,0.48324046,1
0.3197625,0.48084417,0
0.29520476,0.48051557,0
0.25754657,0.4843594,1
0.3453706,0.48604026,1
0.3363526,0.49124154,1
0.24699284,0.49058318,1
0.35485488,0.47649443,0
0.33870035,0.47394213,0
0.19008456,0.49187317,0
0.25496092,0.48479584,1
0.24610645,0.48280677,1
0.30918828,0.49653658,0
0.26790845,0.47674015,0
0.27737105,0.48135102,1
0.21901283,0.47666764,0
0.2258359,0.47997448,1
0.29766265,0.48517212,0
0.2543794,0.46868387,1
0.30312967,0.46475664,0
0.2697083,0.4840267,0
0.21754736,0.4707326,0
0.33886707,0.4868364,0
0.27408606,0.47485313,0
0.26437885,0.48497668,0
0.3132897,0.4809817,0
0.30302742,0.48222438,0
0.2692985,0.4702828,0
0.25323695,0.4664788,0
0.30874145,0.49174726,1
0.28685212,0.48329806,1
0.115931995,0.48002872,1
0.31839514,0.49150738,0
0.32024804,0.4883964,0
0.35401595,0.489136,1
0.26716462,0.46578547,0
0.25095242,0.49211514,0
0.2944293,0.48293924,0
0.32492584,0.48828268,1
0.29438582,0.49114272,1
0.2957213,0.47872353,0
0.3069023,0.4806278,1
0.3270713,0.48659876,0
0.32722375,0.49355936,1
0.3012029,0.4839058,0
0.23110995,0.48523355,1
0.2244784,0.4707818,0
0.28749,0.4790829,0
0.23230737,0.49020955,0
0.33380362,0.47839546,0
0.27087158,0.4782144,0
0.25178584,0.46818626,0
0.28732157,0.46458638,0
0.3354271,0.48892736,0
0.2659149,0.47028533,0
0.2900003,0.47487307,1
0.30848354,0.49813256,1
0.29219973,0.48191276,0
0.19101529,0.48173952,1
0.22354735,0.4878584,1
0.25149593,0.49396706,1
0.21289489,0.49126157,1
0.30851072,0.47341213,0
0.2909384,0.48344526,0
0.32015976,0.4745998,0
0.4149299,0.5064179,0
0.2826823,0.48930493,0
0.22901255,0.49226955,1
0.2397401,0.472447,1
0.21749225,0.468223,1
0.27873427,0.4785279,1
0.3071078,0.47673345,1
0.22734278,0.4740089,0
0.21980925,0.48668432,1
0.3248011,0.4802206,1
0.23711169,0.4764792,0
0.28273624,0.47468075,0
0.30505955,0.48345053,0
0.27524328,0.4913957,1
0.29337892,0.49285665,1
0.2435382,0.48292062,1
0.2801715,0.48594722,1
0.29004505,0.484691,0
0.2615976,0.48730478,1
0.33409685,0.48487654,0
0.32199368,0.48543587,0
0.2291235,0.47580972,1
0.27143753,0.4826409,0
0.30945382,0.48240674,0
0.29064894,0.47029552,0
0.22468667,0.47841,0
0.29376048,0.47671434,0
0.28854185,0.46874154,0
0.3484946,0.47849414,0
0.35947096,0.48031822,0
0.3453204,0.48828697,1
0.31149328,0.47841227,0
0.21562862,0.4829719,0
0.30756035,0.4801042,0
0.23950997,0.47761643,0
0.16936444,0.48261,1
0.2719444,0.47578463,0
0.30447772,0.4858884,1
0.3300698,0.4781811,0
0.2342785,0.49036953,0
0.27428767,0.47827625,1
0.2727159,0.48259914,1
0.1906003,0.47613886,0
0.23216149,0.4811149,0
0.3060149,0.47910142,0
0.30365804,0.4915618,0
0.29274672,0.47884235,0
0.22352865,0.47356614,1
0.3229158,0.4916359,1
0.2861624,0.47042677,1
0.2676189,0.4919968,1
0.3280173,0.4795884,0
0.19632208,0.48874724,0
0.30624482,0.5000565,1
0.27642187,0.491501,1
0.26765013,0.45806572,0
0.2855385,0.47999647,0
0.3506425,0.4762716,0
0.29019243,0.4782243,0
0.3147393,0.47401643,0
0.17829949,0.4902189,0
0.30086976,0.47419786,0
0.31424704,0.4752237,0
0.28047657,0.48540398,0
0.2360299,0.45684645,0
0.34664556,0.49241057,0
0.3274966,0.49343887,1
0.2069679,0.47486696,1
0.28414336,0.48183563,1
0.29512456,0.49031344,1
0.33293343,0.47702932,0
0.28197524,0.47931442,1
0.22521845,0.48216048,0
0.18916205,0.47904262,0
0.35169834,0.4888834,0
0.32954708,0.47978392,1
0.28271538,0.47637174,0
0.24858809,0.4893216,0
0.24906555,0.4664531,0
0.31140625,0.4925734,1
0.33296353,0.48534524,0
0.3340167,0.48241648,0
0.20717102,0.48834595,1
0.26928985,0.47597352,0
0.291738,0.47742882,0
0.2188681,0.47625113,0
0.3592381,0.4795145,1
0.2897898,0.47582996,0
0.25886568,0.49324736,1
0.21172297,0.4833816,0
0.19653809,0.46944514,1
0.31243232,0.47578427,0
0.27041137,0.47911584,0
0.29767406,0.48052987,0
0.25857782,0.48784697,0
0.34011653,0.48670712,1
0.25576663,0.48121527,1
0.27951014,0.47425494,0
0.31954592,0.47521988,0
0.32560682,0.4921476,1
0.32642826,0.4825666,1
0.2849919,0.49051532,0
0.32488596,0.47037086,0
0.31505585,0.48171818,0
0.2744363,0.48503986,0
0.24742639,0.48455477,0
0.31629738,0.48693827,1
0.26192582,0.4895467,0
0.3079108,0.4761138,1
0.3245514,0.47724363,0
0.245145,0.48661247,1
0.30392098,0.48367834,0
0.2499085,0.4728837,1
0.30839416,0.4794736,0
0.24035233,0.48915806,1
0.24608043,0.47989416,0
0.25831398,0.49266854,0
0.3386484,0.48542908,1
0.22670403,0.47523412,0
0.2595983,0.48002574,1
0.27308795,0.48330173,0
0.36089808,0.49249426,0
0.28848615,0.48806337,1
0.33162707,0.47571322,0
0.3180303,0.48113897,0
0.30850977,0.47387353,0
0.3047188,0.47692356,0
0.3576646,0.49256143,0
0.33060944,0.47039554,0
0.33161432,0.4792601,0
0.21738824,0.48732916,1
0.28178674,0.48652992,0
0.30279624,0.48357627,0
0.2522251,0.48569962,0
0.23355617,0.47802225,0
0.33242235,0.49452734,1
0.22274688,0.5029829,0
0.29241946,0.47187248,1
0.2821099,0.47807312,1
0.28279367,0.48531517,0
0.34311557,0.49373046,0
0.20596012,0.47384146,1
0.28636348,0.47072852,0
0.3108005,0.49310327,1
0.38493297,0.47962138,1
0.2547011,0.48692787,1
0.23146488,0.48754883,1
0.19611883,0.48903275,1
0.26586586,0.48185554,1
0.2563582,0.4795212,1
0.28915632,0.49481145,0
0.34748,0.47688937,0
0.24309994,0.4806298,1
0.3266594,0.48654857,0
0.33361268,0.488783,0
0.3464713,0.4902749,1
0.24267086,0.48325095,0
0.22038989,0.48421502,0
0.23800465,0.4737874,0
0.26186353,0.4794791,0
0.28117722,0.47582266,0
0.269834,0.48720038,0
0.24532655,0.4783282,0
0.26821002,0.47558784,1
0.4012779,0.49454388,0
0.29711375,0.47700867,0
0.29266682,0.4755853,0
0.23853993,0.46698293,0
0.2063405,0.48011652,1
0.22932948,0.4839882,1
0.24992923,0.4912839,1
0.3042273,0.48672125,0
0.24658252,0.4879901,1
0.32785672,0.486055,0
0.24219081,0.48569226,0
0.30266124,0.47048628,1
0.2671103,0.48130298,0
0.30491254,0.48824802,1
0.2725053,0.4774731,0
0.29638296,0.4839784,0
0.28953555,0.48491943,0
0.24727023,0.47528958,1
0.23094776,0.48680258,1
0.30750346,0.4908532,1
0.28413782,0.47276303,0
0.31859267,0.48432744,0
0.28165442,0.47410604,0
0.39310095,0.48678994,1
0.284487,0.4948614,1
0.26839522,0.49719122,1
0.2917226,0.48378947,0
0.33478606,0.486367,0
0.23983654,0.47527984,1
0.35522762,0.48365974,0
0.3074128,0.47666144,0
0.2849734,0.4810678,0
0.3346734,0.47184896,0
0.2820049,0.48227468,0
0.19041497,0.47440755,1
0.30674902,0.47821942,0
0.33935738,0.4816179,0
0.34411278,0.49250445,0
0.30962735,0.48502764,0
0.29560575,0.49702653,1
0.3156255,0.475798,0
0.27991983,0.47994784,0
0.25314623,0.49124613,0
0.34775728,0.48474458,1
0.33874795,0.49290642,0
0.35714793,0.49020672,0
0.2855988,0.48858073,1
0.22470088,0.4858122,1
0.30309385,0.48067045,0
0.23991767,0.47421476,0
0.34417126,0.49296132,1
0.27250686,0.47819367,0
0.25073072,0.4658538,0
0.3371991,0.4896717,1
0.3104604,0.47968826,0
0.25632036,0.47117516,1
0.2260821,0.49248388,0
0.29826355,0.48629355,1
0.32199523,0.47240123,0
0.29603603,0.47835445,1
0.27350384,0.48903522,1
0.29032558,0.4940597,1
0.32890192,0.48474228,1
0.2514275,0.4760274,1
0.22524516,0.4913856,1
0.2916299,0.48379278,1
0.18799424,0.4790752,1
0.22791573,0.49489728,1
0.28784317,0.48732498,1
0.2541638,0.48290768,0
0.3519663,0.47067538,0
0.26879406,0.47765347,0
0.15417898,0.46143138,0
0.35107866,0.4737239,0
0.27095938,0.4824754,1
0.26795304,0.476722,1
0.29004827,0.49350405,1
0.30472183,0.47932878,0
0.23900595,0.48006153,1
0.2678693,0.47277665,0
0.30268556,0.46318325,0
0.3448836,0.47415492,0
0.24712054,0.48100355,1
0.3200443,0.4837062,0
0.23931761,0.48834658,1
0.3248524,0.4803315,0
0.28620917,0.48055038,0
0.26060727,0.4726349,0
0.291306,0.48178315,0
0.34618944,0.48785758,1
0.28453672,0.47837985,0
0.2832951,0.482886,0
0.34313104,0.49199912,1
0.2981039,0.49406818,0
0.31240097,0.4669994,0
0.2789349,0.47393975,1
0.24840316,0.4789563,1
0.27506804,0.4759448,0
0.2980452,0.4840494,1
0.28344825,0.4867235,1
0.21443999,0.48941842,1
0.3097719,0.4901046,0
0.3146119,0.4830183,0
0.2809297,0.48993468,0
0.29377452,0.48034808,0
0.35440323,0.48920223,0
0.20840698,0.4841751,1
0.28257868,0.48208845,0
0.35485178,0.49142313,1
0.34596956,0.48256436,0
0.2880314,0.47827283,1
0.26225755,0.4783502,0
0.26347008,0.4797521,0
0.30825838,0.48110786,0
0.26479325,0.48948553,1
0.3158971,0.48700592,1
0.2422536,0.48152366,0
0.37134126,0.48012975,1
0.3481044,0.48958826,1
0.22824505,0.49754754,1
0.31581485,0.48719466,1
0.22448273,0.465484,1
0.2632007,0.4776497,0
0.27553195,0.4772601,0
0.3507574,0.48123875,0
0.32512957,0.48558497,0
0.33091813,0.5032863,1
0.2655226,0.4784194,1
0.29701507,0.4896716,0
0.33221465,0.4722928,0
0.28167784,0.46962705,0
0.19015276,0.48033595,1
0.2727697,0.48547205,1
0.20182213,0.49077168,1
0.2546498,0.48224774,1
0.31240737,0.48709592,0
0.3523971,0.49392137,1
0.3240958,0.46533155,1
0.27886432,0.47159255,0
0.3192635,0.4700702,1
0.21943533,0.47618303,1
0.30425626,0.47753593,0
0.2697516,0.48353705,0
0.3025146,0.48840657,0
0.31185105,0.492409,0
0.35113353,0.4779717,1
0.3048576,0.474406,0
0.30536562,0.48639175,1
0.27480748,0.47986636,0
0.30993754,0.49361047,0
0.26618615,0.48519036,1
0.22811164,0.48639622,0
0.34012625,0.48475385,1
0.2918424,0.48374006,0
0.23437133,0.47600082,1
0.2042779,0.47031522,1
0.30667153,0.47044685,0
0.27149135,0.48523033,1
0.19693813,0.45424053,1
0.30070788,0.47279885,0
0.32593817,0.47638002,0
0.30759713,0.49499473,1
0.2936002,0.48047194,0
0.28926593,0.47892213,0
0.32374144,0.4802604,0
0.2806681,0.47040257,0
0.31320998,0.49275267,1
0.33166307,0.47475305,0
0.24964634,0.46179757,0
0.24244204,0.46986866,1
0.27173,0.48838544,1
0.27059793,0.47577414,1
0.2768185,0.4909229,1
0.33038032,0.4925423,0
0.2825916,0.48835823,1
0.2453213,0.48557904,1
0.22787404,0.47414014,0
0.32571238,0.4866301,0
0.28331262,0.4800459,1
0.26145205,0.4752407,1
0.3096775,0.46381333,0
0.3442854,0.4945757,1
0.29140395,0.47272435,0
0.353851,0.4683096,1
0.29471064,0.49912712,1
0.3118833,0.4884583,1
0.28648022,0.47568288,1
0.24269748,0.4754964,0
0.2798579,0.47453365,1
0.26875478,0.48308203,0
0.3161298,0.47151804,0
0.3247085,0.4865586,0
0.20690188,0.4831226,1
0.33555716,0.48641455,0
0.27242282,0.48491386,0
0.32009482,0.48145553,0
0.31972152,0.4924272,1
0.2664652,0.48489293,1
0.28274554,0.49906468,1
0.2508153,0.48803374,0
0.30749378,0.47770414,0
0.25032902,0.47637042,0
0.27184796,0.464604,0
0.28832528,0.49058032,1
0.33762735,0.4845828,0
0.268775,0.4779532,0
0.28814888,0.4726398,0
0.2283433,0.48348203,1
0.32668823,0.4962605,1
0.32426584,0.48714265,0
0.31215212,0.4771122,0
0.26116896,0.48881555,0
0.338847,0.48075786,0
0.20197052,0.48711106,1
0.27287328,0.48254457,1
0.23654336,0.48258114,1
0.24424681,0.46356484,1
0.2477016,0.4859357,1
0.22464396,0.48712984,1
0.25363576,0.48907128,1
0.19808395,0.4787016,0
0.23587999,0.48626176,0
0.30635747,0.46642694,0
0.2654268,0.4756445,1
0.2920763,0.49416962,1
0.31709653,0.47711006,0
0.26145476,0.47477102,0
0.3317889,0.48044053,0
0.29855415,0.48602033,0
0.2789466,0.4824578,0
0.26945537,0.4711447,0
0.29624236,0.48349312,0
0.29737538,0.4819617,0
0.2812339,0.47360852,1
0.3120123,0.495823,1
0.33615777,0.49202618,0
0.1666514,0.48066023,1
0.27277827,0.47045898,1
0.23301971,0.48978162,1
0.3189556,0.4930686,0
0.25427666,0.47750208,1
0.32622123,0.48153567,0
0.29800338,0.4886342,1
0.25951013,0.49234858,0
0.24946854,0.49330688,1
0.26132032,0.4714501,1
0.30145022,0.48396578,1
0.31717104,0.48555115,0
0.2332976,0.4874313,0
0.27371517,0.4884145,1
0.2618797,0.4935927,1
0.3363832,0.4917431,0
0.31776828,0.48422238,0
0.30497774,0.48015368,1
0.31223857,0.4752337,0
0.30046788,0.48766732,0
0.29992592,0.48072433,0
0.23025058,0.49476054,1
0.24971832,0.47964355,0
0.23061784,0.47117582,1
0.23286887,0.48019934,1
0.3036536,0.4859151,0
0.32940158,0.48332015,0
0.32249787,0.48438334,0
0.28271836,0.4783922,1
0.37591866,0.48941836,0
0.31019616,0.48842916,0
0.2732572,0.48831305,0
0.31546667,0.48055866,0
0.32351464,0.4822199,1
0.3414649,0.4785215,0
0.28482768,0.48418012,0
0.2800096,0.47340858,1
0.27442962,0.47813812,0
0.2789357,0.47793448,0
0.343215,0.46640047,0
0.22904214,0.4722725,0
0.32324958,0.48809698,0
0.15500188,0.47366548,1
0.20098571,0.47202316,1
0.33629036,0.47639087,0
0.30150825,0.47651303,1
0.2001335,0.47637463,1
0.21050534,0.49126446,1
0.2977564,0.48545614,1
0.22133279,0.48467872,1
0.2070706,0.47140193,1
0.32759535,0.4764737,1
0.2524576,0.48358497,1
0.2821499,0.469939,1
0.2359213,0.47740045,1
0.21934605,0.48183736,1
0.25237143,0.4852371,1
0.268811,0.49272928,0
0.28772485,0.4719489,0
0.22948983,0.47888848,0
0.35044348,0.4915283,1
0.3027178,0.48934618,0
0.21337056,0.4747112,0
0.23997593,0.48896042,1
0.27695352,0.48240498,0
0.35280955,0.4937496,1
0.29036826,0.4797771,0
0.25504425,0.48437628,1
0.31855655,0.4890604,1
0.3559636,0.48723128,0
0.282853,0.47336328,0
0.2559585,0.48475313,0
0.3177455,0.48479572,0
0.31743187,0.4889951,1
0.2134055,0.49163726,1
0.36605203,0.4864069,1
0.22410443,0.48913062,1
0.32280147,0.48625135,1
0.29860097,0.48540223,0
0.32278723,0.4787856,0
0.12957408,0.4817585,1
0.2723531,0.47718146,0
0.2733356,0.4863511,1
0.32977438,0.4908242,0
0.31894606,0.47355363,0
0.29589108,0.47925922,0
0.3312567,0.4879123,1
0.30412713,0.4804453,0
0.3003506,0.49147642,0
0.19091603,0.48554316,1
0.3085408,0.47253808,1
0.30762446,0.49060392,0
0.32113484,0.4792715,0
0.2744423,0.48624822,0
0.28148174,0.48384318,0
0.26595876,0.48941112,1
0.28553796,0.49205288,1
0.24347557,0.48493886,0
0.29306316,0.4792893,0
0.26341027,0.4869313,0
0.30782482,0.47675338,0
0.1980485,0.4664184,0
0.23388906,0.49328485,1
0.39397094,0.48357108,0
0.26864213,0.49023113,1
0.31792653,0.48302045,0
0.34657297,0.4894669,1
0.34011137,0.49558738,1
0.2978307,0.48492134,0
0.18526746,0.48787448,0
0.3586986,0.4905132,0
0.33262,0.48460898,0
0.33153936,0.47797903,0
0.31144676,0.47793543,0
0.31004512,0.4845281,0
0.3143624,0.493093,1
0.2652686,0.476427,0
0.23987299,0.46583351,1
0.31758562,0.48645315,1
0.3082023,0.48582074,1
0.15271398,0.47446012,0
0.30441022,0.48946452,1
0.33617705,0.5002034,1
0.26989812,0.46541563,0
0.36063546,0.5012803,1
0.26980388,0.48705462,0
0.28876647,0.48000732,0
0.2327951,0.49390897,1
0.28626564,0.46966887,1
0.30171645,0.46789315,0
0.24910726,0.49379954,1
0.100105435,0.48753658,0
0.29557705,0.48190185,0
0.24143288,0.47920024,1
0.2688424,0.48845914,0
0.35227486,0.49117026,1
0.2955944,0.50543517,1
0.2714883,0.4856321,0
0.26325423,0.48528996,1
0.34731773,0.4781811,1
0.30301252,0.48037574,0
0.2921623,0.49034455,0
0.27286515,0.48332477,1
0.355425,0.49100384,1
0.2740224,0.48337528,0
0.26460087,0.4740729,0
0.22025314,0.4623948,0
0.3378263,0.48465273,0
0.34828758,0.47345933,0
0.20973179,0.48297825,0
0.3245489,0.49638197,1
0.31114978,0.47255793,0
0.32360047,0.4860103,0
0.24076214,0.4875286,1
0.2901441,0.4796028,1
0.3331766,0.4703903,0
0.28642008,0.48452696,1
0.28051952,0.48001763,0
0.287782,0.47976372,0
0.25384545,0.4845256,0
0.26517385,0.4671606,0
0.24193355,0.47958577,0
0.3195016,0.49015427,0
0.2017084,0.48389086,1
0.30553055,0.4788461,0
0.27289534,0.47989616,0
0.31002718,0.47948107,0
0.2223741,0.4733912,0
0.19100712,0.48376143,1
0.25676835,0.4776976,1
0.26544052,0.4755819,1
0.28532052,0.47069892,1
0.17755333,0.48845387,1
0.20132035,0.4940339,0
0.28646296,0.46834472,0
0.29172707,0.47650638,0
0.28722242,0.49483442,0
0.2503634,0.4837996,0
0.2834096,0.48421565,0
0.2715726,0.47942564,0
0.32824373,0.47767976,0
0.3116625,0.48297083,0
0.18585443,0.48962104,0
0.36622906,0.49681476,1
0.2135045,0.48037043,1
0.22901449,0.4745214,1
0.29068127,0.47354183,1
0.26053518,0.48895907,1
0.13253672,0.48165047,0
0.360489,0.4912211,1
0.2639283,0.47335863,0
0.29455,0.48057353,0
0.35953432,0.49170434,1
0.29105118,0.48349085,1
0.3640688,0.45586762,0
0.21324916,0.47549105,0
0.28649136,0.47019628,0
0.26382783,0.48038426,1
0.29499802,0.4771174,0
0.19551317,0.4704567,1
0.29451597,0.47842506,0
0.29433703,0.4980866,1
0.20575395,0.47449088,0
0.34533107,0.47015586,1
0.2839051,0.48778644,0
0.24111156,0.4724815,0
0.36607736,0.49105883,0
0.23882687,0.48844245,1
0.21147536,0.48720166,0
0.26973975,0.4843268,0
0.31020543,0.49244174,1
0.28115338,0.48760226,1
0.25618348,0.4792976,0
0.32149905,0.4867845,0
0.32829612,0.50157744,1
0.2649875,0.4616654,0
0.31080574,0.46202233,0
0.25097325,0.48011348,0
0.24540427,0.47946656,1
0.33092293,0.4819511,0
0.31596297,0.48317325,0
0.29805094,0.4766797,1
0.34499744,0.48400664,0
0.3003927,0.4823599,1
0.22031887,0.4656972,0
0.27451923,0.4753557,0
0.2603119,0.47463322,1
0.31002712,0.48136568,0
0.30011782,0.48621145,1
0.24591488,0.47350886,1
0.24050252,0.47235727,1
0.2224429,0.4751968,0
0.3422501,0.49084365,1
0.2164941,0.48576915,0
0.29493186,0.49933124,0
0.20414959,0.47695813,1
0.32967553,0.47423825,0
0.1914273,0.4583433,0
0.2814244,0.4899892,1
0.31934267,0.48931727,1
0.2882906,0.48980215,1
0.2547785,0.48373857,1
0.26555693,0.4914938,1
0.24747418,0.48150912,1
0.2251629,0.461731,0
0.3354426,0.50007343,0
0.28451425,0.48630226,1
0.3472365,0.48292565,0
0.24781229,0.4692137,0
0.25256768,0.48101768,1
0.35588682,0.4798784,0
0.33845466,0.48600635,0
0.31840888,0.47490564,0
0.33662516,0.4830377,0
0.28903055,0.47396123,0
0.3375861,0.4752015,0
0.27740306,0.46466923,0
0.3149234,0.4857804,0
0.33090574,0.48944357,1
0.32118294,0.48300907,0
0.2887123,0.48566508,1
0.28785563,0.48167852,0
0.35680938,0.4864224,1
0.236612,0.48486686,0
0.3568502,0.4845864,0
0.24784307,0.47041878,0
0.35636705,0.49716285,1
0.2998833,0.4790791,1
0.34293127,0.4901494,1
0.3128549,0.4790976,0
0.3304924,0.47273573,0
0.21654601,0.47447047,1
0.26640797,0.4757328,0
0.34767964,0.49238276,0
0.20983066,0.48610392,0
0.23958534,0.48241982,1
0.31512433,0.48237887,0
0.39107445,0.49600187,1
0.25731492,0.475176,0
0.27422497,0.4699823,0
0.275424,0.47134718,0
0.3102152,0.49025825,1
0.25265205,0.4921799,1
0.28560913,0.47987258,0
0.31938016,0.47372627,0
0.24685818,0.48752582,0
0.27813593,0.50033134,1
0.33523786,0.48033664,0
0.31338465,0.48112378,0
0.30159107,0.4826986,0
0.2939855,0.4799423,0
0.33321896,0.49078026,1
0.2395933,0.47363925,1
0.34204873,0.4870043,0
0.28547573,0.48036245,1
0.34305537,0.48241338,0
0.1755934,0.46044517,0
0.34629694,0.48808017,0
0.29148674,0.4783398,0
0.34493956,0.49450552,0
0.27642038,0.4779562,0
0.31405193,0.48506904,1
0.236252,0.47474265,1
0.2825197,0.4853725,1
0.32225734,0.4939091,0
0.27707672,0.4747359,0
0.2599707,0.47897968,1
0.2822646,0.46933338,0
0.26814866,0.48130855,1
0.29783145,0.49273384,0
0.26154044,0.487987,0
0.27178988,0.47293618,0
0.26176918,0.4700668,0
0.2878182,0.48871556,1
0.30043095,0.47608376,0
0.22729054,0.4895204,0
0.26330352,0.47731313,0
0.2875523,0.48543456,1
0.26963234,0.49040428,1
0.2729271,0.48480082,1
0.2991436,0.4784933,0
0.3149114,0.48375666,0
0.30485997,0.47210193,0
0.19090253,0.4877135,0
0.32462755,0.48881304,0
0.3242236,0.4897128,0
0.25068617,0.47979298,1
0.3381268,0.48710668,1
0.31312275,0.4821436,0
0.27416074,0.48283228,1
0.26160902,0.498257,0
0.3244282,0.4867712,0
0.31283265,0.49982157,1
0.30202633,0.4913602,0
0.2554057,0.4817678,0
0.30063108,0.4751053,0
0.25378758,0.4948555,1
0.2717114,0.4868797,0
0.26390082,0.48306677,0
0.2940498,0.4833227,0
0.23201832,0.48537672,0
0.22463141,0.47987998,0
0.3114038,0.47526205,0
0.28314254,0.4915156,1
0.26655486,0.48067728,0
0.25499246,0.4704409,0
0.3221798,0.490014,1
0.2776902,0.49333224,0
0.2348893,0.4776025,0
0.30005473,0.49017692,1
0.33055747,0.47116163,0
0.26876092,0.48408332,0
0.18093088,0.48376894,1
0.30281007,0.47879794,0
0.33397627,0.4942673,0
0.2716338,0.47862205,1
0.24455017,0.4786719,1
0.20009398,0.48490047,1
0.3916381,0.4900645,0
0.2261235,0.48564366,0
0.2792722,0.4818369,0
0.30117273,0.47087166,0
0.26837516,0.4817184,0
0.28981793,0.48500165,0
0.25667998,0.47931108,1
0.26875353,0.46797583,0
0.32891172,0.48347107,1
0.31745213,0.48496976,0
0.2267805,0.49716088,1
0.3064192,0.47951162,0
0.23834231,0.48267987,1
0.16117182,0.47405815,0
0.2570156,0.46823302,0
0.23207456,0.47975656,1
0.3239713,0.47640693,0
0.29524988,0.4792858,1
0.28212607,0.48167035,0
0.31400234,0.4940698,0
0.29268125,0.48234853,0
0.33234647,0.47236466,1
0.2892965,0.48227537,0
0.34862477,0.488904,1
0.2478432,0.48476967,0
0.2304502,0.47554764,0
0.2930359,0.4789333,0
0.2646014,0.48669812,0
0.36522552,0.49568748,1
0.29554036,0.48227754,1
0.32993704,0.49571732,1
0.36333328,0.48551598,0
0.21651429,0.49349943,1
0.31219712,0.4841034,1
0.24645534,0.47093406,0
0.33906394,0.49800476,1
0.30235362,0.47774744,0
0.28233907,0.48672768,1
0.18401039,0.48235235,1
0.3063704,0.4966685,1
0.27746916,0.4698511,0
0.2165012,0.47088185,1
0.30302793,0.4835855,1
0.298193,0.49074975,0
0.26159635,0.4879689,1
0.32188034,0.46915475,0
0.19915807,0.47243822,0
0.33693278,0.48821035,1
0.25567162,0.4711908,0
0.33381093,0.47657737,0
0.31942362,0.48428425,1
0.27641544,0.48556447,0
0.35450256,0.48251033,0
0.2505544,0.4940764,0
0.29974073,0.48268604,1
0.26493138,0.48298427,0
0.23426785,0.4817878,1
0.33081207,0.4834074,0
0.31708124,0.46757093,0
0.25965285,0.48868468,1
0.30637917,0.46700037,0
0.2933011,0.4890667,0
0.3167342,0.4931639,1
0.3086603,0.47402963,1
0.23958097,0.49328732,1
0.23750232,0.49154365,1
0.2881809,0.48624334,1
0.3070254,0.4916959,1
0.26908395,0.49877188,1
0.21676978,0.47107252,1
0.29156202,0.48305544,1
0.26573074,0.49272016,0
0.16227697,0.4858478,1
0.29495376,0.490693,1
0.32181254,0.49497223,0
0.20596343,0.48094344,1
0.2180933,0.49181744,1
0.3823087,0.49077427,1
0.3582947,0.4897066,0
0.25642496,0.49392733,1
0.2842781,0.4877243,0
0.24879858,0.47752953,0
0.3199096,0.47712073,0
0.09620813,0.47827682,1
0.31083,0.49051014,1
0.3390365,0.4839171,0
0.22958887,0.48481908,0
0.2950056,0.47900215,1
0.24371107,0.48726454,0
0.3404723,0.4825895,1
0.3129183,0.4823049,0
0.24169096,0.48086485,1
0.25219107,0.48486438,0
0.30094114,0.47432265,0
0.31103426,0.473873,0
0.31559986,0.46846595,0
0.30822355,0.46941933,0
0.35993218,0.4940959,1
0.30275205,0.48622084,0
0.2667363,0.47308984,0
0.2779438,0.4939866,0
0.24997184,0.49294338,1
0.2699613,0.47877404,0
0.26203477,0.483819,0
0.26596272,0.49718925,1
0.2529234,0.47907162,0
0.25745595,0.47729227,1
0.262793,0.48037425,1
0.30516174,0.4865172,0
0.25996113,0.47021365,0
0.22327271,0.47078633,0
0.23517947,0.4888166,1
0.2694704,0.47892347,0
0.29282695,0.4727572,0
0.2930747,0.48702803,1
0.3152637,0.47600606,1
0.3242942,0.46838808,0
0.31687868,0.48634124,1
0.23922394,0.49294534,1
0.33706173,0.48286137,1
0.2811925,0.4792149,0
0.2504723,0.49470946,1
0.3136718,0.48883283,0
0.29711884,0.4820764,0
0.25488532,0.48973897,1
0.3323548,0.4850265,1
0.25919694,0.46895567,1
0.3168963,0.47266993,0
0.1730896,0.4853059,0
0.29566526,0.4710985,0
0.31023663,0.48854074,0
0.17689082,0.48899683,1
0.29071233,0.48712543,0
0.28178418,0.4783622,1
0.29608658,0.47243747,0
0.3198675,0.48473158,1
0.28523648,0.47961906,0
0.28752607,0.48333034,1
0.33700198,0.47517094,1
0.32325804,0.48346242,0
0.27688757,0.4848139,1
0.2877307,0.4854575,1
0.28251293,0.47859073,1
0.30480623,0.48577443,1
0.2857181,0.49054113,0
0.32115722,0.4750749,0
0.28847125,0.48449597,0
0.31471324,0.47905943,0
0.2166303,0.4772409,1
0.34625554,0.485458,1
0.24183184,0.48882592,1
0.27916238,0.49429607,1
0.25469276,0.46336293,0
0.2781211,0.4806029,1
0.18475232,0.48408684,0
0.2621169,0.48666015,1
0.30396318,0.48965546,1
0.27477515,0.47822037,1
0.31870118,0.47037792,0
0.31691456,0.47347617,0
0.31464326,0.48246217,1
0.22910292,0.47897875,1
0.36192176,0.49596515,1
0.31346506,0.4960525,0
0.26325417,0.47625184,1
0.29699582,0.48004434,1
0.23164554,0.47824523,0
0.2354819,0.4824201,0
0.3113935,0.48002765,0
0.293566,0.47890902,0
0.2861763,0.48492637,0
0.22879358,0.49429193,1
0.30063012,0.49144855,0
0.3116832,0.48235273,1
0.26582623,0.48113504,1
0.27234071,0.47155797,0
0.24108082,0.4734806,0
0.29388085,0.48789397,0
0.22598115,0.48333284,1
0.23251592,0.47772217,0
0.2279664,0.4730281,1
0.15005355,0.480301,1
0.29030365,0.46873096,0
0.25471473,0.48741412,0
0.26797807,0.4770048,0
0.23490381,0.48703074,0
0.26112336,0.48851335,1
0.23676996,0.48661804,0
0.30084,0.47621897,0
0.30709895,0.48412868,0
0.22762893,0.4851345,1
0.39755884,0.49418065,1
0.19289574,0.48871744,0
0.22721115,0.46992615,0
0.30895323,0.4821681,0
0.18304443,0.47171703,1
0.2604236,0.49297246,1
0.29672593,0.47612604,0
0.35326928,0.49002185,1
0.31194177,0.48820028,0
0.28128743,0.47920218,0
0.34103084,0.47743598,0
0.35784993,0.48880768,0
0.28509468,0.49519965,0
0.31490576,0.492807,1
0.30850035,0.48169145,0
0.2830302,0.47752324,0
0.30642825,0.48082814,1
0.27811223,0.46866953,0
0.28318018,0.483196,0
0.22334497,0.47731224,0
0.22882667,0.47699293,1
0.2562587,0.47724435,0
0.23522499,0.4918762,1
0.3187375,0.47717246,1
0.28712338,0.4732885,0
0.3341687,0.47139183,0
0.21996884,0.47683814,1
0.35037923,0.48804724,1
0.30899993,0.47298145,0
0.2551518,0.47853374,0
0.23260006,0.47123978,0
0.22901069,0.48347875,1
0.27770308,0.4925193,0
0.324788,0.4749271,0
0.24514876,0.49758002,1
0.3483018,0.48650208,0
0.23486757,0.4693489,0
0.30151212,0.4825093,0
0.29846263,0.48804954,0
0.28969657,0.48434982,1
0.33395308,0.49508896,1
0.28750533,0.48021874,0
0.258722,0.49342623,0
0.23493776,0.46938,1
0.3265052,0.49264184,1
0.32856527,0.48017347,0
0.21359116,0.48314753,0
0.30599064,0.48545,1
0.23423235,0.47732818,1
0.3443433,0.49475828,1
0.2569471,0.48018733,0
0.33776355,0.48882198,0
0.32561952,0.46423158,0
0.18134382,0.48443267,1
0.35433757,0.48979735,1
0.35516813,0.47128674,0
0.31647566,0.48539242,0
0.2997143,0.49210104,0
0.23761919,0.48311242,0
0.27174643,0.4710298,0
0.27401155,0.47557345,0
0.24380833,0.46689215,0
0.29385298,0.47155666,0
0.3412149,0.48459587,1
0.24920672,0.4709762,0
0.2930492,0.48244873,1
0.3410503,0.46703482,0
0.19294499,0.4781526,1
0.30032963,0.47168365,0
0.31764367,0.48121926,0
0.30280405,0.48175463,1
0.34939548,0.47729492,0
0.26333603,0.4768666,0
0.21805723,0.4873203,1
0.2507163,0.4830638,0
0.31991065,0.48441657,0
0.26230592,0.49099198,1
0.22020277,0.47164997,1
0.29781237,0.4729021,0
0.29293254,0.48062757,1
0.31708047,0.4886973,1
0.19764727,0.47281218,0
0.2528243,0.4707296,0
0.22900634,0.47673142,0
0.29722095,0.49303138,0
0.27298912,0.49245897,0
0.29349333,0.47840598,0
0.30324337,0.48041892,1
0.3450414,0.48416677,0
0.24593702,0.496279,0
0.27442724,0.48367772,1
0.21794912,0.47113538,1
0.29447147,0.4899629,0
0.34561598,0.47432292,0
0.27715376,0.48232833,0
0.35934094,0.48272765,0
0.29639167,0.46488902,0
0.29797694,0.48439184,0
0.34708405,0.4892935,0
0.3192321,0.49196312,1
0.35723013,0.48709762,0
0.30521557,0.4809518,0
0.30330157,0.47794965,1
0.31228963,0.4876047,1
0.23620425,0.47993508,0
0.37384212,0.48284802,0
0.2799378,0.47646213,0
0.31523952,0.48713955,0
0.2296888,0.46598172,0
0.26953858,0.4933283,1
0.3071249,0.47783065,0
0.27635556,0.48277768,1
0.22436073,0.4989921,1
0.28854322,0.4819883,0
0.23084196,0.48991144,1
0.28942525,0.48416948,0
0.33051783,0.4827229,0
0.29468587,0.47811118,0
0.2928657,0.46853876,0
0.28569737,0.47530636,1
0.2187591,0.4922864,0
0.29796407,0.48960558,0
0.29441756,0.4925898,0
0.25556,0.49207568,0
0.21737759,0.477219,0
0.24375007,0.4690539,0
0.2671964,0.46429193,0
0.2845747,0.48711112,0
0.2257944,0.48469377,0
0.2645945,0.49009362,1
0.35018414,0.49883732,1
0.41527814,0.49685565,0
0.29794466,0.47818914,0
0.25396174,0.48800656,0
0.29432893,0.4782338,0
0.28005147,0.4816948,0
0.3180526,0.48060247,0
0.26000676,0.48405674,0
0.22828038,0.4948559,1
0.3109519,0.4845679,0
0.3201071,0.49469647,1
0.3071119,0.46518683,0
0.27949408,0.48556197,1
0.2357175,0.48247424,1
0.36782283,0.48021626,0
0.20324385,0.48058176,0
0.29268223,0.4795498,1
0.20015007,0.4754912,1
0.21640882,0.49246958,0
0.29001525,0.47714618,1
0.25785652,0.4776347,0
0.2568962,0.4757084,0
0.35672396,0.47861567,1
0.25513008,0.4722605,0
0.33156186,0.48276153,1
0.3387328,0.49284992,0
0.29165292,0.492251,0
0.327987,0.4793588,0
0.27726075,0.47681832,1
0.28098676,0.46187007,0
0.32562464,0.47990313,0
0.3180147,0.4798337,0
0.27158487,0.48963866,1
0.2480663,0.48762977,0
0.27059886,0.48130187,0
0.26985258,0.4779706,0
0.28589198,0.48011863,0
0.27615768,0.46562004,0
0.27099246,0.4826285,0
0.30701017,0.49840465,1
0.23497255,0.47003147,0
0.28106093,0.4802885,0
0.2886288,0.47991553,0
0.3475224,0.49762642,0
0.19821694,0.47974244,1
0.23778273,0.4773958,0
0.29974976,0.48780683,1
0.16645314,0.47875306,1
0.29720104,0.4782325,0
0.32566774,0.48439276,0
0.2899087,0.49140415,1
0.25203305,0.5054292,1
0.27181125,0.48274913,0
0.35361612,0.48803982,1
0.29873028,0.48785046,1
0.273682,0.47613904,0
0.18026796,0.46973255,1
0.2881278,0.48963308,1
0.30685654,0.47668585,0
0.24364987,0.46968994,1
0.32716298,0.49476156,1
0.31452602,0.4856892,0
0.2673503,0.4854202,0
0.29954237,0.49168625,0
0.26196945,0.48851752,1
0.29823032,0.48732948,1
0.24729368,0.47843516,0
0.35879856,0.49610898,1
0.18473512,0.4812518,0
0.21651371,0.47828197,0
0.2815631,0.49122396,1
0.30562553,0.49574974,1
0.28913987,0.49135837,0
0.3120323,0.48758206,1
0.28262368,0.47714034,1
0.33458996,0.4821355,1
0.31099665,0.47617838,1
0.3351331,0.4826258,0
0.25262445,0.49741825,1
0.23531212,0.48646796,1
0.2415158,0.47628665,1
0.23499876,0.4784553,0
0.2171772,0.4674739,1
0.2847612,0.4915013,0
0.24296582,0.4793483,1
0.29589903,0.49294844,0
0.28696498,0.47188613,0
0.15187347,0.48469546,0
0.3034647,0.47849974,0
0.26963156,0.48582697,0
0.256142,0.48801884,1
0.33611584,0.47495326,1
0.33661288,0.49343276,0
0.21343154,0.46315098,1
0.35318208,0.47221473,1
0.28437382,0.47583738,1
0.248305,0.4786725,0
0.26704937,0.464142,0
0.25346497,0.47413075,0
0.31872517,0.48428214,1
0.29481354,0.4927381,1
0.3241106,0.48678812,0
0.263005,0.4712236,0
0.27747256,0.47879645,0
0.3161338,0.49210835,1
0.2913103,0.48362294,0
0.31987548,0.48724928,1
0.27443925,0.46461558,0
0.32198703,0.48574224,1
0.31006634,0.47779396,1
0.29396525,0.47653458,0
0.29007176,0.47955337,0
0.29600754,0.49133393,0
0.25528866,0.48728153,0
0.28740132,0.4757627,0
0.32397962,0.49373683,0
0.29637548,0.47407082,0
0.23314324,0.47776255,1
0.28720233,0.47593713,0
0.3315562,0.48990342,1
0.2934424,0.47827008,0
0.305058,0.48644993,0
0.28702492,0.47237635,0
0.22157249,0.4708047,0
0.30883995,0.46883845,0
0.28108877,0.47424936,0
0.25679946,0.48163405,0
0.22227708,0.49061802,0
0.26904005,0.47340307,0
0.2541958,0.48600972,0
0.3153435,0.48234984,0
0.2683614,0.478824,1
0.32250056,0.48111165,0
0.24347588,0.4863956,0
0.2441571,0.47433054,0
0.20555335,0.47394994,1
0.31102902,0.4829431,0
0.24385637,0.49022374,0
0.33953702,0.5030182,1
0.31687605,0.48828068,1
0.28932527,0.486833,1
0.26527184,0.47719356,0
0.32151952,0.49477187,1
0.24575381,0.48223448,1
0.26894277,0.49040413,0
0.26300943,0.49182335,0
0.25996545,0.47938308,1
0.3008638,0.4753462,0
0.28026086,0.48369154,0
0.25161266,0.49121594,0
0.22096522,0.47304836,1
0.33026934,0.48162207,0
0.29253623,0.47621393,0
0.2608645,0.487326,0
0.28262278,0.49050543,0
0.3250752,0.49423552,1
0.15265709,0.48360762,1
0.2912537,0.4810762,0
0.34582114,0.4956685,1
0.19674584,0.4839163,0
0.354583,0.4759886,1
0.22978878,0.47943726,0
0.35128066,0.48860684,0
0.32073998,0.4823462,0
0.31049776,0.47644567,0
0.35832357,0.49876568,0
0.3426311,0.4886783,1
0.2061338,0.48801908,1
0.36405504,0.4891386,1
0.2304034,0.48992005,1
0.22682089,0.48071802,1
0.311314,0.48275742,0
0.23325975,0.4910923,1
0.26813334,0.49015424,0
0.3370478,0.49451622,1
0.33361238,0.48814774,1
0.3292002,0.4755791,0
0.33459952,0.47856382,0
0.26667398,0.48499337,0
0.2635635,0.4803091,1
0.3085094,0.48845816,1
0.33874965,0.4754838,1
0.30792332,0.4772803,1
0.24788517,0.47349072,0
0.29898718,0.49291173,1
0.21516034,0.48374334,1
0.3894659,0.48998928,1
0.32409644,0.47960135,0
0.27523804,0.49154186,0
0.26443607,0.47892466,0
0.30759338,0.47963786,0
0.23168863,0.48229182,0
0.25610286,0.4904782,1
0.24393505,0.48616448,1
0.300413,0.47918525,0
0.2891146,0.48099756,0
0.27802575,0.48756996,0
0.2556823,0.49024567,0
0.2915465,0.48200765,0
0.26570866,0.4766182,1
0.36281517,0.48474964,1
0.24984616,0.48991427,0
0.28958824,0.48419976,0
0.29653263,0.49577817,1
0.18129385,0.48344108,1
0.2049554,0.47451028,0
0.30120173,0.48652354,0
0.26783764,0.48042464,0
0.30632508,0.4743115,0
0.30783176,0.47690842,0
0.3023936,0.48016033,0
0.20878854,0.4836391,0
0.27493817,0.47693026,0
0.3192696,0.47906113,0
0.23624219,0.4862076,1
0.286555,0.4944348,1
0.23078777,0.4770905,1
0.17319708,0.4723226,1
0.2926226,0.483274,0
0.38024288,0.4804388,0
0.22198147,0.48884067,1
0.28482538,0.4723285,0
0.29371813,0.4710199,0
0.28798497,0.4787829,0
0.29264653,0.49061432,1
0.29731664,0.48961374,0
0.23037563,0.47797325,0
0.25220332,0.47947064,0
0.34021977,0.45926,0
0.2445967,0.46720433,0
0.13467525,0.4692966,1
0.16082941,0.46681103,0
0.27830434,0.4693819,0
0.25637305,0.47341028,0
0.3147776,0.48415196,0
0.22184014,0.48530927,0
0.18365246,0.48399952,0
0.29198945,0.47747394,0
0.21378532,0.48411474,1
0.34725246,0.4914001,0
0.25223112,0.4667081,0
0.35377604,0.4958458,1
0.23370162,0.47801244,0
0.32569566,0.4828926,0
0.22009546,0.48479208,1
0.280743,0.4761175,0
0.23451516,0.4631598,1
0.32648772,0.48338273,0
0.24540704,0.47083142,0
0.27442986,0.47808412,0
0.27182704,0.49137568,1
0.29332256,0.4794897,0
0.17506805,0.49661997,1
0.30202287,0.4901971,1
0.3238556,0.47064257,0
0.31670168,0.47489643,0
0.279004,0.4873666,1
0.19910023,0.47889498,1
0.30101424,0.4676559,1
0.26017484,0.4828008,0
0.22048886,0.48292065,1
0.18288243,0.4792081,0
0.26399252,0.46712598,0
0.30101818,0.48089656,1
0.30532038,0.48556378,0
0.23297729,0.45969245,1
0.28001353,0.46646407,0
0.29442593,0.4915184,1
0.30159128,0.49258748,0
0.27232683,0.47193193,0
0.2914427,0.49124992,0
0.27589428,0.48843622,0
0.31692797,0.48555914,1
0.328084,0.4942956,1
0.26618862,0.47184548,0
0.27840662,0.4697055,1
0.24457547,0.47436544,0
0.27745384,0.47373104,1
0.28693748,0.4807646,0
0.33918983,0.4942108,1
0.35881475,0.48407874,0
0.26734668,0.48213935,1
0.24330904,0.49397197,0
0.20827758,0.48144436,1
0.24301276,0.47278103,0
0.30599278,0.4826771,0
0.26656455,0.47837338,1
0.21682726,0.47113273,1
0.23450685,0.48174015,1
0.32947662,0.4978906,1
0.2633199,0.47208956,0
0.29757494,0.4756777,0
0.29488468,0.47494188,0
0.30782923,0.49070883,1
0.17104124,0.4691991,1
0.29512432,0.468459,0
0.2790833,0.48879588,0
0.3197826,0.47568402,1
0.31989965,0.4811559,1
0.2501188,0.48126492,1
0.33311632,0.47182074,0
0.29098237,0.48460844,0
0.26233438,0.48515487,1
0.24276686,0.4887332,1
0.33609754,0.5014315,1
0.2619951,0.48377243,1
0.24737799,0.4825783,1
0.29288632,0.48574266,0
0.27987996,0.4715836,0
0.26164064,0.4983531,1
0.29151782,0.48380002,1
0.21379122,0.48936248,1
0.22687232,0.47461626,0
0.33495748,0.49147213,0
0.30790675,0.46845064,0
0.31720158,0.49896967,0
0.23591053,0.4698421,1
0.27487355,0.4811244,0
0.36222044,0.4848405,1
0.2944012,0.49324632,0
0.2633507,0.4836061,0
0.23567219,0.49539542,1
0.26729316,0.47798434,1
0.2614203,0.46246898,1
0.3454718,0.49587083,1
0.3348348,0.4828501,1
0.21893108,0.4798913,0
0.2875176,0.46755683,1
0.30491817,0.48542216,0
0.2319633,0.48568574,1
0.27218255,0.47211397,0
0.29660895,0.47550085,0
0.3099427,0.47960034,1
0.32281956,0.49670157,1
0.2644402,0.475049,0
0.3123834,0.48447216,1
0.23696965,0.47162226,1
0.21498936,0.4804666,0
0.39061022,0.48576868,0
0.32564777,0.48440385,1
0.2515353,0.48774052,0
0.2945269,0.4752505,0
0.31464717,0.48679444,1
0.28953785,0.47555766,1
0.21592373,0.47193718,0
0.24371237,0.48626998,0
0.3270397,0.47915304,0
0.24618228,0.4887575,0
0.3442173,0.48737797,1
0.2763823,0.47472024,0
0.22492424,0.48180816,1
0.2556737,0.493958,1
0.17538422,0.48598233,1
0.22385049,0.4849404,1
0.24036744,0.47470257,0
0.26852617,0.47522557,0
0.25189602,0.47392645,0
0.26443517,0.482273,0
0.32886618,0.48950517,1
0.18884447,0.48327804,1
0.28878963,0.48406377,0
0.22573777,0.4734758,0
0.24153274,0.49122787,1
0.2858386,0.49706802,1
0.17590404,0.49393556,0
0.25102547,0.483117,1
0.30439273,0.4883734,0
0.24788767,0.48326516,0
0.24946928,0.48221517,1
0.36251166,0.48545465,1
0.30090496,0.46787572,0
0.29314172,0.48596892,1
0.24283037,0.4865514,1
0.2527643,0.4872276,1
0.26045802,0.48553345,1
0.26267898,0.49002814,1
0.30965048,0.47740778,0
0.27745834,0.48982537,1
0.32852328,0.4905267,0
0.23356459,0.46273646,0
0.3411792,0.49161124,0
0.2934206,0.48354626,0
0.25045928,0.49087015,1
0.19638449,0.47010946,1
0.3609113,0.49300984,0
0.3465363,0.48606622,0
0.33070782,0.49998888,1
0.25273955,0.48132452,1
0.22790745,0.47420588,1
0.27737322,0.46849003,0
0.35231933,0.48434472,1
0.29764968,0.48025596,0
0.30894977,0.4890664,0
0.2929332,0.47349826,0
0.2761478,0.47564232,0
0.30775818,0.47792563,0
0.3234926,0.47443494,0
0.2698641,0.482038,0
0.33330345,0.48425594,0
0.34842563,0.488204,0
0.2894253,0.49516854,1
0.18919253,0.48323807,0
0.24582563,0.48976672,1
0.29694203,0.4916285,0
0.18831606,0.4748304,1
0.30617732,0.47234586,0
0.31746513,0.47558257,0
0.15217772,0.4824587,1
0.23339443,0.48273596,1
0.280204,0.4763482,0
0.33703852,0.4679714,0
0.20985398,0.4682105,0
0.37024474,0.4939816,1
0.2910486,0.4919498,0
0.26303005,0.48923144,0
0.30847722,0.4755701,0
0.35138237,0.48566806,1
0.32299083,0.47106215,0
0.28740624,0.4789865,0
0.3146916,0.48594782,0
0.28785095,0.48350683,0
0.23302814,0.48735252,1
0.2542773,0.47671065,0
0.2740439,0.47889185,0
0.2451445,0.48988166,1
0.27865893,0.48243067,0
0.30816984,0.48796332,0
0.24996719,0.47631624,0
0.21069953,0.48199725,1
0.31015664,0.4797456,1
0.3088804,0.48859826,1
0.28192475,0.4868883,0
0.25172558,0.4811109,0
0.25666547,0.4857084,1
0.24273983,0.46149588,1
0.2780162,0.49544922,1
0.28604013,0.47486353,0
0.27863598,0.47691122,0
0.19307353,0.48140335,0
0.29819247,0.47601113,0
0.24742548,0.48940787,1
0.29099834,0.49469128,1
0.31417885,0.4872528,0
0.24586067,0.4693283,0
0.23449884,0.4836158,1
0.24512808,0.47386286,0
0.30515787,0.4793395,0
0.3052634,0.4842106,0
0.19852646,0.4875888,1
0.27259725,0.4812639,0
0.30239123,0.48648036,1
0.25637597,0.48268387,0
0.30033228,0.47232166,0
0.33203587,0.4952148,1
0.29781234,0.47565874,0
0.2651198,0.4691979,0
0.303187,0.47956488,0
0.26153335,0.4838047,0
0.25995994,0.4802947,1
0.292291,0.4955629,0
0.26719016,0.48322096,0
0.23937365,0.48269328,1
0.28127158,0.48375416,0
0.3005908,0.46699286,0
0.26775816,0.48314002,1
0.26951468,0.4850216,1
0.21999268,0.46212253,1
0.26685882,0.483799,1
0.33158836,0.49071264,0
0.26551652,0.47988784,1
0.33456248,0.48360142,0
0.28612655,0.48528925,1
0.23170832,0.48298967,0
0.28593606,0.4759194,0
0.32304907,0.4746209,0
0.24171422,0.4714667,0
0.32520786,0.48488274,0
0.32292202,0.48771098,1
0.33029854,0.48242128,0
0.30916202,0.4731984,1
0.27402657,0.4895197,0
0.30138963,0.48423982,0
0.27255327,0.47580114,1
0.2946753,0.47810873,1
0.333747,0.5014632,1
0.2900236,0.47178832,1
0.22019231,0.47582397,0
0.33099514,0.49187288,1
0.3284366,0.4869133,0
0.3059156,0.5000023,0
0.19226871,0.47862825,1
0.29913843,0.48049018,0
0.30747497,0.47088966,0
0.34424955,0.48228455,0
0.25553453,0.48550782,1
0.26942652,0.47435403,0
0.19976461,0.48126647,0
0.30565548,0.48314822,0
0.2665728,0.47819817,0
0.28571147,0.4766823,0
0.3080594,0.4811201,1
0.20584038,0.48681787,1
0.26539797,0.47191226,1
0.22532532,0.4780887,0
0.29309952,0.47423604,0
0.33164966,0.4882877,1
0.22282092,0.4800764,1
0.23181897,0.48592997,1
0.31132782,0.46558496,0
0.38071865,0.4863255,0
0.32468897,0.48852244,0
0.30971158,0.47271755,1
0.25635678,0.48548388,1
0.23000807,0.46330228,0
0.22710568,0.47332036,0
0.2776631,0.4808798,0
0.31884778,0.4751403,0
0.33014566,0.49586377,1
0.33633772,0.49306658,1
0.25687176,0.48639503,1
0.24581647,0.48157573,1
0.2903754,0.4876673,0
0.328104,0.4831687,0
0.32766557,0.4890479,0
0.17049943,0.47334442,1
0.33364666,0.49361694,1
0.34723037,0.4947256,1
0.30498788,0.4809347,0
0.24827614,0.49907002,1
0.31138307,0.47620487,0
0.29835656,0.4920713,0
0.23900047,0.47884473,1
0.26149008,0.48399463,1
0.29962867,0.48775402,0
0.16224706,0.49005094,0
0.25796947,0.49026832,1
0.26761395,0.4783293,0
0.2689569,0.4798559,0
0.2755075,0.48879457,0
0.22650063,0.4660727,0
0.29006398,0.49253902,0
0.31243035,0.47056124,0
0.28173482,0.48415577,0
0.26375306,0.48592207,0
0.24491394,0.4689764,1
0.32115203,0.4871398,1
0.30722988,0.48819938,0
0.2845956,0.48426637,1
0.2301019,0.48094812,0
0.30615568,0.47275564,0
0.28361776,0.48121604,0
0.3541961,0.48473224,0
0.26099348,0.4604782,0
0.28146556,0.47528037,0
0.26690337,0.4850354,1
0.2757603,0.47060034,0
0.23034899,0.4767883,0
0.31406325,0.4733673,0
0.30858293,0.48287508,0
0.2978034,0.48581004,0
0.35221505,0.4741045,0
0.34526283,0.4902935,1
0.26494664,0.48016524,0
0.26004553,0.4945905,0
0.23064792,0.4732339,1
0.35560036,0.47837695,0
0.21111324,0.47182265,0
0.29495198,0.48994693,0
0.35499758,0.48097268,0
0.19299206,0.48573363,1
0.3130449,0.46704492,0
0.26551196,0.49071082,0
0.31059584,0.4902517,1
0.2146443,0.47291836,0
0.3177967,0.49325,0
0.3450741,0.48500514,0
0.2075272,0.47918698,0
0.2948712,0.47656393,0
0.21361603,0.48129293,1
0.19885658,0.49150363,1
0.31867146,0.48447752,1
0.31068933,0.4704536,0
0.19330895,0.45608222,0
0.31068778,0.45902452,1
0.26854163,0.48904982,0
0.24708568,0.47381806,1
0.23202267,0.47511432,1
0.28641185,0.49836838,1
0.22186685,0.4630113,0
0.35934317,0.48485932,1
0.22850955,0.4943931,1
0.23807922,0.47942814,0
0.27315688,0.4811302,0
0.27825114,0.48499012,1
0.3228945,0.47391477,1
0.3489258,0.46801817,1
0.2726776,0.4720852,0
0.31056422,0.48517874,0
0.28037405,0.47060308,0
0.30954036,0.4996684,1
0.21573488,0.47854066,1
0.21896954,0.49893108,1
0.16106614,0.48762703,0
0.2701307,0.4683821,1
0.2740708,0.47948858,1
0.28056088,0.49782285,1
0.3604307,0.4869907,1
0.26774755,0.47932652,0
0.28360605,0.4730408,0
0.3495185,0.49280524,1
0.28679934,0.4948981,1
0.22062778,0.49308527,1
0.24932092,0.48065636,1
0.28833437,0.47628748,1
0.3040951,0.48595893,1
0.30993134,0.48513517,0
0.322623,0.47857198,1
0.3025905,0.496483,0
0.21174715,0.47376427,0
0.22386992,0.46288148,1
0.2585206,0.4737449,0
0.32164896,0.4987735,1
0.3167707,0.48105636,0
0.26942867,0.48928607,1
0.30170283,0.48198736,0
0.362685,0.48060417,0
0.23833129,0.4680984,0
0.21851332,0.4914925,1
0.31638902,0.47767678,0
0.3151934,0.47153783,0
0.29684728,0.47925505,0
0.28389457,0.47544837,0
0.25971973,0.47137997,0
0.3024004,0.4831649,0
0.28350753,0.48631635,0
0.26489764,0.48337898,1
0.19992054,0.47949263,1
0.32425871,0.47356525,1
0.32082433,0.4866673,0
0.286236,0.48313668,0
0.22970098,0.476287,0
0.30891418,0.4753481,0
0.22756381,0.49118295,0
0.28293112,0.4779745,1
0.2205238,0.49487224,1
0.28453392,0.48112988,1
0.24772252,0.47747096,0
0.33946967,0.49062446,1
0.29340625,0.48756823,0
0.30313927,0.4875896,1
0.33911866,0.49921572,1
0.27767336,0.48070708,1
0.24418804,0.49191785,1
0.23568934,0.46994463,0
0.294787,0.47744814,1
0.31369728,0.4886819,0
0.2768794,0.49510238,1
0.32410324,0.48254564,0
0.20968106,0.47660244,0
0.3245874,0.47738805,0
0.19202688,0.47931024,1
0.20768909,0.47784534,0
0.22888148,0.4689733,0
0.26669353,0.48053494,0
0.17237273,0.48072907,0
0.21828637,0.4750342,0
0.32703668,0.48407546,0
0.31824553,0.48528183,1
0.2666153,0.47102746,1
0.321654,0.48953676,0
0.19013771,0.47933885,0
0.28301382,0.48202494,0
0.20985672,0.4677359,1
0.26698366,0.48355746,0
0.30204636,0.49524745,1
0.28594676,0.46987343,0
0.31599617,0.48279783,1
0.33315733,0.48188138,1
0.37054908,0.5030423,1
0.30835044,0.48795688,0
0.27479017,0.48014173,1
0.31110525,0.4605836,0
0.27073845,0.4955252,1
0.30700237,0.47608128,0
0.30333066,0.4788774,0
0.2255436,0.48078546,1
0.32333893,0.47841132,0
0.30845636,0.48239362,1
0.26582575,0.47825718,0
0.30867928,0.477067,0
0.20919499,0.48037723,0
0.32312468,0.49234056,1
0.35007268,0.4826746,0
0.21532635,0.49213818,1
0.2519712,0.4867868,0
0.245721,0.48642325,0
0.32390594,0.4819089,0
0.319107,0.46521023,0
0.23549938,0.50314635,1
0.26399887,0.4921778,0
0.2957577,0.4880924,1
0.26777905,0.4779832,1
0.2441333,0.4648334,1
0.31007326,0.4856284,0
0.2837454,0.47720146,0
0.30886775,0.48727202,0
0.36978555,0.49258235,0
0.34324807,0.49072167,1
0.2774312,0.49279222,1
0.33361635,0.4891777,1
0.35383007,0.48831037,0
0.25593084,0.47489834,1
0.2670284,0.47922835,1
0.27092868,0.48953402,1
0.3104589,0.48424593,1
0.28915188,0.48161745,0
0.25997737,0.48271716,0
0.32764578,0.49668145,1
0.3235156,0.49359837,1
0.24873146,0.46080875,1
0.2783218,0.47629297,0
0.24405125,0.4760258,1
0.28022808,0.47069278,1
0.29649892,0.48746696,0
0.31687856,0.47931126,1
0.33831406,0.4887116,0
0.23997664,0.48065296,0
0.26340395,0.47635472,1
0.1995621,0.4741334,1
0.24297924,0.47335947,0
0.21974057,0.4955894,1
0.19362144,0.48302102,1
0.30645365,0.48504257,0
0.29295135,0.48095903,0
0.25830555,0.48095652,1
0.3280171,0.47769126,0
0.21799988,0.46239308,0
0.25915176,0.46789125,0
0.26712686,0.48048303,0
0.33625546,0.4785273,1
0.2898125,0.4847237,0
0.31896704,0.4910778,1
0.3293117,0.4872034,0
0.29691386,0.4849144,1
0.28926295,0.4963182,1
0.2237913,0.47899818,1
0.2984451,0.49526343,0
0.32271084,0.4845533,0
0.3170812,0.48210117,0
0.2459878,0.47533965,0
0.2981217,0.49111286,0
0.2576419,0.48885694,1
0.37190956,0.46891567,0
0.24208018,0.48230278,0
0.3015842,0.49174833,0
0.33179364,0.4659809,0
0.35001782,0.48251083,0
0.28851348,0.48356724,1
0.30710137,0.4888657,1
0.22027795,0.49037004,1
0.24989073,0.48324502,1
0.2509746,0.47392392,0
0.36434847,0.4851712,1
0.3140808,0.48746368,1
0.2652347,0.49686685,1
0.39145866,0.4739337,1
0.24684128,0.47287032,0
0.39001477,0.4979321,1
0.32055873,0.47977033,0
0.20468816,0.48516372,0
0.20794263,0.48202553,1
0.24789739,0.48146835,1
0.2908861,0.490041,1
0.33879596,0.47825018,0
0.3070457,0.4977105,0
0.37516025,0.501708,1
0.30626088,0.4842166,1
0.25858632,0.4800175,0
0.31896907,0.48572755,0
0.30099785,0.47891596,1
0.29992157,0.48979262,1
0.25540528,0.5019426,1
0.27985254,0.48134246,1
0.26195133,0.46942344,1
0.25310165,0.483402,0
0.22470939,0.48017558,1
0.27415305,0.48030767,1
0.28898907,0.4941078,1
0.38009292,0.49772477,1
0.27404687,0.4655571,0
0.26760834,0.47223356,1
0.12883198,0.46838823,1
0.2202116,0.48080638,0
0.3149268,0.48173597,1
0.33549863,0.4825238,1
0.28267878,0.47511354,0
0.32594237,0.49574995,0
0.38025215,0.480039,0
0.3429029,0.4770403,0
0.31286556,0.47309783,0
0.30115998,0.4959464,1
0.2674045,0.46370277,0
0.2402815,0.49441895,1
0.26038754,0.49635863,1
0.22515944,0.4752377,0
0.27340055,0.48942408,0
0.2754908,0.48795223,0
0.19753821,0.47884026,0
0.33130246,0.48118904,0
0.2634355,0.47528183,0
0.2780904,0.49316755,0
0.22691049,0.476437,0
0.26210636,0.4838176,0
0.2548122,0.48654988,0
0.25144124,0.485666,1
0.2201152,0.4935352,0
0.25627112,0.48897275,1
0.30734363,0.47420144,0
0.32795334,0.48836017,1
0.22864202,0.4761795,1
0.29379818,0.4820948,0
0.23763081,0.48182893,1
0.26971266,0.48359433,0
0.24831207,0.46456048,0
0.20352022,0.47343218,0
0.30193508,0.48449078,0
0.26709586,0.4716482,1
0.29389602,0.49645996,1
0.2974891,0.48782933,0
0.2381531,0.47840884,1
0.23530215,0.4733189,0
0.3413189,0.4796573,0
0.2720475,0.46987084,0
0.30549866,0.46946034,0
0.25286904,0.47718266,0
0.3004133,0.48149887,0
0.27332187,0.48904887,0
0.25707886,0.4801962,1
0.32868224,0.48765555,0
0.2826749,0.4897735,0
0.30374742,0.4809576,0
0.22646922,0.48424324,1
0.35150862,0.49219394,1
0.29457992,0.4804449,0
0.26120633,0.50313133,1
0.2530381,0.48480794,1
0.31598234,0.4824667,0
0.21225801,0.48083654,0
0.34315538,0.48737112,0
0.2873042,0.4739195,1
0.26144466,0.4654142,0
0.31020355,0.48111495,1
0.33918753,0.4830607,1
0.27041692,0.48153612,0
0.24804302,0.47491562,0
0.34773594,0.48570135,1
0.34635222,0.48415494,0
0.22754782,0.47293255,0
0.27393115,0.48183462,0
0.31873804,0.49044523,1
0.31560442,0.477928,1
0.2975142,0.4793856,0
0.2696506,0.4810605,1
0.26672748,0.475826,0
0.27472642,0.47041503,0
0.3114126,0.48666418,0
0.18260759,0.48471293,1
0.25262582,0.4864769,0
0.29356015,0.48217356,1
0.31296986,0.4791598,0
0.30820423,0.48754922,1
0.2860101,0.48517537,0
0.22203624,0.4950284,0
0.24716443,0.48769283,1
0.29767245,0.49104908,1
0.32029647,0.48836032,0
0.36280757,0.49294057,0
0.3278626,0.49191114,0
0.35731727,0.49424067,1
0.22727379,0.49507964,0
0.27881986,0.49080816,1
0.31894353,0.47935906,0
0.3059234,0.47814116,0
0.19206303,0.48637322,0
0.29049867,0.47806844,0
0.32690182,0.4847257,1
0.26307023,0.45827755,0
0.26716447,0.49104664,1
0.28839937,0.48799372,1
0.28541988,0.48380688,1
0.23320231,0.48502374,0
0.25393158,0.49466982,1
0.2739046,0.4817618,0
0.25864422,0.4809679,1
0.24061096,0.4785423,0
0.3178833,0.4894875,1
0.22128463,0.48181382,0
0.31222737,0.48719302,1
0.24085909,0.4851192,0
0.33088434,0.4865584,1
0.25991073,0.4759182,0
0.32563528,0.48299503,1
0.3160409,0.48334518,0
0.2407675,0.4827373,1
0.22677521,0.4918238,1
0.3354624,0.4877217,1
0.28703713,0.48084578,0
0.21760705,0.47967088,0
0.27651507,0.48014617,0
0.22084674,0.47376713,0
0.32219926,0.48674047,0
0.2622154,0.4884694,1
0.29148608,0.4825146,1
0.31238937,0.49107048,0
0.2199086,0.47876668,1
0.2525177,0.49595556,1
0.2513409,0.4798932,0
0.270475,0.47567472,0
0.24881639,0.4627153,0
0.28502405,0.48202422,0
0.22760907,0.483395,0
0.29630095,0.48187456,0
0.37668186,0.47563246,1
0.22210488,0.4722995,0
0.31146201,0.48087427,0
0.27564403,0.4742827,0
0.27428824,0.48588714,0
0.25985616,0.47966865,1
0.2915777,0.4667759,0
0.24873722,0.4762512,0
0.32092774,0.48562098,1
0.30884677,0.4841846,0
0.31268707,0.48993573,1
0.2695844,0.49263394,1
0.21546401,0.48010704,1
0.3389762,0.48460862,1
0.2743662,0.46251073,0
0.25834996,0.4629723,0
0.18058023,0.45822635,0
0.30328655,0.47440132,0
0.27279305,0.4795215,1
0.33547756,0.48322758,0
0.2917481,0.47031924,0
0.21009952,0.48571995,0
0.1647444,0.48462668,1
0.23555061,0.48856306,0
0.29182327,0.4844626,0
0.2352283,0.48298702,0
0.25095206,0.46430483,1
0.32273155,0.47252116,0
0.30097356,0.4942164,1
0.29899323,0.47715434,0
0.28651232,0.47334823,1
0.28544036,0.4862335,0
0.30139396,0.4663427,0
0.27952865,0.4835949,1
0.29070458,0.47643808,0
0.3208741,0.49104992,1
0.27286744,0.47977915,0
0.21558675,0.47685897,0
0.27936426,0.48287138,0
0.22102657,0.4667044,0
0.192055,0.48022962,1
0.26989114,0.48603442,1
0.25892043,0.4823085,1
0.2930979,0.47912088,1
0.17599182,0.48260725,1
0.29636317,0.4688636,0
0.32578096,0.4781523,0
0.31222978,0.48861113,0
0.3358099,0.47226143,0
0.25682235,0.46145976,0
0.22425187,0.46044424,0
0.24701542,0.47576615,0
0.33189654,0.50248265,0
0.30405104,0.4867401,0
0.21892396,0.47833267,1
0.236644,0.4772496,0
0.3174624,0.4975601,1
0.3211757,0.48346415,0
0.25376695,0.4880009,1
0.2952175,0.4740548,0
0.29683673,0.48740408,0
0.2732907,0.48270085,0
0.32096308,0.46750855,0
0.23184107,0.48491272,0
0.28157824,0.4949945,0
0.3152618,0.47756103,1
0.30222368,0.47843114,0
0.2074652,0.47501364,1
0.2865178,0.47985372,0
0.28967252,0.4762337,0
0.31200176,0.48256508,0
0.24903941,0.47546515,0
0.29366532,0.48245332,0
0.2742608,0.48079586,1
0.25501692,0.48468265,1
0.34932172,0.48692563,0
0.3425073,0.4894111,0
0.2963974,0.4672636,0
0.30877888,0.48141423,0
0.2989379,0.48664057,1
0.30342388,0.4859147,0
0.33044094,0.47658458,1
0.2508921,0.48189914,0
0.23390596,0.48072767,0
0.2972755,0.4768486,0
0.34525335,0.47989097,1
0.1738332,0.47607175,1
0.35491806,0.49339488,1
0.26184934,0.47434506,0
0.29016304,0.4947282,0
0.2884408,0.48150554,0
0.20554492,0.48152062,0
0.35098848,0.47783935,0
0.26123318,0.4697921,1
0.26173636,0.48264563,1
0.25777945,0.48268768,1
0.33503243,0.48540077,1
0.25580704,0.48023322,0
0.26828215,0.47302532,1
0.36021614,0.4965659,1
0.31586814,0.4969231,1
0.2778073,0.4802898,0
0.3199883,0.46637878,0
0.36824068,0.49572673,1
0.31507567,0.47277334,0
0.29990587,0.49525452,1
0.27862775,0.47389284,0
0.23321944,0.4935863,1
0.23794943,0.4641951,0
0.29845154,0.48868623,1
0.28724644,0.49385074,0
0.33463803,0.4692495,1
0.28890127,0.4798434,0
0.22155266,0.4850941,1
0.30678105,0.4798471,0
0.32279664,0.48767623,1
0.30309555,0.4884144,1
0.27915704,0.48266658,0
0.2117806,0.4774971,0
0.29871237,0.4673933,0
0.24493396,0.48765898,1
0.31269908,0.46662343,0
0.31564808,0.48111808,1
0.35268182,0.47827122,0
0.31460175,0.4747715,0
0.29389578,0.47628132,0
0.3172313,0.47434595,0
0.23444137,0.4845048,1
0.3233574,0.48595452,0
0.2734306,0.47587156,0
0.27447504,0.46715152,0
0.28654194,0.47848323,0
0.31867734,0.48871478,1
0.34749183,0.47992262,0
0.31610602,0.4766713,0
0.27329445,0.4949861,0
0.26801515,0.4878335,1
0.28856418,0.47132838,0
0.43012288,0.49049094,0
0.3658753,0.48914766,1
0.32045215,0.4811181,0
0.3955226,0.48120824,0
0.27615216,0.47174606,1
0.32464537,0.48337105,1
0.26759177,0.4894158,0
0.26348355,0.4835942,0
0.2662118,0.49154368,1
0.28219765,0.49040195,1
0.34121516,0.4881817,1
0.24770156,0.47897443,1
0.26196992,0.47659254,1
0.3523753,0.48983935,0
0.35570428,0.49452946,1
0.24316895,0.4974806,1
0.3534345,0.48810092,1
0.27835494,0.47199556,0
0.29104853,0.48421022,1
0.32820427,0.49096432,0
0.37868398,0.4805937,0
0.29362544,0.48949626,1
0.2925436,0.47930026,1
0.2978332,0.47682238,0
0.30138275,0.48152605,0
0.3269498,0.49538055,0
0.25394207,0.4805211,0
0.29698664,0.48202,0
0.28664476,0.4635084,1
0.25190964,0.47656322,0
0.27696693,0.4754764,0
0.29561305,0.47222462,0
0.2687238,0.4819648,1
0.16852625,0.4846749,1
0.33095384,0.4794583,0
0.31584132,0.48401472,0
0.17942956,0.48133639,1
0.31847483,0.47627494,0
0.30343223,0.47893223,1
0.37168425,0.49761283,0
0.21272321,0.491117,0
0.28504735,0.4623064,0
0.3136983,0.4925922,1
0.25542217,0.4704022,1
0.28013718,0.47411287,0
0.26681605,0.46924725,1
0.2198363,0.49492097,1
0.3136927,0.47505653,0
0.32912982,0.49281892,1
0.2923601,0.48456016,0
0.29827005,0.4813299,1
0.25236446,0.4828501,0
0.3279919,0.48352528,1
0.38156268,0.49767956,1
0.2490038,0.47655165,0
0.27309912,0.47554383,0
0.25988784,0.4908601,0
0.27269414,0.4848213,0
0.33873147,0.48852992,0
0.3260524,0.48181486,1
0.26892698,0.46320543,0
0.21180078,0.4837292,0
0.26026928,0.47889003,0
0.18787114,0.46433344,0
0.28964615,0.473724,0
0.20695958,0.4813703,1
0.2879556,0.48136273,0
0.28645408,0.48372224,1
0.31494978,0.49251327,1
0.25566208,0.47907713,0
0.3320527,0.49476898,0
0.23708728,0.48457286,0
0.26904836,0.47836962,1
0.2657984,0.48591575,0
0.34083813,0.48824558,0
0.21224019,0.4846455,1
0.16435684,0.47015893,1
0.2700255,0.46570018,0
0.35639012,0.4855236,0
0.3159284,0.48015907,0
0.32942137,0.48545742,0
0.27608037,0.48394775,1
0.24346936,0.4699062,1
0.25287136,0.4687537,1
0.34619498,0.4736198,0
0.31411505,0.4785706,0
0.29576433,0.4728296,1
0.20685121,0.49536586,1
0.2692305,0.47653458,0
0.30996412,0.47862032,1
0.23578666,0.49013662,0
0.35278082,0.4816471,0
0.3698484,0.4843615,0
0.17973137,0.48440182,1
0.3004369,0.47862574,0
0.24990489,0.48271918,1
0.27220455,0.4707787,0
0.33182824,0.48013887,0
0.27782664,0.47863898,1
0.19597219,0.48437402,1
0.3001848,0.49643478,1
0.2510872,0.4828955,1
0.3043074,0.46726203,0
0.28812778,0.47282538,0
0.31194213,0.47634414,0
0.29410824,0.4864889,1
0.22923821,0.47051048,1
0.24794067,0.48782358,1
0.18696839,0.48059687,1
0.23710254,0.4840711,1
0.30327675,0.48448348,1
0.30634916,0.49002004,0
0.33824295,0.47475556,0
0.21385682,0.48191667,1
0.2774388,0.4771407,0
0.22511631,0.47302356,0
0.3133213,0.48521194,0
0.26698864,0.47706893,0
0.23681003,0.47860563,1
0.22012123,0.46895432,1
0.25534853,0.4853363,1
0.31995064,0.490339,1
0.26106322,0.48491916,0
0.2537232,0.47664204,0
0.285408,0.49230906,0
0.24534518,0.47679815,1
0.358173,0.47701493,0
0.30582067,0.49372676,0
0.2952322,0.49441716,1
0.37353754,0.4789232,0
0.19594234,0.46810934,1
0.3282414,0.47198892,0
0.22885934,0.49043334,1
0.21337497,0.4779588,1
0.2133524,0.48786473,1
0.21924599,0.47024438,0
0.32388955,0.49325693,1
0.2596845,0.47999167,1
0.275207,0.4802153,0
0.20705849,0.4824995,0
0.317046,0.48007885,1
0.22553833,0.47688255,1
0.3431717,0.47811094,0
0.32518935,0.4952195,1
0.284195,0.46142578,0
0.25569594,0.47888064,1
0.25998157,0.48116103,0
0.31727707,0.4912291,1
0.2303634,0.48848358,0
0.308259,0.48391524,0
0.21764068,0.48801646,1
0.20463946,0.45345095,0
0.28159177,0.48622552,1
0.18853332,0.47970554,0
0.3232793,0.48930657,1
0.30205587,0.48577538,1
0.3269698,0.47587606,1
0.2910397,0.47595033,1
0.3242119,0.49047685,1
0.31552836,0.49011803,1
0.36609846,0.4779086,0
0.37384254,0.47127926,0
0.25900808,0.46590486,0
0.24352786,0.4737418,0
0.2568469,0.4880108,1
0.34130293,0.48317313,0
0.29338938,0.4897569,1
0.3021178,0.4886105,1
0.16883321,0.48087302,1
0.2587859,0.4634774,0
0.3257561,0.47870314,0
0.3201756,0.47404185,0
0.20479627,0.47552252,1
0.22237396,0.4815503,0
0.24066003,0.48484933,0
0.31089577,0.4660327,0
0.30111533,0.5033341,1
0.2433655,0.47556734,1
0.39091557,0.4951154,1
0.26059967,0.484418,1
0.29876125,0.47838876,0
0.3208702,0.48098016,0
0.36150232,0.47994256,0
0.23713237,0.47262082,1
0.29005343,0.47720602,1
0.3046701,0.49288154,0
0.29631504,0.4751835,0
0.29957378,0.47464752,0
0.29434416,0.48771545,1
0.30928025,0.4909109,0
0.37088448,0.47421083,0
0.30303305,0.48479024,0
0.27210322,0.49171606,1
0.24889281,0.48723635,1
0.31952694,0.4814208,0
0.30713978,0.48091757,0
0.31803852,0.49124813,1
0.28918487,0.48020718,1
0.28973466,0.49289522,1
0.29442275,0.48300377,0
0.2592142,0.48226032,1
0.40636712,0.48451033,0
0.2978969,0.48579183,1
0.22984457,0.49161068,1
0.29070917,0.48464414,1
0.28477943,0.474911,0
0.25568208,0.47822082,1
0.28402668,0.47923565,0
0.28360942,0.48454723,0
0.29112336,0.48301068,0
0.1886321,0.48790038,0
0.29005438,0.4869813,1
0.25239813,0.48317692,0
0.13414437,0.4877403,1
0.24322306,0.48491183,1
0.28865886,0.4892973,0
0.34878203,0.4831057,0
0.27987477,0.48399463,1
0.18453015,0.4802176,1
0.27455524,0.49046072,1
0.24231786,0.4653689,0
0.28772956,0.47188357,0
0.2213185,0.47311226,0
0.29740497,0.45128217,0
0.2155945,0.48347244,1
0.26705736,0.46862903,0
0.26240373,0.47412983,0
0.22972128,0.4837109,0
0.3068746,0.4859132,0
0.24443433,0.47193804,0
0.25462508,0.49459615,1
0.2717653,0.5005019,1
0.2862947,0.48381963,0
0.19517876,0.46650782,1
0.25182244,0.48642635,0
0.23799564,0.4880614,0
0.26430258,0.47690988,0
0.2489547,0.48773694,1
0.33524618,0.48618126,1
0.30371583,0.48113596,0
0.25792956,0.48265305,0
0.23305714,0.48273674,1
0.24232963,0.4825956,0
0.29291362,0.485979,1
0.34655374,0.5051162,0
0.27871037,0.46171117,0
0.21566197,0.48958114,1
0.26300192,0.4764223,0
0.3076739,0.49100628,1
0.2713654,0.48440108,1
0.29400104,0.49047026,1
0.2536642,0.47317728,0
0.26419383,0.48295006,0
0.27192122,0.46518466,0
0.32663947,0.4826169,1
0.26150796,0.48216388,0
0.27477735,0.48626176,1
0.3793121,0.4817928,1
0.31715667,0.48102155,1
0.22169413,0.48507056,1
0.27267545,0.4735634,0
0.24623036,0.49271655,0
0.28066114,0.484591,0
0.29323724,0.46975616,0
0.2514425,0.4858404,0
0.259252,0.4703671,0
0.17492247,0.4809289,0
0.24290784,0.5000108,1
0.2797709,0.46729693,0
0.23538288,0.48259687,0
0.32457614,0.48621765,0
0.27494025,0.47389686,0
0.24763134,0.48059073,1
0.31946546,0.4879497,1
0.32185346,0.49540535,1
0.23672844,0.48386538,1
0.27850422,0.4768698,0
0.25444537,0.48123989,0
0.24181582,0.4844915,1
0.3263455,0.48640588,0
0.26994917,0.46195462,0
0.27752894,0.48253438,0
0.2928677,0.47761455,0
0.29533172,0.4703857,0
0.27634284,0.46797213,1
0.28360233,0.48287478,0
0.2680619,0.47696355,0
0.3361351,0.4709281,0
0.33852273,0.47360322,0
0.14299086,0.47268263,1
0.2912989,0.4795272,0
0.29437923,0.49533522,0
0.27246222,0.4831818,1
0.27578288,0.47597632,1
0.2678972,0.48551694,1
0.2580781,0.47184357,0
0.28248626,0.48686814,0
0.36188644,0.49555588,1
0.3213434,0.47315136,0
0.25296664,0.49243474,0
0.32862365,0.4879245,0
0.3283174,0.4676722,1
0.29885936,0.48649907,0
0.27185968,0.4796195,1
0.33897159,0.4788022,1
0.27922744,0.47878066,0
0.3123675,0.49268162,1
0.26357073,0.48580027,0
0.23722938,0.47116902,0
0.22727141,0.47678956,0
0.29199857,0.47202918,1
0.34096938,0.49872985,1
0.27330714,0.4816276,0
0.24049859,0.4869026,1
0.32700568,0.47752538,1
0.3563081,0.48054612,0
0.27385938,0.46594954,0
0.28830272,0.48188505,1
0.33532235,0.4661428,0
0.28543565,0.48678923,0
0.27020323,0.49403656,1
0.3201571,0.4677339,0
0.32117632,0.48964754,0
0.34075022,0.4710181,0
0.284756,0.49433485,1
0.3722549,0.50076485,1
0.3264249,0.49178886,1
0.29204744,0.47067478,0
0.22166243,0.47785297,1
0.32221258,0.48438814,1
0.29483432,0.49520078,1
0.29859573,0.48568237,0
0.27119213,0.49204448,1
0.33154774,0.48142794,0
0.35653126,0.47577456,0
0.27759063,0.47101262,0
0.25071055,0.49327037,1
0.19120097,0.4979608,1
0.32069695,0.4778529,0
0.25197166,0.48153546,1
0.39818537,0.49168035,0
0.31725636,0.4979783,1
0.25149566,0.4872017,0
0.30362394,0.48126066,0
0.21705282,0.486691,1
0.29350042,0.48716855,0
0.31839326,0.47672582,0
0.23916852,0.48265883,1
0.27581397,0.4766289,1
0.17707494,0.47034714,1
0.28427604,0.4753959,0
0.28258747,0.4858775,0
0.25812358,0.48888096,0
0.27222425,0.46704635,0
0.25958687,0.46371278,0
0.27964628,0.48499742,0
0.21380435,0.48352262,0
0.25590962,0.47978798,0
0.36959583,0.4830922,0
0.30448765,0.48769927,1
0.2765014,0.4757469,0
0.17357579,0.47494733,1
0.32870567,0.49964404,1
0.28578836,0.4893544,1
0.2788299,0.47127056,0
0.23835725,0.46745944,0
0.29326266,0.46979794,0
0.2745454,0.48756632,1
0.21158363,0.48699686,1
0.41255075,0.48845842,1
0.32422474,0.48145318,0
0.29137918,0.49819064,1
0.29433697,0.47506192,1
0.33589703,0.473588,1
0.29000255,0.4703982,1
0.25300848,0.48702654,1
0.22285387,0.46998262,0
0.34641105,0.4868023,1
0.3442566,0.4743998,0
0.29828262,0.4697599,0
0.32006568,0.49138507,1
0.26748163,0.4771988,1
0.36729822,0.4908394,1
0.33635652,0.49119487,1
0.3397511,0.47957012,0
0.3031796,0.48594236,1
0.2661466,0.47671852,0
0.25217107,0.4838752,0
0.21987468,0.50110704,1
0.20849556,0.4779688,1
0.23295078,0.4863946,1
0.20332986,0.47110367,1
0.30231404,0.48755848,1
0.33657163,0.48168567,0
0.3107495,0.48674107,1
0.30162805,0.4798142,0
0.30558524,0.48290834,0
0.30465955,0.48477748,0
0.25570846,0.47521782,0
0.24456063,0.48240605,0
0.3315117,0.48446426,1
0.31828037,0.48078075,1
0.21753536,0.4790636,1
0.33232158,0.48975563,1
0.30842826,0.4878337,1
0.22164166,0.48724902,0
0.28003865,0.4841787,1
0.32811427,0.4829888,1
0.30569947,0.48892316,0
0.28697902,0.47316512,0
0.24179623,0.48690775,1
0.33996916,0.49021778,0
0.2858186,0.48033008,0
0.31922618,0.48261818,0
0.30261916,0.48145524,0
0.30529016,0.4779279,1
0.2810404,0.47572485,1
0.2681248,0.48387995,0
0.32648608,0.47763607,0
0.31070334,0.46918336,0
0.2892192,0.48087943,0
0.31207192,0.49397874,0
0.23314422,0.46939814,0
0.34196603,0.49147287,1
0.29848945,0.48366213,1
0.20338255,0.4819797,1
0.33928615,0.4825414,0
0.28498134,0.4714793,0
0.24217613,0.47597122,0
0.29954875,0.49502555,1
0.26472485,0.47669062,1
0.31211692,0.4757755,0
0.20773378,0.49051285,1
0.3409646,0.48982325,1
0.30083355,0.48258984,1
0.29305765,0.4775112,0
0.24739105,0.48403063,1
0.33456784,0.47751656,0
0.2731322,0.49305058,0
0.23793095,0.47614706,1
0.2973339,0.48384556,0
0.2822227,0.48428378,1
0.23562598,0.4944133,1
0.25293502,0.48997292,1
0.31940934,0.48081926,0
0.24080053,0.4846859,1
0.26809406,0.47383693,0
0.31774893,0.47047213,0
0.3094834,0.47755432,0
0.23428282,0.4597735,0
0.24355459,0.48885986,0
0.323195,0.4869255,0
0.2579556,0.47709548,1
0.24926627,0.48021975,0
0.25181398,0.47661802,0
0.20048372,0.46776667,0
0.29648572,0.4879427,0
0.25844538,0.47366318,1
0.28731602,0.4816409,0
0.27707502,0.4751341,0
0.25351506,0.48368052,0
0.2869965,0.47783056,0
0.3375216,0.48206663,0
0.29878134,0.47514263,0
0.27164894,0.47094926,0
0.33241898,0.49520788,1
0.17132662,0.4758551,1
0.31698918,0.48463106,0
0.32508835,0.48968077,1
0.29834223,0.48636374,0
0.2737672,0.49239373,0
0.34015018,0.48689,0
0.26275635,0.4787693,1
0.23976079,0.49306393,1
0.25347078,0.49514866,1
0.34082705,0.4974554,1
0.22851159,0.47805652,1
0.355487,0.48311767,0
0.18980435,0.48120025,1
0.23717423,0.49204615,1
0.3387606,0.48664126,1
0.22770302,0.47748148,1
0.20150235,0.4717981,1
0.23988435,0.48395777,0
0.32754079,0.48092255,0
0.19985235,0.49122706,1
0.30788738,0.48558223,0
0.28108585,0.47616127,0
0.23871648,0.48908868,0
0.34129104,0.49146724,0
0.28439668,0.4872918,1
0.28820732,0.47749886,0
0.19614497,0.46649945,1
0.2755773,0.4771087,1
0.25909907,0.48058495,1
0.36697647,0.47634658,0
0.24636011,0.47221065,1
0.3269617,0.4845704,0
0.26707423,0.4861909,1
0.3281976,0.4880407,0
0.3305633,0.48248482,0
0.31917316,0.4825685,1
0.27894694,0.4801248,1
0.28657296,0.49140954,0
0.30640098,0.49825993,1
0.23532325,0.47485366,0
0.3604719,0.49620476,1
0.32017893,0.49030042,1
0.30239344,0.48456594,0
0.3205198,0.4834228,0
0.3003831,0.47671318,0
0.35832185,0.4889545,0
0.32618392,0.47919336,0
0.26120964,0.47197413,0
0.33649448,0.47354755,0
0.33263886,0.47734872,0
0.2916845,0.48781112,0
0.22103752,0.46908772,1
0.2818281,0.4757408,1
0.2460767,0.48142195,1
0.26469126,0.47799906,0
0.24721158,0.46863255,0
0.18121195,0.48304674,0
0.22031932,0.48089084,0
0.26931232,0.48022032,1
0.34692952,0.49594554,1
0.25551265,0.48515734,0
0.33383867,0.47435632,0
0.2005378,0.47360453,1
0.27175963,0.4852476,0
0.23050915,0.47900882,0
0.29348952,0.475368,1
0.30231726,0.5012155,1
0.32411903,0.48914313,1
0.29544193,0.4791629,0
0.337289,0.4913214,1
0.3122003,0.46894288,0
0.36137915,0.4831606,1
0.26117763,0.4927545,1
0.31557807,0.48287606,0
0.26121843,0.47555685,0
0.29661158,0.4778023,1
0.30597273,0.4964927,0
0.2989577,0.48131943,0
0.24920706,0.48118106,0
0.29015437,0.48665437,0
0.29080728,0.46983323,1
0.22561324,0.49135646,1
0.3514427,0.48328042,0
0.34431618,0.4872384,0
0.29624826,0.4756213,0
0.34839264,0.49537066,0
0.2879756,0.47787657,1
0.30518728,0.47708735,1
0.2650438,0.47794497,0
0.28529435,0.46360588,0
0.22216672,0.48764834,1
0.24764347,0.4827732,0
0.25408417,0.4790292,1
0.345424,0.48981944,1
0.3526801,0.48735955,0
0.25968957,0.47451663,0
0.23249242,0.49286303,1
0.21796083,0.47984564,0
0.29037794,0.48016772,1
0.23155269,0.4845945,1
0.14266826,0.48027265,0
0.30000642,0.4873717,0
0.32266596,0.49168512,1
0.26440668,0.4683418,0
0.31923503,0.47920617,0
0.32447308,0.47349334,1
0.30514383,0.46766448,0
0.25346428,0.49034014,0
0.2416656,0.47396263,0
0.23291889,0.4855913,1
0.2873543,0.47128546,0
0.30414066,0.468786,0
0.32733428,0.47653,0
0.2432768,0.47861525,1
0.19522537,0.48164657,0
0.2705109,0.474107,0
0.22469497,0.47433066,1
0.3217183,0.4764476,0
0.32804418,0.49447313,1
0.2598207,0.48434234,1
0.28034773,0.48043966,0
0.1947791,0.4761093,1
0.27676216,0.47504357,0
0.3006658,0.4895501,1
0.3122419,0.48186147,0
0.3003263,0.4854397,1
0.31077385,0.4797406,0
0.30565685,0.4927527,0
0.21244654,0.48238656,1
0.2697471,0.47835514,0
0.25299698,0.47998723,0
0.31389007,0.4814693,0
0.2663492,0.46678713,1
0.32841355,0.4768386,0
0.30225295,0.49156818,1
0.1842578,0.4881935,1
0.29957277,0.48589262,1
0.23026833,0.46505168,1
0.29205406,0.48278245,1
0.19777343,0.48232117,0
0.3012278,0.4857875,0
0.36643028,0.49358702,0
0.26263803,0.47757468,1
0.30516428,0.49122754,1
0.29398066,0.4831861,0
0.21476308,0.4845083,1
0.24234237,0.48633993,1
0.2245383,0.4829915,1
0.3621083,0.49397147,1
0.33470857,0.48421296,1
0.29080665,0.48942924,0
0.23757371,0.468251,0
0.31975448,0.48963818,0
0.33676672,0.4733807,1
0.25502273,0.47628883,0
0.2789275,0.48413396,1
0.31411558,0.488439,0
0.22966641,0.47919643,1
0.206496,0.47765565,1
0.31330004,0.4795486,1
0.31646806,0.49156937,1
0.23760375,0.48684,0
0.23474422,0.47693756,1
0.28793505,0.4956328,1
0.23922849,0.47993222,0
0.32088435,0.47798863,1
0.27218992,0.47441664,0
0.29903433,0.47340307,0
0.34819978,0.47402537,0
0.19058137,0.46868905,1
0.29278344,0.48605752,0
0.31300676,0.476464,0
0.21806082,0.47629145,0
0.29583275,0.48729563,1
0.27620602,0.46896994,1
0.305351,0.48118377,0
0.27997217,0.47943076,0
0.31386954,0.49212173,0
0.2734302,0.47092846,0
0.29369235,0.493415,1
0.32769728,0.49378678,0
0.25567263,0.49136463,1
0.2863782,0.48875204,1
0.32846284,0.49727026,1
0.2592576,0.48526248,1
0.27221185,0.47322705,1
0.16089869,0.47450885,1
0.26839513,0.4821625,0
0.31268936,0.4968094,0
0.2862544,0.48081878,1
0.29097527,0.47982088,1
0.18252802,0.49388313,0
0.31395426,0.49068984,1
0.25484535,0.4768001,0
0.29164934,0.48941898,1
0.25975817,0.48527703,0
0.26673877,0.4721531,0
0.22070459,0.48247585,1
0.21241704,0.47125682,1
0.29459867,0.4765347,1
0.31290305,0.49533772,0
0.35604015,0.4842964,0
0.16369373,0.48052216,1
0.34373897,0.4793087,0
0.30901012,0.4775605,0
0.23668295,0.46309292,1
0.35897946,0.4904745,0
0.27670103,0.4815301,0
0.31740233,0.4844451,0
0.28642324,0.48054418,0
0.30609235,0.4832116,1
0.23319326,0.48713788,1
0.29319715,0.48092607,0
0.23788102,0.4802282,1
0.30188727,0.4840649,0
0.34531403,0.4859459,1
0.2659947,0.4732499,1
0.19844882,0.47800148,1
0.27130035,0.49923643,1
0.2732698,0.47583175,0
0.3227241,0.47385606,0
0.22722295,0.47735858,0
0.21360198,0.48577666,1
0.28183675,0.4703709,0
0.27907246,0.4791042,0
0.27767104,0.48201093,0
0.24732676,0.4878056,1
0.2836336,0.47849306,0
0.33469418,0.48536322,1
0.24817333,0.47598553,0
0.29623216,0.47946337,0
0.30093595,0.4940059,1
0.28144124,0.47801328,1
0.29946622,0.48156714,0
0.32116655,0.49301827,0
0.32387465,0.49184933,0
0.21257254,0.48628578,1
0.3232249,0.49115244,0
0.27260298,0.49181557,1
0.27086374,0.49024653,1
0.24438749,0.48441684,0
0.26122385,0.4697372,0
0.3567778,0.48566714,1
0.23495692,0.4891849,1
0.30515832,0.47744632,1
0.21095611,0.47864714,1
0.3468185,0.4713091,1
0.31054658,0.47839153,0
0.22563085,0.4866661,0
0.29976547,0.4964656,1
0.32404974,0.47406593,0
0.24812424,0.47442952,0
0.29027495,0.47442973,0
0.267453,0.48609725,0
0.3428675,0.4893326,1
0.23677704,0.494801,1
0.31276554,0.48653755,0
0.343211,0.48919097,1
0.23630701,0.49774042,1
0.28082764,0.49408078,0
0.24155241,0.47384536,1
0.22125605,0.48457125,0
0.26752308,0.4785943,1
0.3150289,0.48027268,1
0.3586213,0.49295667,0
0.23763123,0.47615263,1
0.2542135,0.46485662,0
0.3655429,0.48504624,0
0.31726933,0.4823673,1
0.30531773,0.4873685,0
0.2066913,0.49001583,0
0.2746985,0.4915435,0
0.20983429,0.47497535,1
0.28418043,0.4901739,0
0.30664173,0.4832591,0
0.2924192,0.48566738,1
0.23074043,0.48746243,1
0.21338448,0.48919392,1
0.22140723,0.4665936,0
0.3626014,0.48385134,1
0.2209743,0.4659547,1
0.24688399,0.47421864,1
0.20897081,0.48843396,1
0.29136753,0.49238023,0
0.27373856,0.46991113,0
0.3385275,0.47170046,1
0.26940724,0.47720596,0
0.28355923,0.48223385,0
0.27400154,0.47834012,0
0.27099985,0.48358038,1
0.2231602,0.48832092,1
0.32992038,0.47569332,0
0.3153992,0.49274206,1
0.32748136,0.48720053,1
0.29264587,0.4727476,0
0.32213742,0.4762635,0
0.26031142,0.4897021,0
0.27947685,0.47400117,0
0.3053526,0.48213735,0
0.23733017,0.49364987,1
0.3574608,0.49002472,0
0.24837753,0.49820256,1
0.2967679,0.47281286,0
0.3379848,0.49866354,1
0.24688208,0.47138023,0
0.310682,0.49713722,1
0.2943842,0.47368023,0
0.2792887,0.49179125,1
0.30037394,0.48585847,0
0.31597823,0.47928444,0
0.29073805,0.4730799,0
0.31699073,0.49617568,0
0.2645977,0.4738599,0
0.23429549,0.47497475,1
0.3438029,0.47738194,0
0.2949634,0.47618878,0
0.31269115,0.4864111,1
0.23531908,0.48087108,0
0.26203763,0.47284105,1
0.33678997,0.49496552,1
0.3274752,0.48818544,0
0.26811945,0.4775406,0
0.26462817,0.49581897,1
0.29524815,0.48720574,0
0.37798446,0.47410223,0
0.30006176,0.49429676,0
0.2753371,0.48707458,0
0.29163313,0.4890978,1
0.26481777,0.4871584,0
0.2521347,0.47972104,1
0.26460052,0.4834131,0
0.2709232,0.47954378,1
0.282674,0.48842975,1
0.31028932,0.49147305,1
0.26912987,0.48822188,0
0.26217863,0.47975016,0
0.275066,0.4798721,0
0.31624246,0.48135862,0
0.3082235,0.48618665,0
0.3147321,0.4848646,0
0.312173,0.48619458,0
0.33277526,0.49198353,0
0.28200704,0.48268294,0
0.32488775,0.49502787,0
0.30580795,0.48553082,0
0.25675684,0.47514462,1
0.26310575,0.48914084,1
0.2933209,0.4744703,0
0.26607955,0.48913166,1
0.3220694,0.48346487,0
0.29351422,0.47093448,1
0.19923615,0.48542103,1
0.2596219,0.4787747,1
0.36000544,0.49048677,1
0.31106865,0.47710285,0
0.23832448,0.47021553,1
0.30483446,0.48779738,0
0.31562498,0.4770286,0
0.31621864,0.48855045,0
0.17651138,0.47396764,0
0.28621894,0.47906744,0
0.24237199,0.48209214,1
0.3372613,0.4998635,1
0.40535456,0.49110854,1
0.2710868,0.4862087,1
0.2526097,0.47018552,0
0.30956873,0.47380158,1
0.23106134,0.4849476,1
0.24727473,0.4903202,0
0.21259487,0.47973207,1
0.25705948,0.4906415,1
0.25927714,0.49025798,1
0.36813062,0.49188742,1
0.3116463,0.4883542,0
0.29008594,0.4764659,0
0.30996045,0.4744743,0
0.2633389,0.49497485,1
0.22608799,0.48992443,1
0.34594113,0.48757935,0
0.22124189,0.46366453,0
0.25190738,0.47064498,1
0.30874792,0.4694847,0
0.32973355,0.48256603,0
0.22867845,0.46190795,1
0.3748181,0.4897175,1
0.31799525,0.48802337,1
0.29030612,0.4901354,0
0.3383788,0.4872236,0
0.29608196,0.4878262,0
0.27225554,0.49516353,0
0.22825819,0.48237625,0
0.27748287,0.48444748,0
0.30184376,0.479638,0
0.32243055,0.4870962,0
0.29857966,0.48268119,0
0.2553293,0.47910514,0
0.24246258,0.48152566,0
0.32299975,0.4974041,0
0.3594998,0.4734244,1
0.2631148,0.48171687,0
0.305651,0.48165873,1
0.31080312,0.48329666,1
0.27140033,0.4680747,0
0.35136637,0.48548576,1
0.3189487,0.48929358,1
0.26188064,0.4975975,1
0.32586777,0.48654494,1
0.25223744,0.4762484,0
0.30154413,0.4891471,1
0.2555262,0.49062765,1
0.2889611,0.48838964,1
0.30321985,0.47923616,1
0.21460532,0.4697633,1
0.27436876,0.47711205,0
0.24156126,0.48439825,0
0.2151383,0.46214256,1
0.34300143,0.46631145,0
0.3093195,0.4792678,0
0.33750233,0.47657633,0
0.31892297,0.48756424,1
0.28224558,0.46873066,0
0.2963526,0.48282233,0
0.3006652,0.48563018,1
0.25557935,0.48798525,1
0.3072008,0.48835292,0
0.3189044,0.46736798,0
0.2710228,0.48321345,1
0.30578256,0.4824202,0
0.26674378,0.47608256,0
0.20248818,0.48377678,1
0.36538953,0.4801507,0
0.29477125,0.48873222,1
0.30999184,0.47855678,1
0.24564649,0.4720808,1
0.3134489,0.49018237,1
0.30796105,0.4900376,0
0.2880556,0.48189092,1
0.2595268,0.48284462,0
0.3478371,0.49117985,0
0.21984443,0.47604236,0
0.34227243,0.48484626,0
0.1579484,0.47377992,1
0.31173527,0.47984192,0
0.2905115,0.49128008,0
0.2710537,0.49743414,1
0.2232257,0.4758655,0
0.27434698,0.48044768,0
0.27771288,0.49400017,0
0.24159007,0.4849005,1
0.24734823,0.46904984,0
0.27548033,0.47735032,0
0.30136937,0.47900346,0
0.2547748,0.48361325,1
0.198724,0.47467756,1
0.35100576,0.48358497,0
0.35022888,0.50243306,1
0.26234913,0.48021212,0
0.29132393,0.48906124,0
0.292404,0.4789046,0
0.26129127,0.49077606,1
0.26846737,0.46382084,0
0.31082833,0.48472545,0
0.16531351,0.48987028,0
0.27858114,0.48431513,1
0.34567532,0.48645613,1
0.27260688,0.48242664,1
0.17957135,0.47963533,1
0.31250557,0.48485866,0
0.25811625,0.4828308,0
0.2899145,0.48099282,0
0.3283537,0.4864223,0
0.298724,0.4641992,0
0.25406092,0.48951045,0
0.28187066,0.47893617,0
0.3342981,0.48270452,0
0.23674509,0.46668985,0
0.20388453,0.48066834,0
0.19723427,0.4684484,0
0.3074354,0.4773399,0
0.24545571,0.4837656,1
0.2717899,0.48974022,1
0.3554263,0.49508142,0
0.32202294,0.48186132,0
0.304294,0.50034076,1
0.297714,0.48027018,0
0.29800403,0.4820312,1
0.3112718,0.48894,0
0.21645167,0.47317696,1
0.28650904,0.47707614,0
0.25570232,0.4845967,1
0.24543285,0.48285446,0
0.30895925,0.46502042,0
0.26103848,0.49443305,0
0.3751377,0.4918337,1
0.22766633,0.48478112,1
0.2346202,0.4945458,1
0.29213884,0.4763553,0
0.2662331,0.4752251,0
0.25204086,0.48034608,0
0.2770869,0.48696437,0
0.25678858,0.48565438,1
0.2537227,0.48886025,0
0.27090204,0.48441955,1
0.28099,0.4851826,1
0.23233163,0.47039667,0
0.3225282,0.50006646,1
0.29688495,0.47391164,1
0.29486483,0.4813513,1
0.3393596,0.48107705,0
0.30268958,0.48169255,0
0.23268235,0.47905597,0
0.30452532,0.4850516,1
0.27883834,0.4882338,1
0.20657939,0.4747441,0
0.34042537,0.46992362,0
0.33375457,0.46420917,0
0.2501965,0.4718155,0
0.32312542,0.4886626,0
0.22733209,0.4754866,0
0.37133753,0.4739804,0
0.24676827,0.49515533,1
0.32128358,0.47323427,0
0.35107106,0.47536254,0
0.32503253,0.47648525,0
0.32132196,0.49159408,1
0.29940313,0.48812196,0
0.30922258,0.48251757,1
0.29728952,0.4821756,0
0.23938826,0.48742235,0
0.29101193,0.47511983,0
0.15293981,0.48412156,0
0.20141429,0.48266646,1
0.32778233,0.47945818,0
0.28170198,0.46411785,0
0.35751262,0.49556652,0
0.34877855,0.4927611,1
0.28488135,0.47054374,1
0.2896377,0.46812248,0
0.26229373,0.49418747,0
0.2968018,0.46951202,0
0.2386357,0.4915463,1
0.2932681,0.48566684,0
0.36758143,0.4950613,1
0.24543592,0.47804198,1
0.22835743,0.4716983,0
0.2846375,0.49671197,0
0.39585012,0.4828582,0
0.22732852,0.48441613,1
0.2735415,0.48235765,0
0.28534842,0.47467896,0
0.295758,0.47447848,0
0.367247,0.50049967,1
0.29864383,0.47838023,1
0.33650622,0.4905236,1
0.31650394,0.4960452,1
0.3602262,0.498315,0
0.28003192,0.48109022,1
0.23209894,0.46902522,1
0.2651317,0.4816289,0
0.37684387,0.480885,0
0.26965392,0.46606377,1
0.30132374,0.47552288,0
0.31929803,0.4829053,0
0.25637305,0.4862361,1
0.32791597,0.47870708,0
0.25511134,0.48438132,1
0.3052623,0.48016596,0
0.27933195,0.4827455,1
0.23588923,0.46802732,1
0.27530488,0.46506825,0
0.3422317,0.49903926,1
0.2784137,0.47562304,0
0.25850317,0.47239447,0
0.31564054,0.47870553,1
0.22884685,0.46347153,0
0.2635586,0.48572186,0
0.2987926,0.4853557,1
0.3144487,0.4897326,1
0.28462783,0.47710094,0
0.33370125,0.48430872,0
0.27809933,0.47647643,0
0.31530207,0.48806605,0
0.29122996,0.49832106,1
0.3272973,0.4719355,0
0.18669245,0.47362137,1
0.24313119,0.48851332,0
0.31003574,0.47628585,1
0.27808905,0.4696909,1
0.23656985,0.4708486,1
0.26100448,0.4810644,0
0.33525082,0.49568704,1
0.23660822,0.48542285,0
0.22079006,0.47693762,1
0.30678344,0.49226627,0
0.3188558,0.4794697,1
0.22239596,0.47696796,1
0.24778144,0.48107097,0
0.264076,0.4918039,1
0.24384287,0.47176003,1
0.23837852,0.4733276,1
0.25455618,0.47708297,0
0.21346278,0.48988125,1
0.24250141,0.47790697,0
0.31851667,0.4853836,0
0.28299946,0.47207308,1
0.2994163,0.48780087,1
0.2857129,0.48794985,0
0.27326137,0.4814165,0
0.25749156,0.48245397,0
0.320496,0.49588278,1
0.27027202,0.481243,1
0.22791782,0.49670327,1
0.33617726,0.48030925,0
0.3012124,0.47738695,0
0.25589553,0.48103276,0
0.33432037,0.4854362,1
0.35133004,0.4859155,1
0.28957456,0.4710703,0
0.20562153,0.48390138,1
0.30759066,0.48566985,0
0.30690718,0.4767115,0
0.31017166,0.47302613,0
0.31972367,0.48167562,0
0.16538262,0.473092,1
0.316648,0.4805813,1
0.2826472,0.47290346,0
0.27999833,0.4777054,0
0.3347187,0.48083532,0
0.35717148,0.48354807,1
0.34207404,0.47832426,1
0.30005193,0.475533,0
0.27691326,0.47553715,1
0.29898342,0.47271928,0
0.29937643,0.49548173,0
0.31433004,0.48404965,0
0.25867164,0.47266415,1
0.26494157,0.47589377,0
0.21078715,0.47211167,0
0.27342552,0.48038378,0
0.2901352,0.4745468,0
0.28863886,0.48706612,1
0.22750594,0.47191036,1
0.31910825,0.49349788,0
0.2861749,0.48377624,0
0.21474549,0.47835967,0
0.2971722,0.48965144,1
0.20458375,0.47601548,1
0.33318037,0.48835945,0
0.2935958,0.4916217,1
0.26247257,0.48212507,1
0.33246604,0.4903902,1
0.27666667,0.47319582,0
0.24791788,0.4788114,0
0.24536428,0.48779723,1
0.30546492,0.48891464,0
0.25393575,0.47759613,0
0.19998327,0.47683072,0
0.25074393,0.48031938,0
0.26038274,0.4678713,1
0.32015714,0.47441888,0
0.31851745,0.47293106,0
0.3260666,0.48474988,1
0.31825173,0.47428083,0
0.24415332,0.4722409,0
0.28086558,0.4717526,0
0.25901842,0.47921786,0
0.2575051,0.47954515,0
0.33346945,0.48725066,0
0.31063157,0.47539887,0
0.28775698,0.47007355,0
0.31657955,0.49390566,1
0.35064828,0.48982203,1
0.23559186,0.47990716,0
0.2588802,0.48758397,0
0.31059384,0.483812,0
0.12312115,0.48333356,1
0.25127155,0.48546967,1
0.32665014,0.4801604,0
0.35570997,0.47646907,0
0.29434183,0.48425093,0
0.28882027,0.48011425,0
0.30019236,0.48700237,0
0.21197297,0.47816432,0
0.3125502,0.47955036,0
0.30385828,0.4741648,0
0.25188226,0.48260513,0
0.25929534,0.48748115,0
0.27314532,0.47038475,0
0.26777205,0.47255886,0
0.28394035,0.4801766,1
0.28005952,0.4820758,0
0.28712246,0.48276064,1
0.3583594,0.4955381,0
0.33100277,0.49870715,1
0.2264987,0.48934558,0
0.2567556,0.46763656,0
0.28457862,0.48427185,0
0.32813412,0.48368862,0
0.25397214,0.48263988,0
0.27082306,0.47783926,1
0.32668763,0.4891766,0
0.31097367,0.48909435,0
0.22577778,0.479889,0
0.29647776,0.46638632,1
0.2402751,0.4726512,0
0.28326583,0.46792403,0
0.31859392,0.49050835,0
0.26570866,0.4766182,1
0.28116897,0.47091332,0
0.24712455,0.46659732,0
0.19670556,0.49337605,1
0.31654304,0.47689137,0
0.33842477,0.47219667,1
0.28193223,0.49224564,0
0.27162367,0.47484174,0
0.3217466,0.48606768,0
0.32803535,0.48138502,0
0.24264458,0.48170424,1
0.330327,0.47722962,0
0.24159282,0.4787166,0
0.2767582,0.47333172,0
0.2948426,0.47810054,1
0.29425013,0.47932664,0
0.19818345,0.4921819,1
0.28171322,0.48123002,0
0.29416782,0.48394743,1
0.34814608,0.47988835,1
0.20887284,0.48259637,0
0.29924673,0.47957957,0
0.31271082,0.46639833,0
0.281028,0.46998122,0
0.26628667,0.48766628,0
0.34909403,0.4795111,0
0.28150955,0.47623777,1
0.29719216,0.4709742,0
0.24786653,0.48007378,0
0.33417177,0.4846382,0
0.27280593,0.48541856,1
0.30856788,0.4817125,0
0.24708907,0.4947263,1
0.30584064,0.47993985,0
0.3110854,0.46912304,0
0.34450555,0.47058555,0
0.2685566,0.47821757,1
0.24370724,0.4897749,0
0.24373496,0.486308,0
0.29092115,0.49430713,0
0.26421946,0.48615682,1
0.27652705,0.47973314,1
0.32420066,0.47556484,0
0.282228,0.4754546,1
0.32997203,0.48467615,0
0.16871858,0.4739484,1
0.30508143,0.4809228,0
0.33291006,0.4788368,0
0.34133562,0.47831973,0
0.34071267,0.4970716,1
0.29017,0.4870627,0
0.2941789,0.48121944,0
0.23635596,0.48607635,1
0.2690793,0.47748038,1
0.23943964,0.47857678,0
0.317386,0.48852324,1
0.32552972,0.48925018,1
0.20449832,0.48929074,0
0.2521249,0.48855534,1
0.33421618,0.4734385,0
0.37965757,0.4803234,0
0.28554645,0.48407117,1
0.3109594,0.46417007,0
0.30135578,0.48716775,0
0.2875524,0.48543525,0
0.27351254,0.4849185,1
0.29534698,0.48514906,0
0.32909015,0.49172986,1
0.2717434,0.4672568,0
0.13705754,0.4656422,0
0.23715183,0.47128752,1
0.19094363,0.4831729,0
0.28683108,0.47590718,0
0.33891422,0.48484406,0
0.22883852,0.4772271,0
0.29762277,0.4753069,0
0.23613727,0.47818792,0
0.2347664,0.48198473,0
0.21968994,0.47870323,0
0.30302832,0.47921562,0
0.2793225,0.47647038,0
0.2520861,0.49456775,1
0.24710867,0.47760502,0
0.24186715,0.4880592,0
0.34507722,0.48949146,0
0.33781737,0.482818,0
0.24096999,0.46997073,0
0.24780297,0.48082063,0
0.31948555,0.4817617,0
0.3421436,0.479491,0
0.2313694,0.47213742,0
0.23291916,0.48765397,1
0.30238026,0.4795227,1
0.2213977,0.48890916,1
0.318201,0.4850634,1
0.30121177,0.48830262,1
0.24079916,0.4850992,1
0.2888402,0.47694016,0
0.30888972,0.47993478,0
0.29525244,0.4811007,0
0.20280181,0.48336366,1
0.24933982,0.47169098,0
0.29726374,0.49519813,0
0.20467763,0.48055705,1
0.2760503,0.48679045,0
0.27110636,0.48138937,0
0.3653062,0.47677234,1
0.2981973,0.47674844,0
0.2353093,0.47552815,0
0.337071,0.48116848,0
0.28215832,0.490703,1
0.33506566,0.48169723,0
0.3406722,0.4717385,0
0.2745836,0.46868423,0
0.30706632,0.49599114,0
0.20239896,0.48664486,1
0.27584875,0.4990877,1
0.32919472,0.4746832,1
0.25416067,0.47807893,0
0.24022368,0.4860737,1
0.23032522,0.48818135,0
0.28077832,0.47837648,0
0.25502753,0.48407415,0
0.3149144,0.4853989,1
0.27201426,0.47951996,1
0.28720063,0.4705154,0
0.1983521,0.4897796,0
0.357452,0.4915556,0
0.17916948,0.4819077,0
0.34519124,0.48399207,0
0.31314564,0.47960436,0
0.29997182,0.49079323,0
0.22150087,0.50546616,1
0.26981485,0.48340204,0
0.32066762,0.48403943,0
0.30802262,0.48389554,1
0.39890575,0.48810875,0
0.26618987,0.48684296,1
0.35361415,0.47876063,0
0.27944243,0.49339446,1
0.23497565,0.4779707,1
0.20580322,0.48060498,0
0.28951514,0.47614232,0
0.21867675,0.47198677,1
0.29801622,0.48754272,0
0.22509906,0.48705733,1
0.2617349,0.48127422,1
0.343094,0.50003123,0
0.26508752,0.48031914,0
0.28388757,0.46847284,0
0.2380312,0.48196873,1
0.26722234,0.48501047,0
0.3617275,0.48414686,0
0.27186024,0.47680792,0
0.22047347,0.48636618,1
0.3536963,0.48915556,0
0.31640357,0.48548126,0
0.2817047,0.48520288,0
0.23891643,0.48797333,1
0.27350968,0.46722603,0
0.3030394,0.48650816,0
0.2780497,0.47783422,0
0.31980902,0.47456196,0
0.28918892,0.48081532,0
0.334849,0.4863256,1
0.26353842,0.48024353,1
0.29835021,0.48399878,1
0.23234151,0.4722946,0
0.26172376,0.47822642,0
0.2754483,0.48162532,0
0.28564984,0.47465667,0
0.23470959,0.4903256,1
0.2673667,0.47871742,0
0.23309699,0.4967805,1
0.30918968,0.49240565,0
0.2617997,0.47601166,0
0.28491235,0.49096695,0
0.23571017,0.48705125,0
0.30696863,0.4730258,0
0.28413212,0.46917328,1
0.29822809,0.48030022,0
0.23057544,0.47137073,0
0.34520078,0.482474,0
0.2607396,0.48409608,1
0.32147992,0.47716057,0
0.3744279,0.49592772,0
0.3290305,0.48853207,1
0.26062196,0.47202763,0
0.23318383,0.46870947,0
0.23784825,0.47074294,0
0.2483391,0.49385986,1
0.26445007,0.48378232,1
0.3161944,0.48363912,0
0.3206337,0.48280135,0
0.334777,0.46853235,0
0.2047893,0.47611335,1
0.31526107,0.4663402,0
0.3154096,0.49589983,0
0.2733883,0.49559674,1
0.31052154,0.4796469,1
0.15772183,0.47158062,0
0.2997258,0.47443095,0
0.27005988,0.48420691,1
0.24637547,0.482288,1
0.26454294,0.4736013,0
0.3350618,0.49126342,0
0.27089784,0.48619106,1
0.34321934,0.4941492,1
0.2457097,0.47083512,0
0.2974738,0.48815322,1
0.30886737,0.4905889,0
0.2404108,0.47216323,0
0.31780133,0.48154822,0
0.26345637,0.48356375,0
0.3770107,0.50115937,1
0.28284973,0.47872034,0
0.29585165,0.478876,0
0.2933614,0.49024615,1
0.3245874,0.4866266,1
0.34967873,0.48953667,1
0.25594085,0.48802435,1
0.2931122,0.47986126,0
0.30852908,0.49209747,0
0.34362358,0.4810135,0
0.3169896,0.47652042,0
0.2215619,0.4839802,0
0.3454986,0.48810366,0
0.33777195,0.48399207,0
0.22570574,0.48179314,1
0.2304883,0.46297464,0
0.3418222,0.485178,0
0.27122593,0.4730302,0
0.28660017,0.48022887,1
0.27802536,0.48913822,1
0.27208522,0.47988704,0
0.27965236,0.4723779,0
0.27016324,0.46721718,0
0.32953745,0.4834372,0
0.2511711,0.4731499,0
0.34586924,0.47685972,0
0.20542756,0.47031224,1
0.2828614,0.49254575,0
0.28436196,0.4743959,0
0.20589754,0.48258436,1
0.26541966,0.48777363,1
0.29210865,0.48702177,1
0.31208906,0.4923683,1
0.24977067,0.48605803,1
0.3100024,0.47682345,0
0.3447717,0.48581555,0
0.22610717,0.46990132,0
0.3459273,0.48552385,0
0.25995708,0.49462762,0
0.32288402,0.47709846,0
0.2594144,0.4713979,1
0.30071986,0.48271164,0
0.24596693,0.4810953,1
0.3056316,0.47762862,1
0.28609198,0.4884708,0
0.30126318,0.47602436,0
0.3212229,0.47526336,0
0.288324,0.4729463,0
0.24692838,0.47228423,0
0.26972914,0.4792775,0
0.28646156,0.49755847,0
0.20330074,0.479311,1
0.2629019,0.47869954,0
0.20680651,0.48354685,1
0.17224446,0.4842088,1
0.28239447,0.47955218,1
0.3407445,0.487569,0
0.30273217,0.4900774,0
0.33093715,0.48550823,1
0.29750186,0.48242092,0
0.23787095,0.48295352,0
0.28114918,0.46967578,0
0.35377392,0.47551334,0
0.2812215,0.48029363,0
0.29376978,0.48672423,0
0.28473678,0.478223,0
0.26174635,0.47655186,0
0.31039006,0.4844376,0
0.3590933,0.4955497,0
0.29528075,0.4917624,0
0.22889197,0.49046326,0
0.22654006,0.47052827,0
0.23321137,0.47104755,0
0.3312816,0.47451624,0
0.30758402,0.47613275,1
0.277611,0.48280847,0
0.32392043,0.49406648,0
0.28682777,0.47953418,0
0.33633456,0.46926877,1
0.26679003,0.4823741,0
0.34968945,0.48031616,0
0.23104022,0.48275158,0
0.2289367,0.46885538,0
0.3269639,0.48826262,1
0.30482978,0.4829587,0
0.23716862,0.47938454,0
0.27927193,0.48306632,0
0.3564651,0.47946003,0
0.26461232,0.4753449,1
0.30788618,0.48771206,0
0.3053249,0.5004323,1
0.2993538,0.49201432,1
0.28191063,0.47644463,0
0.28497902,0.4779974,1
0.2930185,0.4814966,0
0.34218848,0.49036428,0
0.32444364,0.47641537,1
0.2110675,0.46997777,1
0.31520733,0.46926212,0
0.25334144,0.47745702,0
0.31746417,0.4907354,0
0.23839065,0.48530424,0
0.33495808,0.46569836,0
0.2934993,0.48535988,0
0.29924336,0.4810228,0
0.34491435,0.46894088,0
0.2695532,0.47725084,1
0.24285513,0.47162738,0
0.21417098,0.47287586,0
0.32145083,0.49193314,1
0.3461063,0.4799261,1
0.266919,0.4842069,0
0.31778768,0.4986538,0
0.23918056,0.4634582,0
0.2276403,0.48433876,1
0.24224505,0.49186143,1
0.29587016,0.47492155,1
0.30566242,0.49072862,1
0.31384498,0.47153497,0
0.25967753,0.47894427,1
0.30174384,0.49040103,1
0.34754252,0.49189225,0
0.30037898,0.48316774,1
0.3288184,0.48982087,1
0.26630569,0.4802592,1
0.29974872,0.49005866,0
0.34778908,0.49074242,1
0.20391947,0.47383562,1
0.2726634,0.4765147,1
0.30444953,0.4807808,0
0.24093358,0.485593,1
0.3065883,0.4845142,1
0.32526207,0.48398468,1
0.26599285,0.48749945,0
0.23527353,0.48245612,1
0.27495083,0.47672236,0
0.309103,0.4760057,0
0.3049179,0.48985887,1
0.29810712,0.48522785,0
0.28767407,0.47934386,0
0.29843426,0.49342263,0
0.19611642,0.47777548,0
0.30504727,0.48830602,1
0.3369524,0.4840831,0
0.2653162,0.48416424,1
0.34049863,0.47664872,0
0.31649458,0.48392048,0
0.31265482,0.48041788,0
0.25772935,0.47943318,0
0.3072086,0.4848971,0
0.33332974,0.4902389,0
0.28363454,0.48022738,0
0.328181,0.46573773,0
0.2857415,0.475063,0
0.2838831,0.4658663,0
0.29072392,0.4760294,1
0.22189988,0.49209252,0
0.20115876,0.48142552,0
0.2382365,0.47460887,0
0.2816198,0.4822704,0
0.25809672,0.48634243,1
0.17981455,0.4790244,0
0.23427507,0.4829391,1
0.23501721,0.46902394,0
0.20022394,0.48006842,1
0.25900018,0.49203756,0
0.33576077,0.48724303,0
0.26210982,0.4929587,1
0.19069266,0.47770587,0
0.30522645,0.466776,0
0.31374803,0.47903875,0
0.30028087,0.48731884,0
0.30072147,0.4806633,1
0.32006848,0.47767007,1
0.30810714,0.47812173,0
0.30642673,0.4810576,1
0.27089977,0.49345937,1
0.33086294,0.48021808,1
0.333714,0.48760328,1
0.25326693,0.48052874,1
0.30372262,0.4778948,0
0.31883937,0.4769081,0
0.36799228,0.48929325,0
0.31390986,0.4911027,1
0.29877222,0.48768392,1
0.30142492,0.48239994,0
0.24827963,0.48493934,0
0.27343982,0.48968807,0
0.3134628,0.49053335,1
0.24543491,0.4825835,1
0.23127268,0.48133782,1
0.2129251,0.48032525,0
0.25321245,0.48071465,0
0.29460436,0.47466993,0
0.286661,0.4703529,1
0.24236435,0.49746063,1
0.20096533,0.48275337,1
0.28385314,0.48432168,1
0.32688487,0.4912592,1
0.30670196,0.4777588,0
0.30680484,0.48458108,0
0.24470162,0.46699223,0
0.2974457,0.47833267,1
0.30648613,0.4857677,0
0.25272778,0.48776254,1
0.31719232,0.4828728,1
0.20694366,0.4725139,1
0.33777344,0.47700784,0
0.28251022,0.4707136,0
0.26756144,0.4779463,0
0.27714515,0.47382697,0
0.2612474,0.46502838,1
0.3589025,0.4862109,1
0.3292784,0.47342953,0
0.34211522,0.49199334,0
0.27070516,0.48077807,1
0.33109745,0.49225816,0
0.21353407,0.47354817,0
0.2097976,0.48646936,1
0.28827512,0.4725752,1
0.22872105,0.4791057,0
0.2468333,0.48446202,0
0.23619309,0.47226834,0
0.27216214,0.49423933,1
0.3140299,0.48070446,0
0.30092743,0.4859128,1
0.27426952,0.4803585,1
0.25724918,0.49056855,1
0.29389215,0.4743073,0
0.25213072,0.47696912,1
0.29453772,0.46919227,0
0.2612993,0.4824147,0
0.3348294,0.4848877,0
0.2936685,0.47847262,0
0.20559369,0.4843502,1
0.24351391,0.49377438,1
0.31747314,0.48369536,0
0.30547538,0.47158894,0
0.21105345,0.48671973,0
0.32452607,0.4822615,0
0.28401887,0.48928082,1
0.3266958,0.49144092,1
0.28394502,0.48265123,0
0.2733556,0.4974489,1
0.23436637,0.48242232,1
0.2925037,0.49212268,1
0.23706526,0.4913602,1
0.31759733,0.48943707,0
0.25312793,0.48508003,0
0.325006,0.47967458,0
0.29508546,0.48706523,0
0.32110965,0.48078573,0
0.27925473,0.48656264,0
0.28902835,0.47522727,0
0.3307839,0.4788419,0
0.30535632,0.4777317,0
0.32708812,0.47728443,0
0.2946871,0.48620978,0
0.17022341,0.48159504,0
0.22831354,0.48869196,1
0.27222812,0.49488965,0
0.3175658,0.4847162,1
0.33469385,0.49084446,1
0.33366203,0.4892397,0
0.25380287,0.48363137,1
0.27489388,0.47510576,0
0.27641144,0.47359845,0
0.3090198,0.49219492,0
0.3193794,0.4845374,1
0.2127262,0.47017443,0
0.26806086,0.48605868,1
0.31613857,0.48093757,0
0.31018758,0.49662867,1
0.18814442,0.48333946,1
0.19423255,0.46704733,1
0.2572686,0.4877776,0
0.25382408,0.47385255,0
0.22606118,0.47412696,1
0.27412218,0.487453,0
0.26975012,0.4747336,0
0.31182003,0.47259888,1
0.3502708,0.48241118,0
0.2585694,0.46564767,0
0.22568747,0.47337568,0
0.3649571,0.4782754,1
0.279352,0.48485634,1
0.3434022,0.47550356,0
0.24238762,0.48329136,1
0.31001967,0.4864745,1
0.28763092,0.47937843,0
0.29728,0.48174343,0
0.23655632,0.49015668,1
0.26685184,0.4815481,0
0.34086007,0.47414914,0
0.21398306,0.4734806,0
0.3214374,0.48412648,1
0.29227188,0.48374748,0
0.3314736,0.48559734,0
0.3156392,0.48887277,0
0.25333783,0.47408447,0
0.29797107,0.48769537,1
0.26123545,0.47480175,0
0.32102543,0.47836983,0
0.29155764,0.48929104,0
0.22696222,0.4764094,1
0.28310943,0.49315676,1
0.3362822,0.47695652,1
0.233989,0.48851117,1
0.19547352,0.4761074,1
0.24644071,0.45481133,0
0.24845727,0.4697332,0
0.2932049,0.48467287,0
0.29670152,0.47414505,1
0.35220653,0.49489102,1
0.15082085,0.48682985,1
0.2889973,0.48745385,0
0.29315946,0.47425723,0
0.24753885,0.4764339,0
0.30779123,0.48104024,0
0.25007895,0.48330915,1
0.21044868,0.47960258,0
0.284223,0.47882903,0
0.2600793,0.47336125,0
0.24016094,0.48681462,0
0.294881,0.4747385,0
0.31241488,0.47165003,0
0.30533007,0.47194266,1
0.3073414,0.47569337,0
0.27918658,0.49036828,1
0.3088456,0.48670778,0
0.29144,0.48514304,0
0.24747524,0.47257936,0
0.2569575,0.49627098,0
0.32688978,0.47107482,0
0.25003928,0.47522923,1
0.31478754,0.47653982,0
0.31762084,0.47735715,0
0.24230723,0.48590207,1
0.26829123,0.46701196,0
0.30964506,0.4821906,0
0.14018987,0.47976527,1
0.34825757,0.48666033,1
0.35818097,0.49839416,0
0.30027226,0.48054126,0
0.28842422,0.48510173,0
0.23823509,0.4763298,0
0.3228358,0.48454294,0
0.24156933,0.48412356,0
0.20568085,0.48864022,0
0.16666543,0.48580837,1
0.2659547,0.4880202,1
0.34432122,0.47500387,0
0.3161359,0.49009418,1
0.31406233,0.4838457,0
0.21540555,0.47482356,1
0.3206914,0.494374,1
0.34865698,0.48764214,0
0.21834973,0.4885002,1
0.3363055,0.49030936,0
0.25919554,0.4876084,0
0.26103914,0.47690096,1
0.3394756,0.48834756,0
0.3120581,0.48913202,1
0.30204076,0.47640145,0
0.30919832,0.4848813,1
0.30049914,0.4748199,0
0.2539229,0.47449732,0
0.3425889,0.49294916,1
0.3098122,0.47981045,0
0.27376598,0.47250402,0
0.28775045,0.47563174,0
0.27743652,0.4837234,0
0.25012788,0.4894562,0
0.32493228,0.48532343,1
0.25059453,0.46772814,1
0.3440872,0.46946612,0
0.26938996,0.48398948,0
0.26259872,0.49566278,1
0.3733804,0.49625468,0
0.3592884,0.48478588,0
0.27912772,0.47563028,0
0.17541328,0.46658173,1
0.30525744,0.49136803,0
0.31046724,0.47057977,0
0.33689225,0.477383,0
0.27007866,0.4745526,0
0.23269296,0.4727018,0
0.24894866,0.48691186,1
0.2741808,0.49569163,1
0.29553455,0.49138737,0
0.25385082,0.47559026,0
0.22716922,0.48036668,0
0.2965181,0.48953557,1
0.3045981,0.48921606,1
0.27434343,0.46388713,0
0.20433831,0.47142267,1
0.3873274,0.48824072,1
0.23406354,0.47852883,1
0.2840994,0.48277023,1
0.22082047,0.4768828,0
0.28672567,0.47640857,1
0.3359539,0.48678672,1
0.29775825,0.4838133,1
0.33103657,0.4895307,0
0.27212,0.4825183,0
0.31887355,0.49536237,1
0.28724885,0.46712446,0
0.2759478,0.48892903,1
0.27327186,0.47293544,0
0.30231524,0.4720929,1
0.29017195,0.4720099,1
0.21517326,0.46645808,0
0.30385733,0.47506893,0
0.25606206,0.4779627,0
0.2790699,0.48820066,0
0.27161622,0.48893192,0
0.26780096,0.48813292,1
0.29419583,0.4859207,1
0.332399,0.47490743,1
0.2806818,0.47235516,1
0.24132946,0.47312292,1
0.3298728,0.49342158,0
0.25738212,0.47360945,0
0.3189856,0.4906529,1
0.24128364,0.4890946,1
0.3073542,0.48248193,0
0.3334436,0.4632661,0
0.26754436,0.47522882,0
0.2987113,0.4787983,0
0.2688947,0.4790851,0
0.2494357,0.48103938,1
0.2912254,0.48238418,0
0.2623034,0.47847095,0
0.3689298,0.48925722,1
0.31526467,0.4778972,1
0.2508,0.47484255,0
0.19053221,0.47271392,0
0.30533743,0.48332396,0
0.27876502,0.47856715,0
0.24481371,0.48493412,1
0.26255932,0.48650017,1
0.23418766,0.48364386,0
0.29900354,0.4989636,1
0.34290218,0.48642817,0
0.22399251,0.47951433,1
0.28583917,0.49266037,0
0.27293593,0.48525766,0
0.30530173,0.47802475,0
0.3027746,0.4939245,1
0.26463392,0.48069593,0
0.26132873,0.46487746,0
0.33531305,0.48422173,0
0.26189208,0.4790435,0
0.31185466,0.48336625,0
0.23825464,0.4663712,1
0.2871338,0.48419985,1
0.20451441,0.46339306,0
0.29803777,0.48928952,0
0.2984922,0.4903973,0
0.32953954,0.49619707,1
0.29753387,0.47402057,0
0.22898735,0.47887135,1
0.28792346,0.4647018,0
0.32664508,0.47992596,0
0.28583953,0.47608006,0
0.26096264,0.48716414,0
0.18040395,0.47316918,0
0.3635981,0.4858774,0
0.30746734,0.48329177,1
0.33052817,0.48447135,0
0.2482276,0.47996935,0
0.28990972,0.47072423,0
0.33730134,0.46771097,0
0.18590364,0.48442435,1
0.2762335,0.48171926,1
0.28892666,0.4939649,1
0.22122407,0.48826757,0
0.33149967,0.48117507,0
0.25960243,0.47890756,0
0.35170403,0.49083745,0
0.2635672,0.48040116,0
0.2907288,0.4825332,1
0.30642492,0.48182812,0
0.29448342,0.4832686,0
0.23231469,0.47343338,1
0.27634242,0.484526,1
0.29804808,0.48623288,1
0.3282186,0.48047557,0
0.29023612,0.4953384,0
0.2796718,0.4844346,0
0.26022694,0.47761908,0
0.27096117,0.48736715,1
0.24694592,0.487224,0
0.3210035,0.48898077,0
0.2423516,0.492332,1
0.22865297,0.48760244,1
0.26500332,0.49704394,1
0.23994476,0.48395452,0
0.26698598,0.4751757,1
0.3065213,0.48548642,0
0.24844608,0.4783751,0
0.33386058,0.46470746,0
0.28215492,0.48534036,0
0.244704,0.4686997,0
0.2810989,0.4869758,1
0.26634553,0.47472167,0
0.3016056,0.4880507,1
0.22894636,0.4838561,0
0.2242436,0.49086392,1
0.25813693,0.4830767,0
0.2078963,0.47643343,0
0.2990464,0.4755329,0
0.3358075,0.48601493,1
0.28182632,0.47984147,0
0.26978648,0.48062444,0
0.25282454,0.4751393,1
0.25206596,0.49227467,1
0.26864246,0.4819146,0
0.23466899,0.48245463,1
0.32849622,0.48872587,1
0.23726451,0.47565547,0
0.3141448,0.47667956,0
0.2969519,0.49034894,0
0.27809548,0.48176542,1
0.29978052,0.47681966,1
0.2132644,0.4768742,0
0.24694249,0.48104796,1
0.28865457,0.48324466,1
0.34299788,0.48772278,1
0.30471188,0.49291304,0
0.28716618,0.47800818,1
0.31319177,0.48021817,1
0.27845457,0.48301673,1
0.33127695,0.4721395,0
0.36300468,0.4759269,0
0.31081712,0.4868596,0
0.311222,0.49522772,0
0.31082684,0.4844837,1
0.29977748,0.48031786,0
0.3023807,0.4891894,1
0.31594145,0.48616514,1
0.31142193,0.4846067,1
0.3268999,0.48222426,1
0.33735773,0.4712491,0
0.25640404,0.48963466,0
0.29445827,0.48527646,0
0.22613025,0.4691998,1
0.33553338,0.47956648,0
0.2989356,0.48600468,1
0.26758957,0.47381386,0
0.23653945,0.49018237,1
0.27784798,0.47985116,0
0.27088577,0.4882982,0
0.31680694,0.47455978,0
0.29939333,0.48337147,0
0.35180923,0.49207547,0
0.3097533,0.4803543,0
0.2650957,0.47124192,1
0.2485046,0.47891572,0
0.3303353,0.48701787,0
0.36733472,0.49395764,1
0.31128615,0.4836804,1
0.23960555,0.47903502,0
0.2774315,0.46720538,0
0.26945576,0.48455223,1
0.29006857,0.48266852,0
0.2554227,0.48760644,1
0.26145014,0.4852127,0
0.3236137,0.46869954,0
0.29793572,0.4840088,1
0.23047462,0.48784772,0
0.26599452,0.475633,0
0.26978716,0.47668052,0
0.2693162,0.4660556,0
0.34378007,0.46785018,0
0.31487775,0.49151197,1
0.28327388,0.47969055,1
0.41204655,0.48889884,0
0.3011064,0.4745048,0
0.32333004,0.4854994,0
0.28322992,0.47743058,1
0.23348173,0.473658,1
0.2195034,0.47355565,1
0.25745672,0.4926325,1
0.2992608,0.49377215,1
0.27804655,0.4879609,1
0.32969788,0.47489405,0
0.3136043,0.47911808,1
0.23507145,0.5001467,1
0.26414642,0.4910928,1
0.18910602,0.4703366,0
0.26190448,0.4696937,0
0.2635047,0.46664056,0
0.29252237,0.4734265,1
0.3061685,0.48115683,0
0.24823411,0.46867132,0
0.23459083,0.47939813,1
0.32697397,0.48522902,0
0.25157124,0.49398923,1
0.27358726,0.487913,0
0.2694788,0.48800194,1
0.21744603,0.47372088,0
0.30721933,0.4847591,0
0.26658288,0.5032558,1
0.19221368,0.49027935,1
0.33746618,0.47683287,0
0.24327672,0.4915937,1
0.32159272,0.48342535,0
0.2596783,0.4707884,1
0.2339302,0.49882725,1
0.31284237,0.46481264,0
0.30524746,0.47419873,0
0.31487817,0.48152146,0
0.35761145,0.47896257,1
0.23882735,0.48331186,0
0.2508853,0.48652634,0
0.30282652,0.49661493,0
0.30520213,0.48275426,1
0.3082621,0.48681363,1
0.312647,0.47548103,0
0.28415945,0.482016,1
0.31305796,0.4937047,1
0.24619529,0.4890182,1
0.24972734,0.47977307,0
0.24379617,0.49453545,1
0.34886837,0.47396407,0
0.28988856,0.4764308,1
0.26584503,0.49118885,1
0.2942749,0.4708968,0
0.3074793,0.48362097,0
0.32534906,0.4940294,0
0.2968392,0.49382448,1
0.32377654,0.4830421,1
0.31180698,0.48748872,1
0.2080153,0.48154667,1
0.3660822,0.4824885,0
0.30714923,0.4941527,1
0.3258518,0.4839296,0
0.33986062,0.48528162,0
0.32922614,0.47242174,1
0.2493156,0.47288856,0
0.316665,0.478681,0
0.23914577,0.4767798,0
0.33018023,0.4862288,0
0.2957124,0.46823707,0
0.27015752,0.48399496,0
0.2244161,0.4707254,0
0.22029951,0.46228376,1
0.3026868,0.47352925,0
0.22727416,0.48858047,0
0.34384426,0.49057138,1
0.24471629,0.49226618,0
0.20226577,0.4776107,1
0.27574313,0.4800417,0
0.29784924,0.48638213,0
0.26146722,0.48272762,0
0.21732892,0.47987613,0
0.30353743,0.46558288,0
0.2723561,0.4859555,1
0.20248224,0.48060742,1
0.30686557,0.4816173,0
0.26309058,0.4812537,0
0.21976244,0.4839779,0
0.24235286,0.47391686,0
0.24754636,0.47581854,1
0.24208923,0.4754726,0
0.3196711,0.46403527,1
0.32314852,0.4905908,1
0.334968,0.48884726,0
0.33039215,0.481275,0
0.2994324,0.48301402,1
0.3004802,0.47905263,0
0.29032463,0.48526183,0
0.21881083,0.4822859,1
0.2728564,0.48913085,0
0.2978981,0.4760646,0
0.28924102,0.49240705,1
0.27974185,0.4779382,0
0.24332964,0.47981486,0
0.22346851,0.48864695,1
0.28646985,0.47058812,0
0.3240119,0.4950787,0
0.29190555,0.483241,0
0.23679903,0.4819204,1
0.29372698,0.4920473,1
0.17911443,0.48474088,1
0.19417854,0.47788367,1
0.30320388,0.4645714,0
0.25425392,0.48173472,0
0.26226395,0.48732612,1
0.33696973,0.4951094,0
0.20565379,0.48826364,0
0.30001166,0.48578402,1
0.20815566,0.4882041,1
0.3040055,0.47614083,0
0.31118608,0.48687705,0
0.3294532,0.48933122,1
0.24673943,0.4678513,0
0.1543898,0.4837205,1
0.33106557,0.48451212,0
0.30242205,0.48412418,0
0.26923183,0.4788258,0
0.32767373,0.48274502,1
0.2889346,0.4925202,1
0.34077603,0.4906752,0
0.31100678,0.47590598,0
0.2725176,0.47762886,1
0.31944123,0.48935127,0
0.26894948,0.49156117,0
0.23374578,0.49318996,1
0.21410897,0.48549828,0
0.2567762,0.484905,0
0.16507475,0.4805701,0
0.24373934,0.4865233,0
0.3251279,0.4809339,0
0.23797044,0.48161018,0
0.28384438,0.47860298,0
0.34876248,0.48794174,0
0.32106644,0.4899982,1
0.28403634,0.48743972,1
0.2829333,0.49661115,1
0.1890499,0.47081724,1
0.20317411,0.4925437,1
0.2528541,0.47076306,0
0.28680342,0.49710178,1
0.32024023,0.48781332,1
0.23672664,0.4698851,1
0.21610203,0.48681596,0
0.3089462,0.48091397,0
0.20229761,0.4833283,0
0.2544205,0.47957745,0
0.26916277,0.4812915,1
0.26962364,0.48524544,0
0.3467763,0.4691999,0
0.3015615,0.4744494,0
0.20614684,0.47206214,1
0.3295951,0.5015966,0
0.32963496,0.47814158,0
0.30647448,0.48565468,1
0.26322183,0.471323,0
0.31742698,0.4858481,0
0.28354204,0.48704767,0
0.2839637,0.47907758,0
0.34958208,0.50448614,1
0.25908768,0.4737476,0
0.34800327,0.4686953,0
0.22444344,0.49171028,0
0.3346293,0.48825312,0
0.2402978,0.49031934,1
0.27435595,0.49095368,1
0.27050355,0.48753676,0
0.2711418,0.4715843,0
0.3536462,0.49087214,0
0.23581293,0.4879372,1
0.28374827,0.48880243,0
0.31024185,0.49199155,0
0.2715508,0.49102473,1
0.3367507,0.49298707,1
0.33581734,0.47894263,0
0.35666203,0.49071613,0
0.27716118,0.48696125,1
0.31916153,0.48266444,0
0.34265137,0.48815998,0
0.33306265,0.49252424,0
0.31611922,0.48775443,1
0.32779643,0.47750854,0
0.33973286,0.48150072,0
0.22236484,0.49223837,1
0.2865866,0.4855007,1
0.22364447,0.4820274,1
0.27890003,0.47804758,1
0.31946865,0.4765462,0
0.28400362,0.47149503,0
0.25646073,0.47481433,1
0.18496305,0.48586392,1
0.3062124,0.4875803,1
0.33517367,0.4816135,0
0.26773798,0.4833304,1
0.185613,0.47664538,1
0.22940299,0.48210153,0
0.31717908,0.48882005,1
0.30525327,0.476722,0
0.24842398,0.49675453,1
0.3123811,0.49496952,0
0.21626088,0.4832034,0
0.3302484,0.49067286,1
0.3162874,0.48040542,0
0.28677034,0.47342446,1
0.25860688,0.48475102,1
0.28151876,0.4748368,0
0.2229063,0.47939137,0
0.2275252,0.48228133,0
0.35705143,0.48107,0
0.31014985,0.48147905,0
0.2878743,0.47747084,0
0.25835127,0.5013291,1
0.3139624,0.48015523,1
0.22071874,0.49305877,1
0.23277897,0.48411775,1
0.2532663,0.47582415,0
0.2783929,0.46943083,0
0.3320939,0.485153,0
0.17620873,0.48834625,0
0.31318575,0.46471953,0
0.2947536,0.489648,0
0.3794893,0.48412165,0
0.25144926,0.48833406,0
0.26136136,0.48355404,0
0.27136582,0.4666009,0
0.32107574,0.48364887,0
0.2861843,0.48724738,1
0.3456763,0.49390483,1
0.2791335,0.48001447,0
0.3028062,0.47588646,1
0.28005412,0.45317018,0
0.33711445,0.48794642,0
0.28733563,0.464775,0
0.27002433,0.4683199,0
0.3146514,0.47140273,0
0.3341126,0.47000226,0
0.31139785,0.480297,1
0.27790934,0.4891437,1
0.25364333,0.48825622,0
0.29263693,0.4848024,1
0.27818745,0.461037,0
0.30488557,0.47750378,0
0.26733702,0.4772,1
0.35978693,0.48990247,0
0.25325197,0.48684588,0
0.29514873,0.48112193,0
0.30409366,0.47537458,0
0.28859878,0.49206233,0
0.26470304,0.48178792,1
0.3324788,0.48151898,0
0.21543889,0.46615994,1
0.3227038,0.4734349,0
0.29644558,0.4772803,0
0.34195513,0.48966834,1
0.29307947,0.4936905,1
0.32007003,0.48473847,0
0.28256252,0.4806069,0
0.27836728,0.4941523,1
0.21695444,0.48281053,1
0.3515,0.48178783,0
0.27826458,0.47012332,0
0.24129382,0.47919956,0
0.34949857,0.4697605,1
0.31442207,0.47276315,1
0.37474477,0.48523355,0
0.30573115,0.47483158,0
0.22129664,0.47428694,1
0.31427705,0.48168266,1
0.28347898,0.48754057,0
0.29002193,0.5076421,1
0.22756037,0.4809583,1
0.25242633,0.48176765,1
0.2782241,0.4799188,0
0.30278546,0.46248436,0
0.2796294,0.47304538,0
0.32402512,0.48882785,0
0.26885176,0.46778905,0
0.33789283,0.4784505,0
0.27644992,0.4677881,0
0.2906909,0.47597912,0
0.28373787,0.48931393,0
0.3039455,0.4955903,0
0.33668372,0.4792564,0
0.31880295,0.48527765,0
0.29395038,0.48583546,1
0.28640094,0.4837358,1
0.24728826,0.48103485,1
0.33728534,0.48982814,0
0.22015187,0.46350083,1
0.26589638,0.47164592,1
0.287712,0.46993768,1
0.21180639,0.48753643,1
0.32994884,0.47973156,0
0.30010402,0.47903696,0
0.23708963,0.47517887,1
0.271394,0.48065832,0
0.24303721,0.48915777,0
0.310785,0.47974244,0
0.32358187,0.48931196,1
0.29600072,0.48787332,1
0.3564331,0.47948945,0
0.2619983,0.4770012,1
0.34108844,0.49221292,1
0.21615139,0.48408374,0
0.26085943,0.4909222,1
0.27019548,0.48405966,0
0.36181852,0.48409685,1
0.3297297,0.47214612,0
0.32502925,0.48448858,0
0.28971106,0.4728075,0
0.26522845,0.48283753,0
0.33175653,0.4751718,0
0.31844598,0.49354497,1
0.3336376,0.4878141,0
0.21889079,0.4774407,0
0.2815249,0.4808034,0
0.29407793,0.48355642,0
0.30100358,0.48973337,1
0.30210888,0.46837142,0
0.25648868,0.4943188,1
0.17498285,0.479383,1
0.278526,0.46662828,0
0.3081732,0.48618102,0
0.28218687,0.47753167,1
0.28088182,0.46072373,0
0.31421226,0.48191366,1
0.29361123,0.48105207,1
0.3073324,0.49644867,1
0.28600562,0.4846673,1
0.15302677,0.45751354,1
0.27711028,0.46960136,0
0.2553016,0.49164975,1
0.29957914,0.48712945,0
0.26346785,0.4593515,0
0.28358245,0.4725102,0
0.33112246,0.4935988,0
0.32447544,0.4895763,0
0.26749966,0.4645171,1
0.19529328,0.4862032,1
0.34385234,0.49898222,1
0.15127353,0.47679725,1
0.31562102,0.46977416,0
0.24871957,0.47939965,1
0.27135175,0.48742294,0
0.22528514,0.47568884,0
0.22024578,0.4799075,1
0.33041722,0.4946207,0
0.30816767,0.4885418,0
0.3053196,0.48461652,0
0.28562808,0.4775821,0
0.24359632,0.46741593,0
0.33643746,0.49250507,1
0.3231567,0.47747907,0
0.30632508,0.49065876,0
0.3317739,0.49356368,0
0.24303493,0.48895288,0
0.3057309,0.47492805,0
0.2816959,0.47989082,1
0.3068171,0.50205404,0
0.20636067,0.477203,1
0.20352088,0.48565447,1
0.21453767,0.47142735,1
0.29742458,0.47041687,0
0.3140319,0.48399696,1
0.23937881,0.4844204,0
0.29601055,0.48132232,0
0.27629018,0.4923077,0
0.24787514,0.48890164,1
0.34157285,0.4932486,0
0.22966063,0.48328468,0
0.22072457,0.47838894,0
0.32549703,0.4721233,0
0.24751067,0.48012948,1
0.26849496,0.4859618,0
0.23401707,0.4830376,0
0.2935532,0.48389184,0
0.24497017,0.47808063,0
0.28023052,0.49266568,0
0.27421832,0.4953363,0
0.29523194,0.47301033,0
0.25912836,0.47710785,0
0.21101025,0.47829702,0
0.26292604,0.500042,1
0.2017523,0.47887126,1
0.25073725,0.46545947,0
0.26842356,0.48608103,0
0.30799186,0.48517582,1
0.3263451,0.46543968,0
0.27253738,0.49683574,1
0.29733485,0.4873818,0
0.26511234,0.46667317,0
0.26959252,0.47445774,1
0.33945447,0.4812348,0
0.19489914,0.47825873,0
0.29354864,0.47315648,0
0.2946236,0.48779002,1
0.34877566,0.4920961,1
0.30994073,0.47309256,1
0.27261043,0.49210992,1
0.3716871,0.48980632,1
0.26573393,0.48223117,0
0.2834526,0.48331523,1
0.26784515,0.4825362,0
0.29304025,0.49268922,1
0.32372385,0.48947477,0
0.2197842,0.46875224,1
0.2627651,0.47286296,0
0.30791444,0.48866403,1
0.29694423,0.48539463,0
0.21888345,0.47705388,1
0.29874048,0.47139513,1
0.30384248,0.48967132,1
0.26521796,0.47449908,0
0.31134763,0.46973273,1
0.24320316,0.48405838,0
0.32168064,0.48416665,0
0.22754227,0.47368073,0
0.2806749,0.48405203,1
0.377608,0.49505866,0
0.18870349,0.4818969,1
0.30526522,0.48440507,0
0.34024483,0.4809313,0
0.33065975,0.47608456,0
0.28445974,0.47496,0
0.19718148,0.48329067,1
0.27117765,0.47307548,1
0.2811576,0.4805398,0
0.31358564,0.49248824,1
0.24554098,0.4909807,1
0.37886184,0.50133216,0
0.27986762,0.4900739,1
0.26370174,0.4946531,1
0.3365121,0.47990346,0
0.28539845,0.46870604,0
0.22914511,0.48202738,0
0.2034795,0.49495545,0
0.1999819,0.48415327,1
0.21604282,0.4880328,1
0.3279106,0.48983613,1
0.28076392,0.48606792,1
0.31136966,0.47493863,0
0.23944938,0.48443857,0
0.23048201,0.47993758,1
0.25314754,0.4852833,0
0.3233358,0.4769428,1
0.3136514,0.48768958,1
0.3197472,0.4782842,1
0.22997087,0.4933392,1
0.24669933,0.46804908,1
0.28485328,0.4955655,1
0.1997907,0.4815581,0
0.3217507,0.49611428,1
0.27106628,0.48035982,0
0.17453384,0.48901713,1
0.2581789,0.48599765,1
0.33410007,0.4925654,1
0.2421254,0.47917774,0
0.3324188,0.493332,1
0.26028186,0.48554966,0
0.22141191,0.49812296,1
0.29704213,0.4884447,0
0.17161825,0.48102126,0
0.19096611,0.46657324,1
0.32941395,0.48043573,0
0.22541408,0.47492304,0
0.36350495,0.49291897,1
0.29215258,0.47938237,0
0.3552449,0.4781398,0
0.3092019,0.49365947,0
0.2781484,0.48969054,0
0.29764563,0.49153307,1
0.31078902,0.4774845,0
0.23275712,0.4761038,1
0.285746,0.49593976,1
0.31413114,0.48516813,0
0.24639729,0.47247067,0
0.3038716,0.475099,0
0.2785725,0.4724737,0
0.30552733,0.48384348,0
0.3145107,0.4861163,0
0.25914904,0.48305896,1
0.26689342,0.47167477,1
0.3631242,0.4674972,0
0.30242136,0.48894715,1
0.26488855,0.4936452,1
0.31712586,0.49226704,0
0.2764473,0.49066272,0
0.26180217,0.48689473,0
0.25761616,0.48049664,0
0.26930732,0.48075858,0
0.19844057,0.4666064,0
0.28599834,0.4900352,1
0.29853398,0.47077736,0
0.3285732,0.47965637,0
0.30676493,0.47132203,0
0.28084505,0.4818271,0
0.2511633,0.4780055,0
0.30936325,0.47999132,0
0.27623308,0.48353902,0
0.31803018,0.48446408,0
0.15992193,0.4815707,1
0.20055367,0.47505245,0
0.2352694,0.47842562,1
0.2744543,0.49579683,1
0.20092815,0.48217145,1
0.29853562,0.47798356,1
0.24293667,0.48336896,1
0.3180978,0.4730277,1
0.30234054,0.48585582,0
0.2608409,0.46386242,0
0.30198267,0.47992572,1
0.31466705,0.47857103,0
0.30056083,0.48918477,0
0.28450623,0.47072366,0
0.32577533,0.4883647,0
0.3060049,0.4797205,0
0.21833117,0.4691348,0
0.3094427,0.46505764,0
0.33460963,0.4813718,0
0.29633063,0.48072,1
0.28695136,0.47693324,0
0.36293113,0.47864518,1
0.22577834,0.46970117,0
0.35745543,0.49085882,1
0.37174243,0.48495603,0
0.29134738,0.4767873,0
0.33433217,0.48571345,0
0.274501,0.4752146,0
0.23978029,0.4802785,1
0.32423788,0.4862307,0
0.29938486,0.49010804,1
0.25132167,0.47511497,0
0.34860533,0.491624,0
0.19624007,0.4936624,1
0.24699149,0.48028922,0
0.30101877,0.4853338,1
0.32062006,0.4978324,0
0.26205173,0.4871429,0
0.3164324,0.49437496,0
0.28880554,0.45683062,0
0.28363097,0.4763182,0
0.2714872,0.47751984,0
0.2387622,0.48578063,1
0.22919998,0.4741985,0
0.29275012,0.48889902,1
0.28324187,0.49463233,1
0.29960132,0.4609313,0
0.24241823,0.48903838,0
0.24224943,0.48175347,1
0.18547046,0.47427425,1
0.32457924,0.47761092,0
0.29604915,0.47773993,0
0.32834277,0.491686,0
0.24694628,0.48881206,0
0.30506048,0.49207368,1
0.3218969,0.48552456,1
0.19162977,0.47337592,1
0.22924238,0.47429934,1
0.2933624,0.4885606,0
0.20177732,0.4819776,0
0.24023901,0.48233366,1
0.32045916,0.48033574,0
0.31852326,0.4678532,0
0.25452548,0.47161832,1
0.30430135,0.48054412,0
0.27794284,0.48544875,1
0.28153408,0.4737996,0
0.2907772,0.47034606,0
0.25802505,0.4910122,1
0.21637805,0.48873246,0
0.2707937,0.47579932,0
0.32059914,0.4963661,1
0.33192664,0.47752658,1
0.28440207,0.47486472,1
0.23015803,0.4756404,1
0.30498734,0.48791495,1
0.35024896,0.49004242,1
0.20811127,0.4675603,1
0.29615882,0.4887725,1
0.3552257,0.49176672,0
0.28219444,0.48402616,1
0.33721793,0.4776571,0
0.30110976,0.4886317,1
0.28849316,0.4714981,0
0.19222544,0.48594514,0
0.29777378,0.48232642,0
0.30093613,0.47907507,1
0.25885075,0.47294036,0
0.31752396,0.4828178,0
0.26249027,0.4703056,0
0.3078095,0.48431167,0
0.25273255,0.48556712,1
0.30653605,0.48233446,0
0.28592464,0.47356787,0
0.17678311,0.47517517,1
0.26606762,0.4688944,1
0.25483984,0.49802852,0
0.30063087,0.47922397,1
0.3083855,0.47649428,0
0.3340371,0.47545186,0
0.2657932,0.4801817,1
0.22057046,0.48247147,1
0.30794278,0.48234138,0
0.32605988,0.49170923,0
0.31689477,0.48329374,1
0.290068,0.48100236,0
0.4137716,0.49117163,0
0.2550619,0.47827038,0
0.31906664,0.47549662,0
0.21858552,0.4761919,0
0.23879413,0.48497835,1
0.24242678,0.48905566,1
0.31039962,0.489503,1
0.25337386,0.47082162,1
0.23987994,0.46416727,0
0.26629394,0.48679176,1
0.29074085,0.48231992,0
0.30664918,0.4847741,0
0.37771353,0.4806415,0
0.3535435,0.4860038,0
0.32455292,0.4782516,0
0.25545722,0.4943823,1
0.33690086,0.47836456,0
0.28512636,0.4743507,0
0.29122588,0.48068973,0
0.2502284,0.47324547,0
0.32432067,0.47421804,0
0.31998247,0.47350553,0
0.29250807,0.4858309,0
0.24901019,0.4827621,1
0.30131012,0.47046515,0
0.23084915,0.47897807,1
0.32718882,0.4851172,0
0.29158503,0.4767573,0
0.3417558,0.4948189,0
0.24661908,0.47790802,0
0.21361406,0.49180567,1
0.26484197,0.4893562,1
0.254164,0.4764823,0
0.2855255,0.4863224,0
0.30403927,0.48405018,0
0.3024845,0.47493508,0
0.30960578,0.48331627,0
0.30596277,0.4843991,0
0.30502662,0.4903024,1
0.2596861,0.49244764,0
0.29611906,0.47967777,1
0.30006602,0.49112293,0
0.3521716,0.48314247,0
0.27181333,0.4726615,1
0.2900614,0.48556757,0
0.16506644,0.48272845,1
0.22578135,0.4909594,0
0.32048985,0.47632074,0
0.22477235,0.47386536,1
0.25857362,0.48898837,1
0.27355465,0.46931896,0
0.2936796,0.47250974,0
0.27240172,0.4897962,0
0.3671354,0.4765118,0
0.33658868,0.48047376,0
0.33220437,0.492316,0
0.303669,0.47372746,0
0.2856161,0.4709313,0
0.24732995,0.48633042,0
0.21442892,0.47710243,0
0.18470383,0.47623324,1
0.26297292,0.49908736,0
0.26926845,0.48066887,0
0.15149781,0.49082077,0
0.30257002,0.49061704,0
0.26763007,0.4738038,1
0.26785636,0.4783632,0
0.3747755,0.48866272,0
0.28102615,0.4619278,0
0.25734395,0.48420653,0
0.33337367,0.48930964,0
0.22817448,0.4903492,1
0.24647236,0.47524235,1
0.28634924,0.48055863,0
0.3122914,0.48718905,1
0.1734245,0.47556877,0
0.19094495,0.49186134,0
0.3330724,0.48773465,0
0.23332678,0.4828657,0
0.26217866,0.487541,0
0.24059278,0.47876158,0
0.30030778,0.49073252,0
0.3197345,0.4779903,0
0.20405163,0.47810522,1
0.35840726,0.49914572,1
0.28924626,0.4808712,1
0.25729612,0.4733365,1
0.23974602,0.47932664,0
0.3307137,0.48348793,0
0.33292377,0.48110732,0
0.27910227,0.482535,0
0.3614362,0.48533002,0
0.24677455,0.49175498,1
0.26500466,0.47196773,0
0.34643552,0.47244462,1
0.26391792,0.4817487,0
0.2672109,0.48857057,1
0.19233295,0.49470666,0
0.20190573,0.47575513,1
0.22797546,0.47740003,0
0.27303204,0.4801562,0
0.25486445,0.4768766,0
0.28806612,0.46775874,0
0.27072924,0.48268953,1
0.29917973,0.48777986,1
0.120145075,0.45923504,1
0.3555014,0.48401308,0
0.2823548,0.48619774,0
0.24650875,0.49397433,0
0.2752439,0.47735146,0
0.29830068,0.4891467,0
0.2618792,0.47876486,1
0.2918704,0.48403326,0
0.2646768,0.48977065,1
0.18085222,0.4881884,1
0.23093736,0.47578713,0
0.16995232,0.47547778,0
0.27458835,0.48500276,0
0.2528449,0.4746206,0
0.30975544,0.48428702,1
0.23404017,0.47587427,0
0.30689457,0.48249045,1
0.29419017,0.47087988,0
0.2571303,0.4874508,0
0.24428882,0.48265955,0
0.348543,0.47728834,0
0.24950495,0.4894098,0
0.29700384,0.48854312,1
0.2968918,0.48710576,0
0.29066968,0.471004,1
0.31732774,0.4808952,0
0.30081695,0.48016307,0
0.2879629,0.4903678,0
0.2098675,0.46769384,1
0.25709403,0.48306367,1
0.3016795,0.47508362,0
0.35978854,0.48799512,0
0.24818185,0.48989224,1
0.29837495,0.48286152,1
0.29408598,0.49145266,0
0.37025386,0.49650046,1
0.26032826,0.48447606,1
0.27261174,0.4976865,1
0.27810943,0.48094258,1
0.3199441,0.49863723,0
0.31572717,0.47900626,0
0.29384965,0.4773682,0
0.18091744,0.48462704,1
0.30745167,0.4766873,0
0.23527822,0.46615717,1
0.23511371,0.4850963,0
0.25774607,0.47975433,0
0.23351327,0.47604975,0
0.21906681,0.47455013,1
0.25585833,0.4711201,0
0.2571287,0.49912181,1
0.2307877,0.47712144,1
0.27283326,0.48758695,0
0.34410006,0.49598062,1
0.2884518,0.47938776,0
0.35004872,0.48244402,0
0.29787332,0.48333845,0
0.27391207,0.4971969,1
0.17783032,0.4725841,1
0.27270788,0.48504332,1
0.29507738,0.47909164,0
0.18896167,0.4823625,1
0.29528964,0.49850938,0
0.30023307,0.46979347,0
0.26106116,0.4818605,0
0.32589552,0.47475055,0
0.25883976,0.46744335,0
0.31402236,0.48208416,0
0.3685065,0.48110977,0
0.2317727,0.47148228,0
0.29526752,0.47803712,0
0.28798175,0.49625632,1
0.2795032,0.47547278,0
0.2917744,0.480805,0
0.25945753,0.48307565,1
0.18512045,0.47425726,1
0.2899406,0.48274374,0
0.23869544,0.47935107,0
0.2931906,0.47736275,0
0.3289453,0.48201945,0
0.22892195,0.48287413,0
0.33075064,0.48323902,0
0.26545542,0.48169777,0
0.29552826,0.47643492,0
0.33293614,0.5000637,1
0.36733273,0.48251972,0
0.24587765,0.49414143,1
0.26879156,0.48429516,0
0.2894653,0.48752728,0
0.27536798,0.47666764,0
0.30998653,0.480355,0
0.3179993,0.4909072,0
0.30920634,0.48206058,0
0.29384294,0.48148075,0
0.30390137,0.48000133,0
0.24219035,0.47770965,1
0.2273781,0.47637692,1
0.3136806,0.47698638,0
0.30136523,0.47796842,0
0.36463064,0.48447728,0
0.15684272,0.47693744,1
0.31624782,0.48050442,0
0.31525895,0.47477224,0
0.28366792,0.48288035,0
0.19049448,0.479138,0
0.25845718,0.48965368,1
0.25388038,0.48839816,0
0.25560063,0.47955987,0
0.1946189,0.48166525,0
0.2889837,0.48483905,0
0.2482393,0.47446474,0
0.30457255,0.47747993,1
0.20495012,0.48010397,1
0.30984372,0.4740599,0
0.29754382,0.481706,1
0.30352426,0.47840413,0
0.20169172,0.4699534,1
0.29716724,0.48049068,0
0.21242361,0.4731922,0
0.2992488,0.50176793,0
0.21154635,0.4889481,1
0.3893584,0.49961424,1
0.26596648,0.47360864,1
0.32255325,0.4877306,0
0.22747836,0.47100696,1
0.27455905,0.47646308,0
0.3093605,0.4792982,0
0.3039814,0.48434505,0
0.32190865,0.48586285,1
0.27032065,0.48214355,0
0.32394072,0.47171393,1
0.32265776,0.48871204,0
0.2839737,0.4996381,1
0.3336645,0.49233603,1
0.31064904,0.48018488,0
0.3075938,0.48070607,0
0.37140465,0.4851496,1
0.31358236,0.4878099,1
0.25202385,0.48152304,0
0.3430354,0.48014566,1
0.33942872,0.4858338,0
0.2895121,0.47070155,0
0.19125216,0.48276603,0
0.27177483,0.47936133,0
0.2639008,0.4819413,0
0.30894282,0.4823953,0
0.2878633,0.475929,0
0.28338486,0.48256174,0
0.2733758,0.47593626,1
0.30023715,0.48040542,0
0.3394383,0.48192087,1
0.26615006,0.47714666,0
0.2971322,0.48141608,1
0.30869707,0.4901388,0
0.25793156,0.48669767,0
0.19241962,0.48203763,1
0.27014738,0.47638234,0
0.24834757,0.4907483,0
0.36786455,0.48201108,0
0.23719072,0.49086705,1
0.27583355,0.48157993,0
0.3101555,0.47005197,0
0.27786338,0.4802581,1
0.24935082,0.47697923,0
0.2580844,0.48856822,1
0.22075918,0.47850862,0
0.30527705,0.48724762,0
0.27715474,0.49113417,0
0.29328066,0.48659214,1
0.24023464,0.4883004,1
0.26525423,0.48972926,1
0.33699718,0.4949844,0
0.23787034,0.47328743,1
0.22717819,0.47037935,1
0.35840538,0.48782396,1
0.34042856,0.49234274,1
0.19420716,0.47887874,0
0.19937986,0.47589138,0
0.36954096,0.49170768,1
0.2719688,0.4823158,0
0.3327528,0.49252,1
0.29042095,0.48587552,1
0.2976659,0.4944187,1
0.24575487,0.47484908,0
0.30566394,0.48288277,0
0.22067718,0.4828821,1
0.2831756,0.47134224,0
0.23880948,0.49091807,0
0.3753736,0.4933034,0
0.3662976,0.46008348,0
0.22681838,0.4872671,1
0.30182746,0.48231316,0
0.29010662,0.48706412,1
0.31299955,0.4720477,0
0.2557456,0.48062623,0
0.2838525,0.48945138,0
0.24157535,0.47995338,1
0.2052553,0.48545864,1
0.29675114,0.4643823,0
0.20615828,0.48217818,1
0.24527818,0.48050496,1
0.2817448,0.4848369,0
0.2758466,0.4885056,0
0.26128206,0.4774334,0
0.23585422,0.47574273,0
0.28983167,0.49032712,1
0.25375384,0.46785614,0
0.35313624,0.48535505,0
0.28619307,0.46473143,0
0.3503753,0.4921516,0
0.28745064,0.47838247,0
0.2730791,0.46422252,0
0.1756531,0.48218188,0
0.25415736,0.46974286,0
0.33972734,0.4932615,0
0.31963417,0.48376584,0
0.23347427,0.46529493,0
0.28724322,0.4805332,0
0.28329784,0.4838817,1
0.33208635,0.4829762,0
0.28721297,0.4706106,0
0.31670162,0.4929297,1
0.2554435,0.4814651,0
0.17068811,0.4868734,1
0.28827304,0.48478475,0
0.30036163,0.47129396,1
0.30624396,0.47982958,0
0.31496882,0.45902547,0
0.29326278,0.4883114,1
0.30686194,0.471081,0
0.26374865,0.48716632,0
0.32054716,0.4847026,0
0.30388412,0.47602662,0
0.3099339,0.48608717,0
0.26596895,0.48378053,1
0.27821118,0.477072,0
0.26067618,0.48080003,0
0.36924148,0.50009173,0
0.24542144,0.4819853,1
0.2624146,0.48515263,0
0.27120915,0.47957754,1
0.34143877,0.48883232,0
0.2671402,0.48137304,1
0.2767288,0.4751767,0
0.2912949,0.49663296,1
0.2509276,0.47528288,0
0.29193646,0.47355846,0
0.3274123,0.48326346,1
0.32839993,0.4856911,0
0.2425324,0.48510885,1
0.2819889,0.47977713,1
0.2757845,0.4715809,0
0.26015157,0.4863336,0
0.27763784,0.4811922,0
0.26802504,0.48186645,0
0.2632369,0.477283,0
0.27663016,0.47277293,1
0.2869373,0.47667566,0
0.27160725,0.4951211,1
0.3125181,0.49029303,1
0.31226236,0.49306765,0
0.28206894,0.46701708,0
0.32411757,0.48373032,0
0.28721014,0.49176764,1
0.35250306,0.47902265,0
0.25022176,0.481884,0
0.32404456,0.48598567,0
0.28711534,0.47221184,0
0.25534785,0.48104176,0
0.30852878,0.47600588,1
0.19148806,0.48390236,1
0.25210062,0.49269748,1
0.3125844,0.49050006,1
0.26012856,0.48043346,0
0.23915029,0.46921578,0
0.25507486,0.47238636,0
0.28213975,0.47753927,0
0.31364754,0.48217452,0
0.28558946,0.4852163,1
0.2935267,0.48069414,0
0.24923918,0.48492405,1
0.2283152,0.4761471,1
0.26079762,0.4821556,0
0.24781013,0.47484756,0
0.2363357,0.47585914,0
0.38926053,0.49228585,0
0.21895245,0.4841659,1
0.25163645,0.48124447,0
0.3073985,0.4838436,0
0.31302935,0.48966774,1
0.2925951,0.48590133,0
0.28085643,0.47027168,0
0.3427025,0.49409476,0
0.3154862,0.4734172,1
0.28206962,0.48083916,0
0.22616996,0.48089552,1
0.34073842,0.47796154,0
0.313133,0.49023858,0
0.2915645,0.4751134,0
0.36524668,0.4781984,0
0.2881109,0.47983137,0
0.28684705,0.4940059,1
0.21195255,0.48359093,1
0.28099447,0.48759446,1
0.25188348,0.47870493,0
0.27787608,0.48974085,0
0.20933868,0.46834144,1
0.20903942,0.4765226,0
0.29687974,0.45535016,0
0.32280362,0.4814326,0
0.3441176,0.4898268,0
0.18713789,0.48753306,0
0.30997324,0.47655797,0
0.24449329,0.46901545,0
0.3408204,0.4821521,1
0.29039836,0.48089352,0
0.38999417,0.49028125,1
0.26345992,0.4789921,0
0.30251896,0.48994377,0
0.33968762,0.47408602,0
0.3193159,0.48981538,1
0.21425647,0.48925304,1
0.3082176,0.48109183,0
0.3190973,0.48357454,0
0.2694551,0.4906286,0
0.27046084,0.4662737,0
0.32946038,0.49122503,0
0.2682797,0.49431565,1
0.26096356,0.4798415,0
0.27081752,0.4917009,1
0.24967055,0.4855106,0
0.27071,0.4743146,0
0.2425401,0.4893458,1
0.24764135,0.49506417,0
0.2227659,0.48305058,1
0.34776354,0.47993532,0
0.3213539,0.4988149,1
0.23312387,0.49366036,1
0.32337633,0.48093137,0
0.17159396,0.47280777,1
0.3137049,0.4889276,1
0.25221306,0.4857131,1
0.29278284,0.4720966,0
0.22028185,0.462092,0
0.24924402,0.48646322,1
0.2900071,0.46936098,0
0.27651554,0.4873139,1
0.24237405,0.4958744,1
0.33704537,0.48679242,1
0.3121565,0.4851737,0
0.27178067,0.4791679,0
0.29884845,0.49194393,0
0.2849087,0.48284182,1
0.23540843,0.49384466,0
0.27296668,0.48016027,1
0.22149855,0.47752628,1
0.3305375,0.48091114,0
0.24438858,0.47082648,0
0.2956698,0.49414802,1
0.23535044,0.47701243,1
0.24348134,0.49095225,0
0.34654716,0.4805411,0
0.36022303,0.4814458,0
0.24116234,0.49449572,1
0.1782276,0.4791833,0
0.3099678,0.48883042,0
0.35486335,0.49755666,0
0.32130122,0.47235152,0
0.30367187,0.47186255,0
0.20098196,0.47821712,0
0.32302827,0.4917589,0
0.28799468,0.47435138,0
0.3087489,0.4738699,0
0.26376677,0.47004852,0
0.21679617,0.48613647,0
0.3289943,0.4971813,1
0.26757088,0.48483396,0
0.31181473,0.49071422,1
0.2617468,0.48544487,1
0.28692746,0.49875978,1
0.20044997,0.48328948,1
0.30471247,0.4808021,1
0.24629822,0.47651324,0
0.34888774,0.49767008,1
0.30899516,0.48084292,0
0.34540927,0.48638737,0
0.29691893,0.48893222,0
0.29940766,0.494025,0
0.26833165,0.48152816,1
0.3213817,0.48405144,0
0.2565606,0.4897683,1
0.35634238,0.48690554,0
0.38089675,0.48966038,1
0.30748886,0.47913644,0
0.3404135,0.48178348,0
0.3010142,0.4690502,0
0.30829445,0.4810734,0
0.30051446,0.48674873,1
0.2464383,0.4893625,0
0.27362782,0.48771024,0
0.18901281,0.47820404,1
0.26858062,0.4884894,1
0.28830004,0.47014496,0
0.31623277,0.47756055,0
0.24330693,0.48620546,1
0.27497056,0.47570428,0
0.26860133,0.49160907,1
0.2918162,0.49343553,1
0.29678965,0.49595454,1
0.27252716,0.4792299,0
0.32233164,0.48640284,1
0.30966264,0.48779285,1
0.27680504,0.4797651,0
0.27282962,0.48679057,0
0.3399259,0.47874177,0
0.3133998,0.48836365,0
0.28287232,0.486408,0
0.19754463,0.4912044,1
0.2209287,0.4890711,0
0.29326975,0.49250928,1
0.25505865,0.48086986,0
0.27048314,0.4872217,1
0.2835821,0.48781815,1
0.25593352,0.47946712,1
0.2619269,0.4759165,0
0.19574061,0.46788517,1
0.36885184,0.49413094,0
0.29729903,0.48567423,0
0.1821227,0.4735961,0
0.31065547,0.48956478,0
0.28644514,0.47752014,0
0.28086513,0.4847565,1
0.26953426,0.48252836,0
0.2898151,0.48819456,0
0.26650554,0.495608,0
0.28434432,0.47747967,1
0.24863571,0.48699713,1
0.27468252,0.46436724,1
0.29280537,0.47756073,0
0.24747229,0.47629917,0
0.2518109,0.49218628,1
0.29957452,0.49005055,0
0.22595352,0.47649753,0
0.30757505,0.4886292,0
0.26657373,0.48718598,1
0.29852012,0.47505847,0
0.24379438,0.4756093,1
0.31521863,0.49057877,1
0.27570713,0.48344013,0
0.31459457,0.48647702,1
0.2884369,0.49482477,1
0.30598545,0.48577547,0
0.259988,0.4791533,0
0.2059626,0.47860155,1
0.29741678,0.48196986,0
0.30428287,0.47518227,0
0.296521,0.4741901,0
0.31166297,0.47303203,0
0.29046488,0.47107854,0
0.36356443,0.49051988,0
0.28737387,0.47739363,0
0.24282855,0.48885354,0
0.26538977,0.48507515,0
0.33314312,0.49159256,0
0.40024966,0.48203385,0
0.30716962,0.46817598,0
0.33213055,0.49285865,0
0.33341506,0.4765418,0
0.28072333,0.46848264,0
0.29412767,0.49351263,0
0.34082365,0.49138927,1
0.28461376,0.4773283,1
0.22754607,0.46801034,1
0.33279026,0.47477463,0
0.30357653,0.48938596,1
0.30960655,0.47465172,0
0.27325875,0.48044157,0
0.28964823,0.47574726,0
0.27282214,0.46981573,0
0.23996653,0.4693376,1
0.30491784,0.48587093,1
0.28739858,0.47770774,0
0.2910074,0.47726104,0
0.27170566,0.47771478,0
0.28081113,0.4857042,0
0.23013853,0.46776482,1
0.25137198,0.471383,1
0.27408773,0.48424557,0
0.2626453,0.48083314,1
0.23144574,0.4809011,1
0.28699476,0.4823903,0
0.2516713,0.48466563,1
0.3012195,0.47856,0
0.2513508,0.47661722,0
0.2280584,0.4733781,0
0.2326392,0.47725508,0
0.22134317,0.48339936,0
0.29244167,0.49316838,0
0.29628712,0.4781519,0
0.25171968,0.47075817,0
0.25648707,0.48377386,1
0.34745333,0.48768708,1
0.30054015,0.48156503,1
0.3625324,0.4782593,0
0.37295222,0.47322166,0
0.26979265,0.473699,0
0.3158239,0.46942568,0
0.37755182,0.48453543,0
0.30350804,0.49286914,0
0.29594678,0.4727691,0
0.31335762,0.474758,0
0.25970325,0.48531118,0
0.21159537,0.47115764,1
0.34801507,0.4878417,1
0.28954327,0.49110177,0
0.16730721,0.4700013,1
0.34089124,0.47502938,0
0.32117367,0.4776844,1
0.2469616,0.49250305,1
0.2757626,0.46132508,0
0.30707937,0.4714168,0
0.24773088,0.4891155,0
0.2830518,0.49138403,0
0.3050611,0.489722,0
0.31732383,0.47059992,0
0.2661457,0.48441824,0
0.32621408,0.48965952,1
0.32422405,0.48895943,0
0.30307657,0.4853244,1
0.22199225,0.48152685,1
0.29456413,0.48699668,0
0.2868706,0.47921786,0
0.2943135,0.4782277,0
0.29628772,0.4810852,0
0.28536725,0.4778594,0
0.30838636,0.48408684,1
0.33103737,0.480531,0
0.25640088,0.48177442,0
0.2722594,0.49459103,1
0.3058429,0.4829626,0
0.27462292,0.47497228,0
0.29918727,0.47592798,0
0.36888903,0.49356613,0
0.2631741,0.47180593,0
0.323542,0.49328282,1
0.28218302,0.48490453,1
0.30253083,0.490891,0
0.34164318,0.48005664,1
0.23360454,0.4709164,0
0.3552811,0.4776137,0
0.28630868,0.48033217,0
0.31445363,0.48937848,1
0.29707754,0.49040222,1
0.32277548,0.47317076,0
0.24574262,0.4779446,0
0.310894,0.48065734,0
0.3104629,0.47567868,0
0.27216914,0.47805318,0
0.2821486,0.48419774,0
0.30348364,0.496173,0
0.2894246,0.47529563,0
0.2872537,0.48063335,0
0.38349062,0.49410382,1
0.2725119,0.49420834,1
0.261245,0.47466075,0
0.3057172,0.4661602,0
0.37652475,0.5019533,1
0.3078495,0.4888239,1
0.2425134,0.48586297,0
0.26655433,0.4881419,0
0.33331743,0.46214393,0
0.25398886,0.48818144,0
0.373546,0.4727007,0
0.2854273,0.47181234,1
0.2772419,0.4780934,0
0.25000006,0.4956131,1
0.25292817,0.4616765,0
0.2618816,0.48963413,0
0.31267834,0.46613684,0
0.24436486,0.4838464,0
0.20367694,0.50046515,0
0.29758817,0.47475055,1
0.28801113,0.47796416,0
0.2603087,0.47910425,0
0.27912644,0.46653903,0
0.2779366,0.47671548,1
0.29184648,0.4785069,1
0.33558887,0.48445725,0
0.32242596,0.4912357,0
0.3311159,0.47262856,0
0.2849455,0.4860452,1
0.27318418,0.47649106,0
0.2628286,0.4838331,1
0.29826045,0.4664754,1
0.28351814,0.48167443,0
0.30360043,0.49311957,1
0.33779266,0.49901795,0
0.1845095,0.48132324,0
0.30619168,0.4723643,0
0.25883254,0.4908751,1
0.26124188,0.47506166,0
0.35424295,0.4811658,0
0.24556965,0.48959532,1
0.23063129,0.48046362,0
0.3439053,0.48873916,1
0.40905607,0.49283862,1
0.25107044,0.47027424,0
0.28406236,0.46790612,0
0.24742195,0.48079225,1
0.2843543,0.49289796,1
0.27687785,0.4790808,1
0.20052056,0.49243316,0
0.30651757,0.49178407,1
0.30555618,0.47828674,0
0.24041578,0.48173273,0
0.30231532,0.47088003,0
0.34847438,0.48268762,1
0.31573114,0.49733517,1
0.32353318,0.47985315,0
0.25500584,0.48153296,0
0.28631538,0.4884373,0
0.28062254,0.4845097,1
0.27935392,0.48322663,0
0.30341333,0.4840077,0
0.31724083,0.48603907,0
0.32395574,0.4843916,1
0.30242816,0.48057768,0
0.28403115,0.47120094,0
0.2500453,0.4790995,0
0.26601493,0.4915583,1
0.17525049,0.4778169,0
0.33477896,0.48989424,1
0.29263875,0.47739992,0
0.2893507,0.48944846,0
0.29092616,0.48683843,1
0.26592195,0.50011253,1
0.30632085,0.4792825,0
0.31630653,0.49537826,1
0.21387799,0.4880719,0
0.29227102,0.4913529,0
0.37914008,0.4927753,0
0.24360904,0.4873972,1
0.31335974,0.4973803,0
0.26567286,0.47410503,0
0.2505175,0.4815012,0
0.27364644,0.47958872,0
0.2769623,0.47404584,0
0.2849397,0.48377502,1
0.2945627,0.48712727,1
0.14280689,0.4985176,1
0.31110814,0.48486838,0
0.26193732,0.4699761,0
0.32406113,0.4801058,0
0.23122871,0.47396216,0
0.30942023,0.48194095,1
0.29965365,0.48019907,1
0.28269246,0.48759463,1
0.21499678,0.48517457,1
0.27327448,0.4789268,0
0.29918084,0.45781812,0
0.23768753,0.4862515,0
0.299901,0.48619375,0
0.23611623,0.48218158,1
0.30800173,0.4866508,0
0.27933598,0.48680183,1
0.36436132,0.4948289,1
0.26279262,0.48192486,1
0.37967482,0.5017465,1
0.2800187,0.4851617,0
0.31004378,0.47266054,0
0.23633444,0.4803973,1
0.31950337,0.4904271,1
0.2641224,0.47974965,1
0.24697536,0.47813973,1
0.3156867,0.48776755,1
0.30724096,0.48383436,0
0.3153915,0.48847833,1
0.32706243,0.4914557,1
0.2536907,0.47993383,0
0.2992112,0.47469392,0
0.25499701,0.48197746,1
0.3211313,0.48201013,1
0.22802563,0.4833534,0
0.29201347,0.47452065,0
0.20569894,0.47371396,1
0.1991974,0.48497024,0
0.27832988,0.48527148,0
0.3218825,0.4752352,0
0.27605838,0.4771538,0
0.36328983,0.49033952,1
0.33838215,0.4837228,0
0.25514603,0.47918916,0
0.32985827,0.49275425,0
0.25716567,0.46366808,1
0.2856578,0.47397014,0
0.2872938,0.48187438,1
0.27068707,0.49641228,0
0.3243392,0.48146465,0
0.2534378,0.4820924,1
0.3108509,0.4773521,0
0.31379318,0.4988706,1
0.22208612,0.48076305,1
0.28674006,0.49613377,1
0.30012286,0.4961009,1
0.27497256,0.47934678,1
0.29347396,0.48459908,0
0.28799832,0.48135015,0
0.24580255,0.48582146,1
0.30497748,0.47779942,0
0.2560978,0.47440958,1
0.28374636,0.4768641,0
0.32090646,0.49098197,0
0.33704656,0.4909656,0
0.31246936,0.4885634,0
0.19832367,0.47439265,0
0.2927085,0.48535013,0
0.19750679,0.4744619,0
0.32441926,0.47652563,1
0.29807335,0.47320828,1
0.2799885,0.464437,0
0.27011448,0.48678675,1
0.27751416,0.4687635,0
0.23978247,0.47277927,1
0.28675628,0.48291743,0
0.28398597,0.47435498,0
0.34225273,0.49647388,1
0.37205255,0.4901856,1
0.29086477,0.4856267,1
0.40506232,0.49931636,1
0.29980436,0.48065743,0
0.20406622,0.47933543,0
0.23430881,0.47636667,0
0.31550276,0.49449375,1
0.30021486,0.47167563,0
0.2977668,0.47653484,1
0.32880744,0.49906862,1
0.17606637,0.4829549,0
0.36893585,0.49306569,0
0.29085925,0.47739115,1
0.26376078,0.4813172,0
0.27448553,0.46845254,0
0.23367077,0.479429,0
0.32647723,0.49524388,0
0.25083187,0.48869,0
0.29052067,0.47938302,0
0.2834082,0.48704377,0
0.19529665,0.46937513,1
0.26481235,0.48576844,1
0.18651369,0.48103413,0
0.30782533,0.48710072,1
0.3199493,0.4853479,1
0.2115546,0.48037264,0
0.28253034,0.49179113,1
0.28819346,0.46386322,0
0.29516,0.48790908,0
0.28052774,0.48020482,0
0.29076776,0.47379267,0
0.24970114,0.47604766,0
0.30489165,0.4722098,0
0.28107914,0.4836799,1
0.2731745,0.48768076,0
0.19381511,0.4764839,0
0.2803859,0.47833493,0
0.311962,0.48524866,1
0.23044576,0.47950092,0
0.27760157,0.48294234,1
0.31081808,0.474286,0
0.2596997,0.4819244,0
0.2746312,0.4925727,1
0.3183346,0.49232677,0
0.29814714,0.4714925,0
0.24161506,0.48797384,1
0.27864987,0.48974553,1
0.24480784,0.47931066,0
0.22745223,0.48461267,0
0.23628663,0.49721515,1
0.1851382,0.4705554,1
0.33646175,0.4870235,1
0.30921718,0.4869224,0
0.272947,0.47423625,0
0.37629604,0.48689917,1
0.22233741,0.4860784,0
0.29539323,0.4727367,0
0.32009476,0.47570452,0
0.31744748,0.49389303,1
0.2800092,0.48814997,0
0.3250832,0.48053744,1
0.27538925,0.47112283,0
0.33511165,0.47466812,0
0.23329815,0.48436117,0
0.27008712,0.4877534,1
0.31389055,0.47669184,0
0.33608586,0.49309263,0
0.26482865,0.4714514,1
0.28970897,0.48234114,0
0.30068332,0.49279484,0
0.29744145,0.49574003,0
0.22920111,0.48044813,0
0.3466848,0.4837114,0
0.2992195,0.48512945,1
0.31594637,0.48565722,0
0.25663742,0.47264805,0
0.29309252,0.47786686,0
0.29754037,0.48789743,0
0.2600333,0.47487906,1
0.345547,0.49471727,0
0.32940978,0.47741732,0
0.3323453,0.48579445,0
0.27036136,0.47143468,0
0.29981613,0.47753695,0
0.28399715,0.4833003,0
0.28808075,0.4847392,0
0.2821276,0.48430824,0
0.28503934,0.494686,0
0.26475132,0.47341716,0
0.283242,0.468886,0
0.25393194,0.47495434,0
0.18764743,0.47423962,1
0.1664726,0.47892368,1
0.3463939,0.47955704,0
0.28397113,0.4789977,0
0.32134944,0.4854959,1
0.30185753,0.49208674,1
0.29679728,0.49211368,1
0.27943498,0.46788657,0
0.3401082,0.47689614,0
0.35023248,0.46670413,1
0.33839297,0.47444618,0
0.2604161,0.48334682,1
0.34634858,0.48903477,0
0.29941627,0.4751307,1
0.32413292,0.4786408,0
0.28961408,0.4795651,1
0.3273909,0.47785318,0
0.3378954,0.4785018,0
0.18886067,0.48597148,1
0.33458382,0.4788841,0
0.35251907,0.48213473,0
0.27822554,0.4907198,1
0.30238175,0.4703432,0
0.2449367,0.48146534,1
0.14415464,0.4890801,1
0.16601901,0.48082173,1
0.34016913,0.49065363,0
0.31384403,0.4964131,1
0.36320788,0.49500826,1
0.24053542,0.47706747,0
0.24245992,0.49254647,0
0.21206006,0.48310676,1
0.2521905,0.46542218,0
0.3251087,0.48054612,0
0.26921985,0.49225307,1
0.31080616,0.48167762,0
0.25463188,0.48528555,1
0.31098557,0.47521755,0
0.2641927,0.4850274,0
0.33334845,0.48552203,0
0.3307466,0.46983495,0
0.23649906,0.47800374,0
0.33760583,0.46673414,0
0.19726892,0.4744159,0
0.2310721,0.47104254,1
0.32419467,0.49428356,1
0.22942677,0.48906276,0
0.2657585,0.47047487,0
0.28928646,0.4886776,0
0.29553714,0.4703908,0
0.33911878,0.48515055,0
0.37305987,0.49596128,1
0.3422979,0.48583388,0
0.27520946,0.46276104,1
0.28410032,0.47187927,0
0.3373375,0.4859171,0
0.21200892,0.48131093,1
0.19159621,0.47782862,1
0.252435,0.49432397,1
0.2461099,0.48237494,0
0.19420233,0.4818624,0
0.33841562,0.4815801,1
0.2755543,0.47875926,1
0.3245564,0.4951593,1
0.3567084,0.4951806,0
0.26235366,0.46184492,0
0.32158718,0.4880682,1
0.27511576,0.47084567,0
0.26705825,0.4753519,0
0.2711298,0.47552526,0
0.28928375,0.47516772,1
0.2707381,0.4730879,0
0.31064433,0.47815213,0
0.30842447,0.4815468,1
0.3654325,0.47396052,0
0.2189,0.48319137,1
0.26784286,0.49628067,0
0.25463742,0.47896978,1
0.2761953,0.4742669,0
0.2491534,0.4778625,0
0.2923736,0.4903021,1
0.33062404,0.4778483,0
0.32914367,0.4909103,1
0.35514778,0.48428106,1
0.31071338,0.4741926,0
0.2861932,0.47803664,0
0.28402725,0.46885338,0
0.30377564,0.4766413,0
0.2400398,0.46927872,0
0.3147302,0.48601294,0
0.26127088,0.48211062,1
0.37635994,0.49284944,0
0.2848621,0.48091695,1
0.26872742,0.47704586,0
0.2359058,0.4854039,1
0.27618605,0.47924796,0
0.32594043,0.48259446,1
0.1862351,0.48335168,0
0.31030598,0.4827883,0
0.30309403,0.47444925,1
0.32883674,0.49858773,1
0.3169362,0.4739922,0
0.22144386,0.4971921,1
0.1931338,0.47756633,0
0.28446138,0.4750894,0
0.24491297,0.4761341,1
0.28391594,0.47723603,1
0.24347514,0.48188332,0
0.2707229,0.4903132,0
0.273574,0.48794964,1
0.30054647,0.48598996,1
0.18059115,0.4627206,1
0.24811131,0.4927187,1
0.32092693,0.493971,1
0.1346049,0.48189393,1
0.20084164,0.48432446,0
0.2888894,0.48129976,0
0.34095046,0.48025203,0
0.3272532,0.4753952,0
0.32618046,0.48406664,1
0.3201657,0.4813875,1
0.34066153,0.4836601,1
0.23185545,0.4842415,1
0.29482007,0.48117396,0
0.25008896,0.48451564,1
0.360626,0.49739465,1
0.25356317,0.47753224,1
0.31516173,0.49458525,1
0.3538106,0.46851814,0
0.31957704,0.48428202,1
0.34888393,0.49000788,1
0.329731,0.47230592,0
0.24726966,0.48149434,0
0.27241796,0.48082575,0
0.35698882,0.4923967,1
0.16782936,0.48087,1
0.25855738,0.47199786,0
0.329604,0.4736239,0
0.32883862,0.48690116,0
0.31196362,0.48942408,1
0.19885316,0.48114085,0
0.23757122,0.47649708,1
0.30990463,0.49986613,1
0.30923694,0.48155463,0
0.21874717,0.47694197,1
0.27141848,0.4887713,1
0.32297906,0.48167852,0
0.24149585,0.4915305,1
0.25224495,0.4784204,0
0.37959453,0.482996,0
0.30176124,0.47197855,0
0.25911456,0.48968872,0
0.29467747,0.4884167,1
0.27824894,0.49065825,1
0.2444761,0.49215063,1
0.31605315,0.4834634,0
0.33870777,0.49669227,0
0.23256658,0.48446384,1
0.30069375,0.47810403,0
0.34682262,0.49820092,1
0.35542828,0.48168352,0
0.22326559,0.4873159,1
0.22642548,0.48920026,1
0.26667845,0.4809073,0
0.29317972,0.49646065,1
0.1900151,0.46829495,1
0.2920987,0.46578193,0
0.24927887,0.489035,1
0.3723454,0.480859,0
0.2615146,0.4965004,1
0.28629947,0.48515067,0
0.2873212,0.4898971,1
0.21435529,0.4842892,1
0.29899856,0.4810044,0
0.20993693,0.47989509,0
0.32398242,0.48679408,0
0.14705986,0.46238938,1
0.3271071,0.4842354,0
0.29437897,0.4838314,1
0.27304295,0.4871602,0
0.24103962,0.49427903,1
0.24490295,0.48718402,1
0.29689586,0.4794521,1
0.27553695,0.48037192,0
0.2590482,0.48581138,0
0.33013475,0.4723517,0
0.22240227,0.48721418,1
0.2709407,0.47731408,1
0.26992938,0.48471645,0
0.2815414,0.48518372,1
0.29080027,0.4895079,1
0.2924224,0.47423235,0
0.2820037,0.48400974,0
0.32888848,0.4799995,0
0.28991002,0.48567107,1
0.30611414,0.4756739,0
0.34141722,0.48878738,1
0.33424038,0.48373556,0
0.31254673,0.4760007,0
0.27485633,0.4857669,0
0.2887894,0.47664937,0
0.26672283,0.48147807,0
0.16716403,0.47620872,1
0.26334858,0.48732066,0
0.29673672,0.47314474,0
0.23256317,0.47731033,1
0.24126822,0.46342173,0
0.3011067,0.48557296,0
0.34071377,0.4806,0
0.391011,0.48219085,0
0.21860938,0.48185363,1
0.29829258,0.47531012,1
0.39837003,0.49707735,0
0.2871608,0.48224333,0
0.24158287,0.4624186,0
0.3024001,0.4870477,0
0.2980252,0.48855603,0
0.2538305,0.4868063,1
0.28237164,0.4892967,1
0.3123464,0.4879599,0
0.2537132,0.47447935,0
0.30976906,0.48787618,0
0.1983903,0.4896811,1
0.32544345,0.47659326,0
0.36420783,0.48592958,0
0.31440538,0.48896942,1
0.26598436,0.474231,0
0.28516892,0.4821554,0
0.29385662,0.47764412,0
0.29519525,0.49311268,0
0.2982604,0.4714196,0
0.3419069,0.47751316,1
0.19903146,0.4830033,1
0.26747078,0.48017898,0
0.2522869,0.4966029,0
0.29298785,0.48566517,1
0.3377709,0.47941232,1
0.23970255,0.4878583,1
0.33073047,0.5009976,1
0.3138368,0.47652563,0
0.3353117,0.4880254,0
0.28684378,0.47235098,0
0.24950862,0.4737389,0
0.23894377,0.4824415,1
0.27465922,0.4768177,1
0.26628947,0.48817945,1
0.29148215,0.4738414,0
0.37427253,0.4873755,1
0.37314826,0.49225283,0
0.32237658,0.49383497,1
0.27141577,0.49335304,1
0.2879491,0.46865582,0
0.27323046,0.48007783,0
0.27096784,0.47880897,0
0.3615888,0.489452,1
0.21000475,0.4627799,1
0.3388548,0.48467708,0
0.25371382,0.4883152,0
0.272289,0.4815623,0
0.294873,0.47957006,0
0.2063421,0.4863287,1
0.27729154,0.47865978,0
0.32080466,0.4813145,0
0.3111202,0.49119794,0
0.32834226,0.48250532,1
0.23897941,0.47604966,1
0.30900064,0.48487583,0
0.26615793,0.48260438,1
0.3019374,0.46866938,0
0.31330237,0.47231397,0
0.24265033,0.47414485,0
0.3388912,0.49226156,1
0.23118171,0.49091458,0
0.29897007,0.47173104,0
0.2843745,0.48953333,0
0.27025342,0.47400704,0
0.2965818,0.47605965,0
0.31526622,0.48686954,1
0.23732333,0.481423,1
0.24903722,0.4992862,1
0.29256475,0.48285198,0
0.2648203,0.4882319,0
0.30339545,0.49369475,1
0.38824505,0.49318978,0
0.37474903,0.49745342,0
0.30134344,0.48084638,1
0.30641368,0.49827957,1
0.26930025,0.48154345,1
0.21430486,0.4954904,1
0.2807306,0.48176265,1
0.32856178,0.47964725,0
0.2885473,0.47335145,0
0.272421,0.48633203,0
0.2928934,0.48215023,0
0.29475492,0.48296753,1
0.2327716,0.49287462,1
0.2560579,0.48508945,0
0.20406507,0.48878694,1
0.34604603,0.4901633,0
0.33110815,0.47744134,0
0.25473362,0.47959986,1
0.32671916,0.4815654,1
0.26930088,0.47264007,0
0.36381197,0.4917982,0
0.2460511,0.474388,0
0.28870988,0.474166,0
0.20640081,0.48984906,1
0.30027574,0.46825054,0
0.3234092,0.48933482,0
0.26507488,0.4743688,1
0.3519836,0.49424943,0
0.23648323,0.48959038,1
0.24195457,0.48173833,1
0.32470036,0.476909,0
0.28605634,0.47768545,0
0.16367479,0.4789908,1
0.30455205,0.48518482,0
0.24817125,0.48670772,0
0.30399722,0.47565794,0
0.3048261,0.47640812,0
0.31006077,0.48010346,1
0.29276273,0.4761959,0
0.31505817,0.47542787,0
0.25791708,0.48612502,0
0.35711533,0.4666518,1
0.23097712,0.4746879,0
0.26180908,0.47871947,1
0.30222404,0.48931482,1
0.29081768,0.47841108,0
0.3280326,0.4877933,0
0.28050503,0.47651872,0
0.31800252,0.47801042,0
0.3070622,0.47257364,0
0.22230344,0.47727266,0
0.28161803,0.46861216,0
0.37461567,0.49876055,0
0.32766008,0.48311353,1
0.2889892,0.4762131,0
0.4666847,0.49535552,0
0.24211147,0.48084626,1
0.2629655,0.48379615,0
0.37533557,0.49918,1
0.17485473,0.48399642,1
0.27434933,0.4787961,0
0.302694,0.48649487,1
0.29510152,0.4743741,0
0.24245659,0.47205094,1
0.34451962,0.49303904,0
0.2618124,0.464674,0
0.26866966,0.46473733,0
0.3879407,0.4917046,0
0.29015702,0.46865132,1
0.21248905,0.47846064,0
0.31978983,0.48125437,0
0.31657052,0.47852567,0
0.32119128,0.4819039,0
0.31387734,0.47912848,0
0.27633393,0.48855448,1
0.20188336,0.48724142,1
0.29082823,0.4772537,0
0.3320852,0.48873517,0
0.1841486,0.47392055,1
0.31752512,0.47093868,0
0.3125776,0.48879924,1
0.22850305,0.4752872,0
0.30005074,0.48964575,1
0.24696693,0.48229966,1
0.31529588,0.4871558,0
0.26611775,0.48314023,0
0.26198894,0.48950365,0
0.2770239,0.491496,1
0.3311112,0.47334597,0
0.29947412,0.49592474,0
0.2997553,0.48945546,0
0.2943958,0.4875978,1
0.34416056,0.48236215,0
0.27372748,0.47649655,1
0.28719103,0.49092588,0
0.32308584,0.49223128,0
0.2578947,0.4638506,0
0.2910226,0.48483977,0
0.2519759,0.47174942,0
0.3162071,0.46956396,0
0.30266938,0.49199703,1
0.26790062,0.4808719,0
0.25846854,0.4690868,0
0.281974,0.4798372,0
0.25562578,0.48980352,1
0.2858415,0.4801434,0
0.31038964,0.47690782,1
0.29853415,0.48499754,0
0.31758815,0.49332687,1
0.27105343,0.49581918,1
0.27163216,0.48178306,0
0.29404655,0.47164297,0
0.2800921,0.4905868,1
0.31806517,0.49213085,1
0.345034,0.4797015,0
0.22617221,0.4943696,1
0.26715958,0.48746058,0
0.32461122,0.4908425,0
0.28300017,0.47619912,0
0.32518035,0.49270085,1
0.30651087,0.4838977,1
0.23938768,0.48827693,1
0.34145328,0.48237458,0
0.26461247,0.4752295,1
0.28247142,0.47461572,0
0.2827418,0.4827367,0
0.21041946,0.48326907,0
0.30768287,0.4851348,1
0.25040102,0.4870422,0
0.28306386,0.48586312,0
0.27026823,0.49281263,1
0.29251972,0.47906494,0
0.33039683,0.48204017,0
0.33612347,0.47092918,0
0.29987752,0.48279712,0
0.34020635,0.48102736,1
0.26180732,0.47666433,0
0.2887049,0.47358873,0
0.29761052,0.48821166,1
0.30727062,0.4789133,0
0.3126393,0.48479843,0
0.24785814,0.4890026,1
0.26498458,0.48257062,0
0.31253412,0.48948565,1
0.3188721,0.48623216,0
0.2773019,0.47327256,0
0.22004618,0.47532758,1
0.27284807,0.485767,0
0.32497734,0.4711118,1
0.29388052,0.47766098,1
0.29391986,0.478938,0
0.28379104,0.47848722,0
0.3338267,0.48304558,1
0.19793133,0.48346472,1
0.30678457,0.4871688,1
0.20675972,0.4839923,1
0.28870946,0.47358122,0
0.28805372,0.47700095,0
0.24261594,0.4800111,0
0.31751907,0.4861157,1
0.28075463,0.48181856,1
0.31887028,0.48391226,1
0.26936424,0.4965087,1
0.32351324,0.4872751,0
0.3208024,0.48222867,0
0.33231726,0.4770577,0
0.31954268,0.4851288,1
0.28285766,0.48820305,0
0.30475658,0.47465035,1
0.25867036,0.49512443,1
0.3191813,0.49598595,0
0.22687143,0.48543116,1
0.24770786,0.4840537,0
0.2541516,0.49204335,1
0.2581396,0.47460344,0
0.33794934,0.4861462,1
0.24248664,0.48614088,0
0.18894899,0.48550358,0
0.28738776,0.47581816,0
0.24014205,0.49219275,1
